<?xml version="1.0" encoding="UTF-8" standalone="yes"?>
<gpx
 xmlns="http://www.topografix.com/GPX/1/1"
 creator="OziExplorer Version 3955k - http://www.oziexplorer.com"
 version="1.1"
 xmlns:xsi="http://www.w3.org/2001/XMLSchema-instance"
 xsi:schemaLocation="http://www.topografix.com/GPX/1/1 http://www.topografix.com/GPX/1/1/gpx.xsd">
<metadata>
 <time>2014-03-20T14:21:26Z</time>
 <bounds minlat="44.829780" minlon="8.982800" maxlat="44.887700" maxlon="9.071290"/>
</metadata>
<wpt lat="44.8868384" lon="8.9828010">
 <time>2010-08-25T10:36:46.065Z</time>
 <name>VOLPEDO</name>
 <sym>Flag, Blue</sym>
</wpt>
<wpt lat="44.8629624" lon="9.0096123">
 <time>2010-08-25T10:37:52.083Z</time>
 <name>ZEBEDASSI</name>
 <sym>City (Small)</sym>
</wpt>
<wpt lat="44.8383495" lon="9.0344290">
 <time>2010-08-25T10:38:31.022Z</time>
 <name>MOMPERONE</name>
 <sym>City (Small)</sym>
</wpt>
<wpt lat="44.8297892" lon="9.0712683">
 <time>2010-08-25T10:39:27.020Z</time>
 <name>SERRA DEL MONTE</name>
 <sym>Flag, Red</sym>
</wpt>
<trk>
<name>SENTIERO 102</name>
 <desc>SENTIERO 102</desc>
<trkseg>
<trkpt lat="44.8868800" lon="8.9828000">
<ele>181.356003</ele>
<time>2008-05-27T07:42:46.099Z</time>
</trkpt>
<trkpt lat="44.8869500" lon="8.9828900">
<ele>181.356003</ele>
<time>2008-05-27T07:42:49.097Z</time>
</trkpt>
<trkpt lat="44.8870400" lon="8.9830000">
<ele>181.356003</ele>
<time>2008-05-27T07:42:53.004Z</time>
</trkpt>
<trkpt lat="44.8871300" lon="8.9831000">
<ele>181.813202</ele>
<time>2008-05-27T07:42:56.002Z</time>
</trkpt>
<trkpt lat="44.8871900" lon="8.9831800">
<ele>181.813202</ele>
<time>2008-05-27T07:42:59.000Z</time>
</trkpt>
<trkpt lat="44.8871500" lon="8.9833400">
<ele>181.813202</ele>
<time>2008-05-27T07:43:04.002Z</time>
</trkpt>
<trkpt lat="44.8870700" lon="8.9834600">
<ele>180.868332</ele>
<time>2008-05-27T07:43:07.000Z</time>
</trkpt>
<trkpt lat="44.8870100" lon="8.9835700">
<ele>180.380630</ele>
<time>2008-05-27T07:43:08.096Z</time>
</trkpt>
<trkpt lat="44.8869500" lon="8.9836700">
<ele>179.435760</ele>
<time>2008-05-27T07:43:11.001Z</time>
</trkpt>
<trkpt lat="44.8868900" lon="8.9837800">
<ele>179.435760</ele>
<time>2008-05-27T07:43:12.096Z</time>
</trkpt>
<trkpt lat="44.8868200" lon="8.9839100">
<ele>179.435760</ele>
<time>2008-05-27T07:43:16.003Z</time>
</trkpt>
<trkpt lat="44.8867500" lon="8.9840400">
<ele>179.892960</ele>
<time>2008-05-27T07:43:19.001Z</time>
</trkpt>
<trkpt lat="44.8866900" lon="8.9841400">
<ele>179.892960</ele>
<time>2008-05-27T07:43:20.097Z</time>
</trkpt>
<trkpt lat="44.8866200" lon="8.9842600">
<ele>180.380630</ele>
<time>2008-05-27T07:43:23.002Z</time>
</trkpt>
<trkpt lat="44.8865500" lon="8.9843900">
<ele>180.868332</ele>
<time>2008-05-27T07:43:24.097Z</time>
</trkpt>
<trkpt lat="44.8864800" lon="8.9845300">
<ele>181.356003</ele>
<time>2008-05-27T07:43:27.002Z</time>
</trkpt>
<trkpt lat="44.8864100" lon="8.9846500">
<ele>180.868332</ele>
<time>2008-05-27T07:43:28.098Z</time>
</trkpt>
<trkpt lat="44.8863500" lon="8.9847600">
<ele>180.868332</ele>
<time>2008-05-27T07:43:31.002Z</time>
</trkpt>
<trkpt lat="44.8862800" lon="8.9848700">
<ele>180.868332</ele>
<time>2008-05-27T07:43:32.098Z</time>
</trkpt>
<trkpt lat="44.8862200" lon="8.9849900">
<ele>180.868332</ele>
<time>2008-05-27T07:43:35.003Z</time>
</trkpt>
<trkpt lat="44.8861500" lon="8.9851200">
<ele>181.356003</ele>
<time>2008-05-27T07:43:36.098Z</time>
</trkpt>
<trkpt lat="44.8860800" lon="8.9852600">
<ele>180.868332</ele>
<time>2008-05-27T07:43:39.003Z</time>
</trkpt>
<trkpt lat="44.8860000" lon="8.9853900">
<ele>180.868332</ele>
<time>2008-05-27T07:43:40.099Z</time>
</trkpt>
<trkpt lat="44.8859300" lon="8.9855300">
<ele>181.356003</ele>
<time>2008-05-27T07:43:43.003Z</time>
</trkpt>
<trkpt lat="44.8858500" lon="8.9856700">
<ele>181.356003</ele>
<time>2008-05-27T07:43:44.099Z</time>
</trkpt>
<trkpt lat="44.8857800" lon="8.9858000">
<ele>181.813202</ele>
<time>2008-05-27T07:43:47.004Z</time>
</trkpt>
<trkpt lat="44.8857100" lon="8.9859300">
<ele>181.356003</ele>
<time>2008-05-27T07:43:48.099Z</time>
</trkpt>
<trkpt lat="44.8856400" lon="8.9860600">
<ele>182.300873</ele>
<time>2008-05-27T07:43:51.004Z</time>
</trkpt>
<trkpt lat="44.8855700" lon="8.9861900">
<ele>182.300873</ele>
<time>2008-05-27T07:43:53.000Z</time>
</trkpt>
<trkpt lat="44.8854900" lon="8.9863300">
<ele>182.788559</ele>
<time>2008-05-27T07:43:55.004Z</time>
</trkpt>
<trkpt lat="44.8854200" lon="8.9864700">
<ele>182.300873</ele>
<time>2008-05-27T07:43:57.000Z</time>
</trkpt>
<trkpt lat="44.8853500" lon="8.9866100">
<ele>182.788559</ele>
<time>2008-05-27T07:43:58.096Z</time>
</trkpt>
<trkpt lat="44.8852800" lon="8.9867300">
<ele>182.788559</ele>
<time>2008-05-27T07:44:01.000Z</time>
</trkpt>
<trkpt lat="44.8852200" lon="8.9868400">
<ele>182.788559</ele>
<time>2008-05-27T07:44:02.096Z</time>
</trkpt>
<trkpt lat="44.8851400" lon="8.9869800">
<ele>182.788559</ele>
<time>2008-05-27T07:44:06.003Z</time>
</trkpt>
<trkpt lat="44.8850900" lon="8.9870700">
<ele>182.788559</ele>
<time>2008-05-27T07:44:09.001Z</time>
</trkpt>
<trkpt lat="44.8850400" lon="8.9872100">
<ele>182.300873</ele>
<time>2008-05-27T07:44:44.002Z</time>
</trkpt>
<trkpt lat="44.8851000" lon="8.9873300">
<ele>182.788559</ele>
<time>2008-05-27T07:44:47.000Z</time>
</trkpt>
<trkpt lat="44.8852000" lon="8.9874400">
<ele>182.300873</ele>
<time>2008-05-27T07:44:49.098Z</time>
</trkpt>
<trkpt lat="44.8852700" lon="8.9875200">
<ele>182.300873</ele>
<time>2008-05-27T07:44:52.002Z</time>
</trkpt>
<trkpt lat="44.8853500" lon="8.9876000">
<ele>182.788559</ele>
<time>2008-05-27T07:44:53.098Z</time>
</trkpt>
<trkpt lat="44.8854300" lon="8.9876700">
<ele>182.788559</ele>
<time>2008-05-27T07:44:56.003Z</time>
</trkpt>
<trkpt lat="44.8855300" lon="8.9877800">
<ele>182.300873</ele>
<time>2008-05-27T07:44:59.001Z</time>
</trkpt>
<trkpt lat="44.8856500" lon="8.9878700">
<ele>181.356003</ele>
<time>2008-05-27T07:45:01.099Z</time>
</trkpt>
<trkpt lat="44.8857300" lon="8.9879400">
<ele>181.813202</ele>
<time>2008-05-27T07:45:04.097Z</time>
</trkpt>
<trkpt lat="44.8858400" lon="8.9880300">
<ele>181.813202</ele>
<time>2008-05-27T07:45:08.004Z</time>
</trkpt>
<trkpt lat="44.8859200" lon="8.9881200">
<ele>181.813202</ele>
<time>2008-05-27T07:45:09.099Z</time>
</trkpt>
<trkpt lat="44.8860100" lon="8.9882200">
<ele>182.300873</ele>
<time>2008-05-27T07:45:12.004Z</time>
</trkpt>
<trkpt lat="44.8861100" lon="8.9883200">
<ele>182.300873</ele>
<time>2008-05-27T07:45:14.000Z</time>
</trkpt>
<trkpt lat="44.8862200" lon="8.9884300">
<ele>182.300873</ele>
<time>2008-05-27T07:45:16.004Z</time>
</trkpt>
<trkpt lat="44.8863200" lon="8.9885400">
<ele>182.788559</ele>
<time>2008-05-27T07:45:18.000Z</time>
</trkpt>
<trkpt lat="44.8864200" lon="8.9886500">
<ele>183.276230</ele>
<time>2008-05-27T07:45:19.096Z</time>
</trkpt>
<trkpt lat="44.8865300" lon="8.9887600">
<ele>183.276230</ele>
<time>2008-05-27T07:45:22.000Z</time>
</trkpt>
<trkpt lat="44.8866300" lon="8.9888700">
<ele>182.788559</ele>
<time>2008-05-27T07:45:23.096Z</time>
</trkpt>
<trkpt lat="44.8867400" lon="8.9889800">
<ele>183.276230</ele>
<time>2008-05-27T07:45:26.001Z</time>
</trkpt>
<trkpt lat="44.8868400" lon="8.9890900">
<ele>182.788559</ele>
<time>2008-05-27T07:45:27.096Z</time>
</trkpt>
<trkpt lat="44.8869500" lon="8.9892000">
<ele>184.221130</ele>
<time>2008-05-27T07:45:30.001Z</time>
</trkpt>
<trkpt lat="44.8870700" lon="8.9893100">
<ele>183.763931</ele>
<time>2008-05-27T07:45:31.097Z</time>
</trkpt>
<trkpt lat="44.8871800" lon="8.9894300">
<ele>184.221130</ele>
<time>2008-05-27T07:45:34.001Z</time>
</trkpt>
<trkpt lat="44.8872900" lon="8.9895400">
<ele>185.196472</ele>
<time>2008-05-27T07:45:35.097Z</time>
</trkpt>
<trkpt lat="44.8874000" lon="8.9896500">
<ele>185.684158</ele>
<time>2008-05-27T07:45:38.002Z</time>
</trkpt>
<trkpt lat="44.8874900" lon="8.9897600">
<ele>185.684158</ele>
<time>2008-05-27T07:45:39.097Z</time>
</trkpt>
<trkpt lat="44.8875800" lon="8.9898500">
<ele>186.141357</ele>
<time>2008-05-27T07:45:42.002Z</time>
</trkpt>
<trkpt lat="44.8876600" lon="8.9899300">
<ele>186.141357</ele>
<time>2008-05-27T07:45:43.098Z</time>
</trkpt>
<trkpt lat="44.8877000" lon="8.9899900">
<ele>186.629044</ele>
<time>2008-05-27T07:46:05.002Z</time>
</trkpt>
<trkpt lat="44.8876900" lon="8.9901600">
<ele>187.604401</ele>
<time>2008-05-27T07:46:10.004Z</time>
</trkpt>
<trkpt lat="44.8876400" lon="8.9902700">
<ele>188.061600</ele>
<time>2008-05-27T07:46:12.000Z</time>
</trkpt>
<trkpt lat="44.8875800" lon="8.9903800">
<ele>188.061600</ele>
<time>2008-05-27T07:46:13.096Z</time>
</trkpt>
<trkpt lat="44.8875100" lon="8.9905200">
<ele>188.549271</ele>
<time>2008-05-27T07:46:16.000Z</time>
</trkpt>
<trkpt lat="44.8874300" lon="8.9906600">
<ele>188.549271</ele>
<time>2008-05-27T07:46:17.096Z</time>
</trkpt>
<trkpt lat="44.8873600" lon="8.9908000">
<ele>189.036957</ele>
<time>2008-05-27T07:46:20.001Z</time>
</trkpt>
<trkpt lat="44.8872700" lon="8.9909500">
<ele>189.524643</ele>
<time>2008-05-27T07:46:21.096Z</time>
</trkpt>
<trkpt lat="44.8871900" lon="8.9911100">
<ele>190.012329</ele>
<time>2008-05-27T07:46:24.001Z</time>
</trkpt>
<trkpt lat="44.8871000" lon="8.9912700">
<ele>190.012329</ele>
<time>2008-05-27T07:46:25.097Z</time>
</trkpt>
<trkpt lat="44.8870100" lon="8.9914200">
<ele>190.469528</ele>
<time>2008-05-27T07:46:28.001Z</time>
</trkpt>
<trkpt lat="44.8869100" lon="8.9915500">
<ele>190.012329</ele>
<time>2008-05-27T07:46:29.097Z</time>
</trkpt>
<trkpt lat="44.8868200" lon="8.9916700">
<ele>190.012329</ele>
<time>2008-05-27T07:46:32.002Z</time>
</trkpt>
<trkpt lat="44.8867400" lon="8.9918100">
<ele>190.469528</ele>
<time>2008-05-27T07:46:33.097Z</time>
</trkpt>
<trkpt lat="44.8866500" lon="8.9919600">
<ele>191.444870</ele>
<time>2008-05-27T07:46:36.002Z</time>
</trkpt>
<trkpt lat="44.8865600" lon="8.9921200">
<ele>190.957199</ele>
<time>2008-05-27T07:46:37.098Z</time>
</trkpt>
<trkpt lat="44.8864700" lon="8.9922900">
<ele>190.957199</ele>
<time>2008-05-27T07:46:40.002Z</time>
</trkpt>
<trkpt lat="44.8863800" lon="8.9924400">
<ele>191.444870</ele>
<time>2008-05-27T07:46:41.098Z</time>
</trkpt>
<trkpt lat="44.8862900" lon="8.9926100">
<ele>191.444870</ele>
<time>2008-05-27T07:46:44.003Z</time>
</trkpt>
<trkpt lat="44.8862100" lon="8.9927800">
<ele>191.932556</ele>
<time>2008-05-27T07:46:45.098Z</time>
</trkpt>
<trkpt lat="44.8861200" lon="8.9929500">
<ele>191.932556</ele>
<time>2008-05-27T07:46:48.003Z</time>
</trkpt>
<trkpt lat="44.8860300" lon="8.9931300">
<ele>191.444870</ele>
<time>2008-05-27T07:46:49.099Z</time>
</trkpt>
<trkpt lat="44.8859500" lon="8.9932800">
<ele>191.444870</ele>
<time>2008-05-27T07:46:52.003Z</time>
</trkpt>
<trkpt lat="44.8858800" lon="8.9934300">
<ele>191.444870</ele>
<time>2008-05-27T07:46:53.099Z</time>
</trkpt>
<trkpt lat="44.8858100" lon="8.9935600">
<ele>191.444870</ele>
<time>2008-05-27T07:46:56.004Z</time>
</trkpt>
<trkpt lat="44.8857500" lon="8.9936600">
<ele>190.957199</ele>
<time>2008-05-27T07:46:59.002Z</time>
</trkpt>
<trkpt lat="44.8857200" lon="8.9937100">
<ele>190.957199</ele>
<time>2008-05-27T07:47:38.003Z</time>
</trkpt>
<trkpt lat="44.8856800" lon="8.9937500">
<ele>190.469528</ele>
<time>2008-05-27T07:49:26.003Z</time>
</trkpt>
<trkpt lat="44.8855900" lon="8.9938600">
<ele>190.957199</ele>
<time>2008-05-27T07:49:29.001Z</time>
</trkpt>
<trkpt lat="44.8855200" lon="8.9939500">
<ele>191.932556</ele>
<time>2008-05-27T07:49:30.096Z</time>
</trkpt>
<trkpt lat="44.8854400" lon="8.9940300">
<ele>190.957199</ele>
<time>2008-05-27T07:49:33.001Z</time>
</trkpt>
<trkpt lat="44.8853500" lon="8.9941200">
<ele>191.444870</ele>
<time>2008-05-27T07:49:34.097Z</time>
</trkpt>
<trkpt lat="44.8853300" lon="8.9942500">
<ele>191.444870</ele>
<time>2008-05-27T07:49:37.001Z</time>
</trkpt>
<trkpt lat="44.8852000" lon="8.9943000">
<ele>191.932556</ele>
<time>2008-05-27T07:49:38.097Z</time>
</trkpt>
<trkpt lat="44.8850500" lon="8.9943300">
<ele>191.932556</ele>
<time>2008-05-27T07:49:41.002Z</time>
</trkpt>
<trkpt lat="44.8849000" lon="8.9943600">
<ele>192.389771</ele>
<time>2008-05-27T07:49:42.097Z</time>
</trkpt>
<trkpt lat="44.8847400" lon="8.9943900">
<ele>192.877441</ele>
<time>2008-05-27T07:49:45.002Z</time>
</trkpt>
<trkpt lat="44.8845900" lon="8.9944100">
<ele>192.389771</ele>
<time>2008-05-27T07:49:46.098Z</time>
</trkpt>
<trkpt lat="44.8844300" lon="8.9944300">
<ele>192.389771</ele>
<time>2008-05-27T07:49:49.002Z</time>
</trkpt>
<trkpt lat="44.8842800" lon="8.9944500">
<ele>192.877441</ele>
<time>2008-05-27T07:49:50.098Z</time>
</trkpt>
<trkpt lat="44.8841200" lon="8.9944800">
<ele>192.389771</ele>
<time>2008-05-27T07:49:53.003Z</time>
</trkpt>
<trkpt lat="44.8839900" lon="8.9945500">
<ele>191.932556</ele>
<time>2008-05-27T07:49:54.098Z</time>
</trkpt>
<trkpt lat="44.8838700" lon="8.9946200">
<ele>191.932556</ele>
<time>2008-05-27T07:49:57.003Z</time>
</trkpt>
<trkpt lat="44.8837600" lon="8.9946900">
<ele>192.389771</ele>
<time>2008-05-27T07:49:58.099Z</time>
</trkpt>
<trkpt lat="44.8836600" lon="8.9948000">
<ele>191.932556</ele>
<time>2008-05-27T07:50:01.003Z</time>
</trkpt>
<trkpt lat="44.8835700" lon="8.9949200">
<ele>191.932556</ele>
<time>2008-05-27T07:50:02.099Z</time>
</trkpt>
<trkpt lat="44.8834800" lon="8.9950700">
<ele>192.877441</ele>
<time>2008-05-27T07:50:05.004Z</time>
</trkpt>
<trkpt lat="44.8834100" lon="8.9952400">
<ele>192.389771</ele>
<time>2008-05-27T07:50:06.099Z</time>
</trkpt>
<trkpt lat="44.8833500" lon="8.9954300">
<ele>192.389771</ele>
<time>2008-05-27T07:50:09.004Z</time>
</trkpt>
<trkpt lat="44.8833000" lon="8.9956300">
<ele>192.389771</ele>
<time>2008-05-27T07:50:11.000Z</time>
</trkpt>
<trkpt lat="44.8832500" lon="8.9958300">
<ele>192.877441</ele>
<time>2008-05-27T07:50:13.004Z</time>
</trkpt>
<trkpt lat="44.8832200" lon="8.9960400">
<ele>193.365128</ele>
<time>2008-05-27T07:50:15.000Z</time>
</trkpt>
<trkpt lat="44.8831800" lon="8.9962800">
<ele>193.852798</ele>
<time>2008-05-27T07:50:16.096Z</time>
</trkpt>
<trkpt lat="44.8831500" lon="8.9965100">
<ele>193.852798</ele>
<time>2008-05-27T07:50:19.000Z</time>
</trkpt>
<trkpt lat="44.8831100" lon="8.9967400">
<ele>193.852798</ele>
<time>2008-05-27T07:50:20.096Z</time>
</trkpt>
<trkpt lat="44.8830500" lon="8.9969500">
<ele>194.797668</ele>
<time>2008-05-27T07:50:23.001Z</time>
</trkpt>
<trkpt lat="44.8829800" lon="8.9971400">
<ele>194.797668</ele>
<time>2008-05-27T07:50:24.096Z</time>
</trkpt>
<trkpt lat="44.8828800" lon="8.9973100">
<ele>195.285370</ele>
<time>2008-05-27T07:50:27.001Z</time>
</trkpt>
<trkpt lat="44.8827500" lon="8.9974500">
<ele>195.773041</ele>
<time>2008-05-27T07:50:28.097Z</time>
</trkpt>
<trkpt lat="44.8826100" lon="8.9975800">
<ele>195.773041</ele>
<time>2008-05-27T07:50:31.001Z</time>
</trkpt>
<trkpt lat="44.8824500" lon="8.9977000">
<ele>194.797668</ele>
<time>2008-05-27T07:50:32.097Z</time>
</trkpt>
<trkpt lat="44.8823000" lon="8.9978000">
<ele>195.285370</ele>
<time>2008-05-27T07:50:35.002Z</time>
</trkpt>
<trkpt lat="44.8821400" lon="8.9978700">
<ele>193.852798</ele>
<time>2008-05-27T07:50:36.097Z</time>
</trkpt>
<trkpt lat="44.8819700" lon="8.9979000">
<ele>193.852798</ele>
<time>2008-05-27T07:50:39.002Z</time>
</trkpt>
<trkpt lat="44.8818100" lon="8.9979000">
<ele>193.852798</ele>
<time>2008-05-27T07:50:40.098Z</time>
</trkpt>
<trkpt lat="44.8816400" lon="8.9978900">
<ele>194.309998</ele>
<time>2008-05-27T07:50:43.002Z</time>
</trkpt>
<trkpt lat="44.8814600" lon="8.9978900">
<ele>193.365128</ele>
<time>2008-05-27T07:50:44.098Z</time>
</trkpt>
<trkpt lat="44.8812800" lon="8.9978800">
<ele>193.852798</ele>
<time>2008-05-27T07:50:47.003Z</time>
</trkpt>
<trkpt lat="44.8811900" lon="8.9978800">
<ele>193.852798</ele>
<time>2008-05-27T07:50:47.096Z</time>
</trkpt>
<trkpt lat="44.8811000" lon="8.9978700">
<ele>193.852798</ele>
<time>2008-05-27T07:50:48.098Z</time>
</trkpt>
<trkpt lat="44.8810100" lon="8.9978600">
<ele>193.852798</ele>
<time>2008-05-27T07:50:50.001Z</time>
</trkpt>
<trkpt lat="44.8809100" lon="8.9978500">
<ele>194.797668</ele>
<time>2008-05-27T07:50:51.003Z</time>
</trkpt>
<trkpt lat="44.8808200" lon="8.9978500">
<ele>194.309998</ele>
<time>2008-05-27T07:50:51.096Z</time>
</trkpt>
<trkpt lat="44.8807300" lon="8.9978400">
<ele>193.852798</ele>
<time>2008-05-27T07:50:52.099Z</time>
</trkpt>
<trkpt lat="44.8806300" lon="8.9978300">
<ele>194.309998</ele>
<time>2008-05-27T07:50:54.001Z</time>
</trkpt>
<trkpt lat="44.8805400" lon="8.9978300">
<ele>194.309998</ele>
<time>2008-05-27T07:50:55.003Z</time>
</trkpt>
<trkpt lat="44.8804500" lon="8.9978200">
<ele>194.797668</ele>
<time>2008-05-27T07:50:55.097Z</time>
</trkpt>
<trkpt lat="44.8803600" lon="8.9978100">
<ele>194.797668</ele>
<time>2008-05-27T07:50:56.099Z</time>
</trkpt>
<trkpt lat="44.8802700" lon="8.9978000">
<ele>195.285370</ele>
<time>2008-05-27T07:50:58.001Z</time>
</trkpt>
<trkpt lat="44.8801000" lon="8.9977800">
<ele>194.309998</ele>
<time>2008-05-27T07:50:59.097Z</time>
</trkpt>
<trkpt lat="44.8799400" lon="8.9977700">
<ele>193.852798</ele>
<time>2008-05-27T07:51:02.002Z</time>
</trkpt>
<trkpt lat="44.8797800" lon="8.9977100">
<ele>192.877441</ele>
<time>2008-05-27T07:51:03.097Z</time>
</trkpt>
<trkpt lat="44.8796400" lon="8.9976200">
<ele>194.309998</ele>
<time>2008-05-27T07:51:06.002Z</time>
</trkpt>
<trkpt lat="44.8795000" lon="8.9975000">
<ele>194.309998</ele>
<time>2008-05-27T07:51:07.098Z</time>
</trkpt>
<trkpt lat="44.8793700" lon="8.9973600">
<ele>195.285370</ele>
<time>2008-05-27T07:51:10.002Z</time>
</trkpt>
<trkpt lat="44.8792300" lon="8.9972400">
<ele>195.285370</ele>
<time>2008-05-27T07:51:11.098Z</time>
</trkpt>
<trkpt lat="44.8790900" lon="8.9971400">
<ele>194.797668</ele>
<time>2008-05-27T07:51:14.003Z</time>
</trkpt>
<trkpt lat="44.8789600" lon="8.9970500">
<ele>194.797668</ele>
<time>2008-05-27T07:51:15.098Z</time>
</trkpt>
<trkpt lat="44.8788300" lon="8.9969900">
<ele>194.797668</ele>
<time>2008-05-27T07:51:18.003Z</time>
</trkpt>
<trkpt lat="44.8787000" lon="8.9969600">
<ele>194.797668</ele>
<time>2008-05-27T07:51:19.099Z</time>
</trkpt>
<trkpt lat="44.8785800" lon="8.9969900">
<ele>194.797668</ele>
<time>2008-05-27T07:51:22.003Z</time>
</trkpt>
<trkpt lat="44.8784600" lon="8.9970400">
<ele>194.797668</ele>
<time>2008-05-27T07:51:23.099Z</time>
</trkpt>
<trkpt lat="44.8783300" lon="8.9971200">
<ele>195.285370</ele>
<time>2008-05-27T07:51:26.004Z</time>
</trkpt>
<trkpt lat="44.8781900" lon="8.9972200">
<ele>195.285370</ele>
<time>2008-05-27T07:51:27.099Z</time>
</trkpt>
<trkpt lat="44.8780400" lon="8.9973400">
<ele>195.773041</ele>
<time>2008-05-27T07:51:30.004Z</time>
</trkpt>
<trkpt lat="44.8778900" lon="8.9974500">
<ele>196.260727</ele>
<time>2008-05-27T07:51:32.000Z</time>
</trkpt>
<trkpt lat="44.8777300" lon="8.9975700">
<ele>195.773041</ele>
<time>2008-05-27T07:51:34.004Z</time>
</trkpt>
<trkpt lat="44.8775700" lon="8.9976900">
<ele>196.260727</ele>
<time>2008-05-27T07:51:36.000Z</time>
</trkpt>
<trkpt lat="44.8774200" lon="8.9978000">
<ele>197.205597</ele>
<time>2008-05-27T07:51:37.096Z</time>
</trkpt>
<trkpt lat="44.8772700" lon="8.9979100">
<ele>198.180969</ele>
<time>2008-05-27T07:51:40.000Z</time>
</trkpt>
<trkpt lat="44.8771200" lon="8.9980200">
<ele>199.125839</ele>
<time>2008-05-27T07:51:41.096Z</time>
</trkpt>
<trkpt lat="44.8769700" lon="8.9981300">
<ele>200.558395</ele>
<time>2008-05-27T07:51:44.001Z</time>
</trkpt>
<trkpt lat="44.8768200" lon="8.9982400">
<ele>201.046066</ele>
<time>2008-05-27T07:51:45.096Z</time>
</trkpt>
<trkpt lat="44.8766600" lon="8.9983600">
<ele>202.021439</ele>
<time>2008-05-27T07:51:48.001Z</time>
</trkpt>
<trkpt lat="44.8765800" lon="8.9984200">
<ele>202.021439</ele>
<time>2008-05-27T07:51:49.003Z</time>
</trkpt>
<trkpt lat="44.8765000" lon="8.9984800">
<ele>202.509125</ele>
<time>2008-05-27T07:51:49.097Z</time>
</trkpt>
<trkpt lat="44.8764200" lon="8.9985400">
<ele>203.453995</ele>
<time>2008-05-27T07:51:50.099Z</time>
</trkpt>
<trkpt lat="44.8763400" lon="8.9986000">
<ele>203.453995</ele>
<time>2008-05-27T07:51:52.001Z</time>
</trkpt>
<trkpt lat="44.8761800" lon="8.9987100">
<ele>202.509125</ele>
<time>2008-05-27T07:51:53.097Z</time>
</trkpt>
<trkpt lat="44.8760400" lon="8.9988200">
<ele>203.453995</ele>
<time>2008-05-27T07:51:56.002Z</time>
</trkpt>
<trkpt lat="44.8759100" lon="8.9989200">
<ele>203.453995</ele>
<time>2008-05-27T07:51:57.097Z</time>
</trkpt>
<trkpt lat="44.8757700" lon="8.9990200">
<ele>202.966324</ele>
<time>2008-05-27T07:52:00.002Z</time>
</trkpt>
<trkpt lat="44.8756300" lon="8.9991200">
<ele>203.453995</ele>
<time>2008-05-27T07:52:01.098Z</time>
</trkpt>
<trkpt lat="44.8755000" lon="8.9992200">
<ele>203.941666</ele>
<time>2008-05-27T07:52:04.002Z</time>
</trkpt>
<trkpt lat="44.8753700" lon="8.9993200">
<ele>203.941666</ele>
<time>2008-05-27T07:52:05.098Z</time>
</trkpt>
<trkpt lat="44.8752400" lon="8.9994200">
<ele>203.941666</ele>
<time>2008-05-27T07:52:08.003Z</time>
</trkpt>
<trkpt lat="44.8751000" lon="8.9995300">
<ele>203.453995</ele>
<time>2008-05-27T07:52:09.098Z</time>
</trkpt>
<trkpt lat="44.8749900" lon="8.9996300">
<ele>203.453995</ele>
<time>2008-05-27T07:52:12.003Z</time>
</trkpt>
<trkpt lat="44.8749000" lon="8.9997000">
<ele>202.509125</ele>
<time>2008-05-27T07:52:13.099Z</time>
</trkpt>
<trkpt lat="44.8748400" lon="8.9997700">
<ele>202.509125</ele>
<time>2008-05-27T07:52:16.097Z</time>
</trkpt>
<trkpt lat="44.8748100" lon="8.9999100">
<ele>202.509125</ele>
<time>2008-05-27T07:52:21.099Z</time>
</trkpt>
<trkpt lat="44.8747900" lon="9.0000500">
<ele>202.966324</ele>
<time>2008-05-27T07:52:24.097Z</time>
</trkpt>
<trkpt lat="44.8747500" lon="9.0001900">
<ele>202.966324</ele>
<time>2008-05-27T07:52:34.000Z</time>
</trkpt>
<trkpt lat="44.8747000" lon="9.0003100">
<ele>204.429367</ele>
<time>2008-05-27T07:52:36.098Z</time>
</trkpt>
<trkpt lat="44.8746300" lon="9.0003900">
<ele>205.374237</ele>
<time>2008-05-27T07:52:40.099Z</time>
</trkpt>
<trkpt lat="44.8745400" lon="9.0004500">
<ele>206.806793</ele>
<time>2008-05-27T07:52:44.099Z</time>
</trkpt>
<trkpt lat="44.8744200" lon="9.0004500">
<ele>207.294479</ele>
<time>2008-05-27T07:52:48.099Z</time>
</trkpt>
<trkpt lat="44.8743300" lon="9.0004600">
<ele>208.757523</ele>
<time>2008-05-27T07:52:51.097Z</time>
</trkpt>
<trkpt lat="44.8742400" lon="9.0005000">
<ele>211.134964</ele>
<time>2008-05-27T07:52:55.004Z</time>
</trkpt>
<trkpt lat="44.8742200" lon="9.0006600">
<ele>212.598007</ele>
<time>2008-05-27T07:52:58.002Z</time>
</trkpt>
<trkpt lat="44.8741800" lon="9.0008100">
<ele>213.055206</ele>
<time>2008-05-27T07:53:01.000Z</time>
</trkpt>
<trkpt lat="44.8740700" lon="9.0008400">
<ele>215.950806</ele>
<time>2008-05-27T07:53:03.098Z</time>
</trkpt>
<trkpt lat="44.8739500" lon="9.0008000">
<ele>217.383362</ele>
<time>2008-05-27T07:53:06.096Z</time>
</trkpt>
<trkpt lat="44.8738300" lon="9.0008100">
<ele>219.791275</ele>
<time>2008-05-27T07:53:10.003Z</time>
</trkpt>
<trkpt lat="44.8737600" lon="9.0009400">
<ele>221.711533</ele>
<time>2008-05-27T07:53:13.001Z</time>
</trkpt>
<trkpt lat="44.8737900" lon="9.0011400">
<ele>223.631760</ele>
<time>2008-05-27T07:53:15.099Z</time>
</trkpt>
<trkpt lat="44.8738100" lon="9.0012700">
<ele>225.094803</ele>
<time>2008-05-27T07:53:18.004Z</time>
</trkpt>
<trkpt lat="44.8738300" lon="9.0014100">
<ele>227.015030</ele>
<time>2008-05-27T07:53:20.000Z</time>
</trkpt>
<trkpt lat="44.8738100" lon="9.0015600">
<ele>228.447601</ele>
<time>2008-05-27T07:53:22.098Z</time>
</trkpt>
<trkpt lat="44.8737200" lon="9.0016100">
<ele>229.880157</ele>
<time>2008-05-27T07:53:25.096Z</time>
</trkpt>
<trkpt lat="44.8735900" lon="9.0015900">
<ele>231.343201</ele>
<time>2008-05-27T07:53:29.003Z</time>
</trkpt>
<trkpt lat="44.8734900" lon="9.0015700">
<ele>232.288071</ele>
<time>2008-05-27T07:53:30.098Z</time>
</trkpt>
<trkpt lat="44.8733900" lon="9.0015400">
<ele>232.775757</ele>
<time>2008-05-27T07:53:33.003Z</time>
</trkpt>
<trkpt lat="44.8733000" lon="9.0015100">
<ele>232.775757</ele>
<time>2008-05-27T07:53:34.099Z</time>
</trkpt>
<trkpt lat="44.8732000" lon="9.0015000">
<ele>233.751129</ele>
<time>2008-05-27T07:53:37.003Z</time>
</trkpt>
<trkpt lat="44.8731100" lon="9.0015100">
<ele>232.775757</ele>
<time>2008-05-27T07:53:38.099Z</time>
</trkpt>
<trkpt lat="44.8730000" lon="9.0016400">
<ele>235.183670</ele>
<time>2008-05-27T07:53:41.097Z</time>
</trkpt>
<trkpt lat="44.8729500" lon="9.0017600">
<ele>236.128571</ele>
<time>2008-05-27T07:53:44.002Z</time>
</trkpt>
<trkpt lat="44.8729100" lon="9.0018900">
<ele>237.103928</ele>
<time>2008-05-27T07:53:45.097Z</time>
</trkpt>
<trkpt lat="44.8728700" lon="9.0020100">
<ele>237.591599</ele>
<time>2008-05-27T07:53:48.002Z</time>
</trkpt>
<trkpt lat="44.8727900" lon="9.0021500">
<ele>239.999527</ele>
<time>2008-05-27T07:53:51.000Z</time>
</trkpt>
<trkpt lat="44.8726900" lon="9.0022700">
<ele>242.376968</ele>
<time>2008-05-27T07:53:53.098Z</time>
</trkpt>
<trkpt lat="44.8726100" lon="9.0023600">
<ele>244.784866</ele>
<time>2008-05-27T07:53:56.096Z</time>
</trkpt>
<trkpt lat="44.8725000" lon="9.0024700">
<ele>247.680466</ele>
<time>2008-05-27T07:54:00.003Z</time>
</trkpt>
<trkpt lat="44.8724100" lon="9.0025500">
<ele>247.680466</ele>
<time>2008-05-27T07:54:01.099Z</time>
</trkpt>
<trkpt lat="44.8723200" lon="9.0026300">
<ele>248.625366</ele>
<time>2008-05-27T07:54:04.003Z</time>
</trkpt>
<trkpt lat="44.8722300" lon="9.0027300">
<ele>249.113037</ele>
<time>2008-05-27T07:54:05.099Z</time>
</trkpt>
<trkpt lat="44.8721400" lon="9.0028500">
<ele>251.520966</ele>
<time>2008-05-27T07:54:08.004Z</time>
</trkpt>
<trkpt lat="44.8720600" lon="9.0029800">
<ele>251.520966</ele>
<time>2008-05-27T07:54:09.099Z</time>
</trkpt>
<trkpt lat="44.8719900" lon="9.0031100">
<ele>252.953522</ele>
<time>2008-05-27T07:54:12.004Z</time>
</trkpt>
<trkpt lat="44.8719100" lon="9.0032500">
<ele>253.928879</ele>
<time>2008-05-27T07:54:14.000Z</time>
</trkpt>
<trkpt lat="44.8718400" lon="9.0034000">
<ele>254.416565</ele>
<time>2008-05-27T07:54:16.004Z</time>
</trkpt>
<trkpt lat="44.8717700" lon="9.0035400">
<ele>255.361435</ele>
<time>2008-05-27T07:54:18.000Z</time>
</trkpt>
<trkpt lat="44.8717100" lon="9.0036600">
<ele>255.849121</ele>
<time>2008-05-27T07:54:19.096Z</time>
</trkpt>
<trkpt lat="44.8716400" lon="9.0037900">
<ele>257.281677</ele>
<time>2008-05-27T07:54:23.003Z</time>
</trkpt>
<trkpt lat="44.8715600" lon="9.0039500">
<ele>258.744720</ele>
<time>2008-05-27T07:54:26.001Z</time>
</trkpt>
<trkpt lat="44.8715100" lon="9.0040800">
<ele>260.177277</ele>
<time>2008-05-27T07:54:28.099Z</time>
</trkpt>
<trkpt lat="44.8714500" lon="9.0042400">
<ele>263.072876</ele>
<time>2008-05-27T07:54:31.097Z</time>
</trkpt>
<trkpt lat="44.8714000" lon="9.0044000">
<ele>265.450317</ele>
<time>2008-05-27T07:54:35.004Z</time>
</trkpt>
<trkpt lat="44.8713500" lon="9.0045000">
<ele>266.913361</ele>
<time>2008-05-27T07:54:38.002Z</time>
</trkpt>
<trkpt lat="44.8712900" lon="9.0045900">
<ele>267.370575</ele>
<time>2008-05-27T07:55:16.000Z</time>
</trkpt>
<trkpt lat="44.8712000" lon="9.0046900">
<ele>267.858246</ele>
<time>2008-05-27T07:55:21.003Z</time>
</trkpt>
<trkpt lat="44.8711200" lon="9.0046400">
<ele>268.345917</ele>
<time>2008-05-27T07:55:37.098Z</time>
</trkpt>
<trkpt lat="44.8710300" lon="9.0045200">
<ele>269.321259</ele>
<time>2008-05-27T07:55:41.098Z</time>
</trkpt>
<trkpt lat="44.8709400" lon="9.0044500">
<ele>271.241516</ele>
<time>2008-05-27T07:55:44.096Z</time>
</trkpt>
<trkpt lat="44.8708300" lon="9.0043800">
<ele>272.674072</ele>
<time>2008-05-27T07:55:48.003Z</time>
</trkpt>
<trkpt lat="44.8707400" lon="9.0043300">
<ele>274.106628</ele>
<time>2008-05-27T07:55:49.099Z</time>
</trkpt>
<trkpt lat="44.8706200" lon="9.0042500">
<ele>274.594330</ele>
<time>2008-05-27T07:55:52.097Z</time>
</trkpt>
<trkpt lat="44.8705000" lon="9.0041700">
<ele>276.514557</ele>
<time>2008-05-27T07:55:56.004Z</time>
</trkpt>
<trkpt lat="44.8703700" lon="9.0041500">
<ele>278.434814</ele>
<time>2008-05-27T07:55:59.002Z</time>
</trkpt>
<trkpt lat="44.8702600" lon="9.0042200">
<ele>280.842712</ele>
<time>2008-05-27T07:56:02.000Z</time>
</trkpt>
<trkpt lat="44.8701800" lon="9.0043400">
<ele>283.250641</ele>
<time>2008-05-27T07:56:04.098Z</time>
</trkpt>
<trkpt lat="44.8701000" lon="9.0044900">
<ele>285.170868</ele>
<time>2008-05-27T07:56:07.096Z</time>
</trkpt>
<trkpt lat="44.8700100" lon="9.0046400">
<ele>287.578796</ele>
<time>2008-05-27T07:56:11.003Z</time>
</trkpt>
<trkpt lat="44.8699400" lon="9.0047200">
<ele>289.011353</ele>
<time>2008-05-27T07:56:12.098Z</time>
</trkpt>
<trkpt lat="44.8698400" lon="9.0048000">
<ele>291.419281</ele>
<time>2008-05-27T07:56:15.003Z</time>
</trkpt>
<trkpt lat="44.8697500" lon="9.0048500">
<ele>292.364166</ele>
<time>2008-05-27T07:56:16.099Z</time>
</trkpt>
<trkpt lat="44.8696600" lon="9.0049200">
<ele>293.339539</ele>
<time>2008-05-27T07:56:19.003Z</time>
</trkpt>
<trkpt lat="44.8695700" lon="9.0049800">
<ele>294.772064</ele>
<time>2008-05-27T07:56:20.099Z</time>
</trkpt>
<trkpt lat="44.8694700" lon="9.0050400">
<ele>296.692322</ele>
<time>2008-05-27T07:56:23.004Z</time>
</trkpt>
<trkpt lat="44.8693800" lon="9.0050900">
<ele>298.612549</ele>
<time>2008-05-27T07:56:24.099Z</time>
</trkpt>
<trkpt lat="44.8692900" lon="9.0051100">
<ele>300.075592</ele>
<time>2008-05-27T07:56:27.004Z</time>
</trkpt>
<trkpt lat="44.8692000" lon="9.0051200">
<ele>301.508179</ele>
<time>2008-05-27T07:56:29.000Z</time>
</trkpt>
<trkpt lat="44.8690900" lon="9.0051300">
<ele>302.483521</ele>
<time>2008-05-27T07:56:31.098Z</time>
</trkpt>
<trkpt lat="44.8689900" lon="9.0051100">
<ele>302.940735</ele>
<time>2008-05-27T07:56:34.002Z</time>
</trkpt>
<trkpt lat="44.8688800" lon="9.0050800">
<ele>303.428406</ele>
<time>2008-05-27T07:56:35.098Z</time>
</trkpt>
<trkpt lat="44.8687800" lon="9.0050300">
<ele>302.940735</ele>
<time>2008-05-27T07:56:38.003Z</time>
</trkpt>
<trkpt lat="44.8686900" lon="9.0049800">
<ele>304.403778</ele>
<time>2008-05-27T07:56:39.098Z</time>
</trkpt>
<trkpt lat="44.8685900" lon="9.0049200">
<ele>305.348633</ele>
<time>2008-05-27T07:56:42.003Z</time>
</trkpt>
<trkpt lat="44.8685000" lon="9.0048800">
<ele>305.348633</ele>
<time>2008-05-27T07:56:43.099Z</time>
</trkpt>
<trkpt lat="44.8683900" lon="9.0048000">
<ele>307.756561</ele>
<time>2008-05-27T07:56:46.097Z</time>
</trkpt>
<trkpt lat="44.8683000" lon="9.0047300">
<ele>307.756561</ele>
<time>2008-05-27T07:56:50.004Z</time>
</trkpt>
<trkpt lat="44.8682800" lon="9.0046700">
<ele>308.731934</ele>
<time>2008-05-27T07:59:31.001Z</time>
</trkpt>
<trkpt lat="44.8681600" lon="9.0047400">
<ele>309.676788</ele>
<time>2008-05-27T07:59:47.003Z</time>
</trkpt>
<trkpt lat="44.8680700" lon="9.0048100">
<ele>311.597046</ele>
<time>2008-05-27T07:59:50.001Z</time>
</trkpt>
<trkpt lat="44.8680000" lon="9.0049000">
<ele>313.060059</ele>
<time>2008-05-27T07:59:52.099Z</time>
</trkpt>
<trkpt lat="44.8679200" lon="9.0049700">
<ele>313.517273</ele>
<time>2008-05-27T07:59:55.097Z</time>
</trkpt>
<trkpt lat="44.8678200" lon="9.0050200">
<ele>314.980316</ele>
<time>2008-05-27T07:59:59.004Z</time>
</trkpt>
<trkpt lat="44.8677400" lon="9.0051100">
<ele>316.412872</ele>
<time>2008-05-27T08:00:03.004Z</time>
</trkpt>
<trkpt lat="44.8676800" lon="9.0052200">
<ele>315.925201</ele>
<time>2008-05-27T08:00:07.098Z</time>
</trkpt>
<trkpt lat="44.8676200" lon="9.0053500">
<ele>314.980316</ele>
<time>2008-05-27T08:00:10.096Z</time>
</trkpt>
<trkpt lat="44.8675500" lon="9.0054300">
<ele>314.980316</ele>
<time>2008-05-27T08:00:14.096Z</time>
</trkpt>
<trkpt lat="44.8674600" lon="9.0055400">
<ele>314.004944</ele>
<time>2008-05-27T08:00:49.003Z</time>
</trkpt>
<trkpt lat="44.8673800" lon="9.0056200">
<ele>314.980316</ele>
<time>2008-05-27T08:00:52.001Z</time>
</trkpt>
<trkpt lat="44.8672900" lon="9.0056900">
<ele>315.925201</ele>
<time>2008-05-27T08:00:54.099Z</time>
</trkpt>
<trkpt lat="44.8671800" lon="9.0057400">
<ele>315.925201</ele>
<time>2008-05-27T08:00:57.097Z</time>
</trkpt>
<trkpt lat="44.8670900" lon="9.0058500">
<ele>314.980316</ele>
<time>2008-05-27T08:01:01.004Z</time>
</trkpt>
<trkpt lat="44.8670200" lon="9.0059500">
<ele>314.980316</ele>
<time>2008-05-27T08:01:03.000Z</time>
</trkpt>
<trkpt lat="44.8669600" lon="9.0060600">
<ele>314.492645</ele>
<time>2008-05-27T08:01:04.096Z</time>
</trkpt>
<trkpt lat="44.8668600" lon="9.0061800">
<ele>314.004944</ele>
<time>2008-05-27T08:01:08.003Z</time>
</trkpt>
<trkpt lat="44.8667700" lon="9.0063100">
<ele>314.492645</ele>
<time>2008-05-27T08:01:11.001Z</time>
</trkpt>
<trkpt lat="44.8667000" lon="9.0064000">
<ele>314.980316</ele>
<time>2008-05-27T08:01:12.096Z</time>
</trkpt>
<trkpt lat="44.8666300" lon="9.0064600">
<ele>314.492645</ele>
<time>2008-05-27T08:01:16.003Z</time>
</trkpt>
<trkpt lat="44.8665900" lon="9.0065800">
<ele>314.980316</ele>
<time>2008-05-27T08:01:23.002Z</time>
</trkpt>
<trkpt lat="44.8665300" lon="9.0067000">
<ele>314.492645</ele>
<time>2008-05-27T08:01:28.004Z</time>
</trkpt>
<trkpt lat="44.8664900" lon="9.0068500">
<ele>314.004944</ele>
<time>2008-05-27T08:01:36.098Z</time>
</trkpt>
<trkpt lat="44.8664600" lon="9.0070100">
<ele>314.004944</ele>
<time>2008-05-27T08:01:42.001Z</time>
</trkpt>
<trkpt lat="44.8664000" lon="9.0071300">
<ele>313.060059</ele>
<time>2008-05-27T08:01:46.001Z</time>
</trkpt>
<trkpt lat="44.8662900" lon="9.0072000">
<ele>313.060059</ele>
<time>2008-05-27T08:01:51.004Z</time>
</trkpt>
<trkpt lat="44.8662000" lon="9.0072800">
<ele>313.517273</ele>
<time>2008-05-27T08:01:55.098Z</time>
</trkpt>
<trkpt lat="44.8661200" lon="9.0073900">
<ele>313.517273</ele>
<time>2008-05-27T08:01:59.098Z</time>
</trkpt>
<trkpt lat="44.8660500" lon="9.0075100">
<ele>314.004944</ele>
<time>2008-05-27T08:02:03.098Z</time>
</trkpt>
<trkpt lat="44.8659900" lon="9.0076000">
<ele>313.060059</ele>
<time>2008-05-27T08:02:13.001Z</time>
</trkpt>
<trkpt lat="44.8659200" lon="9.0077200">
<ele>313.060059</ele>
<time>2008-05-27T08:02:18.097Z</time>
</trkpt>
<trkpt lat="44.8658700" lon="9.0078800">
<ele>312.572388</ele>
<time>2008-05-27T08:02:22.098Z</time>
</trkpt>
<trkpt lat="44.8658500" lon="9.0080000">
<ele>311.597046</ele>
<time>2008-05-27T08:02:25.096Z</time>
</trkpt>
<trkpt lat="44.8658500" lon="9.0081500">
<ele>311.597046</ele>
<time>2008-05-27T08:02:30.098Z</time>
</trkpt>
<trkpt lat="44.8657900" lon="9.0082600">
<ele>312.084717</ele>
<time>2008-05-27T08:02:34.099Z</time>
</trkpt>
<trkpt lat="44.8657000" lon="9.0082900">
<ele>312.572388</ele>
<time>2008-05-27T08:02:38.099Z</time>
</trkpt>
<trkpt lat="44.8656000" lon="9.0082700">
<ele>314.492645</ele>
<time>2008-05-27T08:02:41.097Z</time>
</trkpt>
<trkpt lat="44.8654900" lon="9.0082600">
<ele>314.980316</ele>
<time>2008-05-27T08:02:45.004Z</time>
</trkpt>
<trkpt lat="44.8654000" lon="9.0083200">
<ele>315.925201</ele>
<time>2008-05-27T08:02:48.002Z</time>
</trkpt>
<trkpt lat="44.8653400" lon="9.0084200">
<ele>316.412872</ele>
<time>2008-05-27T08:02:51.000Z</time>
</trkpt>
<trkpt lat="44.8653000" lon="9.0085600">
<ele>317.845459</ele>
<time>2008-05-27T08:02:55.000Z</time>
</trkpt>
<trkpt lat="44.8652400" lon="9.0086700">
<ele>319.308472</ele>
<time>2008-05-27T08:03:04.097Z</time>
</trkpt>
<trkpt lat="44.8651500" lon="9.0087000">
<ele>320.253357</ele>
<time>2008-05-27T08:03:08.004Z</time>
</trkpt>
<trkpt lat="44.8650500" lon="9.0087300">
<ele>320.741058</ele>
<time>2008-05-27T08:03:11.002Z</time>
</trkpt>
<trkpt lat="44.8649500" lon="9.0087700">
<ele>320.741058</ele>
<time>2008-05-27T08:03:14.000Z</time>
</trkpt>
<trkpt lat="44.8648400" lon="9.0088200">
<ele>320.741058</ele>
<time>2008-05-27T08:03:18.000Z</time>
</trkpt>
<trkpt lat="44.8647500" lon="9.0088700">
<ele>320.253357</ele>
<time>2008-05-27T08:03:23.003Z</time>
</trkpt>
<trkpt lat="44.8646300" lon="9.0088800">
<ele>320.741058</ele>
<time>2008-05-27T08:03:27.003Z</time>
</trkpt>
<trkpt lat="44.8645300" lon="9.0088700">
<ele>321.685913</ele>
<time>2008-05-27T08:03:30.001Z</time>
</trkpt>
<trkpt lat="44.8644400" lon="9.0088500">
<ele>321.685913</ele>
<time>2008-05-27T08:03:32.099Z</time>
</trkpt>
<trkpt lat="44.8643300" lon="9.0088300">
<ele>322.661285</ele>
<time>2008-05-27T08:03:35.097Z</time>
</trkpt>
<trkpt lat="44.8643200" lon="9.0088500">
<ele>322.661285</ele>
<time>2008-05-27T08:04:21.003Z</time>
</trkpt>
<trkpt lat="44.8642100" lon="9.0088200">
<ele>324.581512</ele>
<time>2008-05-27T08:04:25.003Z</time>
</trkpt>
<trkpt lat="44.8641000" lon="9.0088000">
<ele>325.069214</ele>
<time>2008-05-27T08:04:29.004Z</time>
</trkpt>
<trkpt lat="44.8639800" lon="9.0087900">
<ele>326.501740</ele>
<time>2008-05-27T08:04:33.004Z</time>
</trkpt>
<trkpt lat="44.8638600" lon="9.0088200">
<ele>327.477142</ele>
<time>2008-05-27T08:04:37.004Z</time>
</trkpt>
<trkpt lat="44.8637800" lon="9.0088700">
<ele>328.421997</ele>
<time>2008-05-27T08:04:40.002Z</time>
</trkpt>
<trkpt lat="44.8636900" lon="9.0089200">
<ele>327.934326</ele>
<time>2008-05-27T08:04:43.000Z</time>
</trkpt>
<trkpt lat="44.8636000" lon="9.0089900">
<ele>329.397339</ele>
<time>2008-05-27T08:04:45.098Z</time>
</trkpt>
<trkpt lat="44.8635100" lon="9.0090600">
<ele>329.854553</ele>
<time>2008-05-27T08:04:48.096Z</time>
</trkpt>
<trkpt lat="44.8634200" lon="9.0091300">
<ele>330.342255</ele>
<time>2008-05-27T08:04:52.003Z</time>
</trkpt>
<trkpt lat="44.8633300" lon="9.0091900">
<ele>330.342255</ele>
<time>2008-05-27T08:04:55.001Z</time>
</trkpt>
<trkpt lat="44.8632500" lon="9.0092600">
<ele>332.262482</ele>
<time>2008-05-27T08:04:59.002Z</time>
</trkpt>
<trkpt lat="44.8631600" lon="9.0093900">
<ele>333.237854</ele>
<time>2008-05-27T08:05:27.004Z</time>
</trkpt>
<trkpt lat="44.8630700" lon="9.0094800">
<ele>332.750153</ele>
<time>2008-05-27T08:05:31.004Z</time>
</trkpt>
<trkpt lat="44.8630100" lon="9.0095800">
<ele>332.262482</ele>
<time>2008-05-27T08:05:37.000Z</time>
</trkpt>
<trkpt lat="44.8629500" lon="9.0096700">
<ele>332.262482</ele>
<time>2008-05-27T08:05:46.003Z</time>
</trkpt>
<trkpt lat="44.8628500" lon="9.0096900">
<ele>331.805267</ele>
<time>2008-05-27T08:05:58.004Z</time>
</trkpt>
<trkpt lat="44.8627500" lon="9.0096800">
<ele>331.805267</ele>
<time>2008-05-27T08:06:01.096Z</time>
</trkpt>
<trkpt lat="44.8626600" lon="9.0096500">
<ele>330.342255</ele>
<time>2008-05-27T08:06:05.003Z</time>
</trkpt>
<trkpt lat="44.8625600" lon="9.0096300">
<ele>328.909668</ele>
<time>2008-05-27T08:06:09.003Z</time>
</trkpt>
<trkpt lat="44.8624400" lon="9.0096200">
<ele>328.421997</ele>
<time>2008-05-27T08:06:13.097Z</time>
</trkpt>
<trkpt lat="44.8623300" lon="9.0096900">
<ele>327.477142</ele>
<time>2008-05-27T08:06:17.097Z</time>
</trkpt>
<trkpt lat="44.8622300" lon="9.0097600">
<ele>325.556885</ele>
<time>2008-05-27T08:06:21.004Z</time>
</trkpt>
<trkpt lat="44.8621200" lon="9.0098100">
<ele>323.606140</ele>
<time>2008-05-27T08:06:24.002Z</time>
</trkpt>
<trkpt lat="44.8619900" lon="9.0098400">
<ele>322.173615</ele>
<time>2008-05-27T08:06:27.000Z</time>
</trkpt>
<trkpt lat="44.8618700" lon="9.0098800">
<ele>319.765686</ele>
<time>2008-05-27T08:06:29.098Z</time>
</trkpt>
<trkpt lat="44.8617700" lon="9.0099100">
<ele>318.820801</ele>
<time>2008-05-27T08:06:32.003Z</time>
</trkpt>
<trkpt lat="44.8616700" lon="9.0099400">
<ele>316.412872</ele>
<time>2008-05-27T08:06:33.098Z</time>
</trkpt>
<trkpt lat="44.8615700" lon="9.0099700">
<ele>315.925201</ele>
<time>2008-05-27T08:06:36.003Z</time>
</trkpt>
<trkpt lat="44.8614700" lon="9.0100100">
<ele>313.517273</ele>
<time>2008-05-27T08:06:37.099Z</time>
</trkpt>
<trkpt lat="44.8613600" lon="9.0100500">
<ele>313.060059</ele>
<time>2008-05-27T08:06:40.003Z</time>
</trkpt>
<trkpt lat="44.8612700" lon="9.0100900">
<ele>312.084717</ele>
<time>2008-05-27T08:06:41.099Z</time>
</trkpt>
<trkpt lat="44.8611500" lon="9.0101600">
<ele>311.109375</ele>
<time>2008-05-27T08:06:44.097Z</time>
</trkpt>
<trkpt lat="44.8610600" lon="9.0102100">
<ele>311.109375</ele>
<time>2008-05-27T08:06:47.002Z</time>
</trkpt>
<trkpt lat="44.8609800" lon="9.0102900">
<ele>311.109375</ele>
<time>2008-05-27T08:06:48.097Z</time>
</trkpt>
<trkpt lat="44.8608800" lon="9.0103800">
<ele>310.164459</ele>
<time>2008-05-27T08:06:51.002Z</time>
</trkpt>
<trkpt lat="44.8607900" lon="9.0104600">
<ele>306.324005</ele>
<time>2008-05-27T08:06:52.098Z</time>
</trkpt>
<trkpt lat="44.8607200" lon="9.0105400">
<ele>305.348633</ele>
<time>2008-05-27T08:06:55.002Z</time>
</trkpt>
<trkpt lat="44.8606200" lon="9.0106600">
<ele>304.860962</ele>
<time>2008-05-27T08:06:58.000Z</time>
</trkpt>
<trkpt lat="44.8605600" lon="9.0107600">
<ele>304.403778</ele>
<time>2008-05-27T08:06:59.096Z</time>
</trkpt>
<trkpt lat="44.8605000" lon="9.0108600">
<ele>302.940735</ele>
<time>2008-05-27T08:07:02.001Z</time>
</trkpt>
<trkpt lat="44.8604100" lon="9.0109800">
<ele>301.508179</ele>
<time>2008-05-27T08:07:04.099Z</time>
</trkpt>
<trkpt lat="44.8602900" lon="9.0110000">
<ele>301.020477</ele>
<time>2008-05-27T08:07:07.097Z</time>
</trkpt>
<trkpt lat="44.8602000" lon="9.0109500">
<ele>299.587921</ele>
<time>2008-05-27T08:07:10.001Z</time>
</trkpt>
<trkpt lat="44.8601100" lon="9.0108900">
<ele>298.612549</ele>
<time>2008-05-27T08:07:11.097Z</time>
</trkpt>
<trkpt lat="44.8600200" lon="9.0108200">
<ele>297.667664</ele>
<time>2008-05-27T08:07:14.002Z</time>
</trkpt>
<trkpt lat="44.8599200" lon="9.0107600">
<ele>297.179993</ele>
<time>2008-05-27T08:07:15.097Z</time>
</trkpt>
<trkpt lat="44.8598200" lon="9.0107000">
<ele>295.747437</ele>
<time>2008-05-27T08:07:18.002Z</time>
</trkpt>
<trkpt lat="44.8597300" lon="9.0106400">
<ele>294.772064</ele>
<time>2008-05-27T08:07:19.098Z</time>
</trkpt>
<trkpt lat="44.8596300" lon="9.0105700">
<ele>293.827209</ele>
<time>2008-05-27T08:07:22.002Z</time>
</trkpt>
<trkpt lat="44.8595400" lon="9.0105100">
<ele>293.339539</ele>
<time>2008-05-27T08:07:23.098Z</time>
</trkpt>
<trkpt lat="44.8594500" lon="9.0104500">
<ele>291.906952</ele>
<time>2008-05-27T08:07:26.096Z</time>
</trkpt>
<trkpt lat="44.8594000" lon="9.0104200">
<ele>291.419281</ele>
<time>2008-05-27T08:08:29.099Z</time>
</trkpt>
<trkpt lat="44.8593000" lon="9.0104600">
<ele>289.499023</ele>
<time>2008-05-27T08:08:48.098Z</time>
</trkpt>
<trkpt lat="44.8592300" lon="9.0105600">
<ele>287.578796</ele>
<time>2008-05-27T08:08:58.001Z</time>
</trkpt>
<trkpt lat="44.8592000" lon="9.0106800">
<ele>285.658569</ele>
<time>2008-05-27T08:09:06.002Z</time>
</trkpt>
<trkpt lat="44.8592300" lon="9.0108000">
<ele>282.275269</ele>
<time>2008-05-27T08:09:25.001Z</time>
</trkpt>
<trkpt lat="44.8592100" lon="9.0109700">
<ele>281.330414</ele>
<time>2008-05-27T08:09:34.004Z</time>
</trkpt>
<trkpt lat="44.8591500" lon="9.0110700">
<ele>278.922485</ele>
<time>2008-05-27T08:09:42.098Z</time>
</trkpt>
<trkpt lat="44.8590500" lon="9.0111500">
<ele>276.026886</ele>
<time>2008-05-27T08:09:54.099Z</time>
</trkpt>
<trkpt lat="44.8589400" lon="9.0111200">
<ele>274.594330</ele>
<time>2008-05-27T08:10:15.001Z</time>
</trkpt>
<trkpt lat="44.8588500" lon="9.0110600">
<ele>273.618958</ele>
<time>2008-05-27T08:10:23.002Z</time>
</trkpt>
<trkpt lat="44.8587700" lon="9.0110200">
<ele>272.186401</ele>
<time>2008-05-27T08:10:35.096Z</time>
</trkpt>
<trkpt lat="44.8587000" lon="9.0109300">
<ele>269.321259</ele>
<time>2008-05-27T08:10:55.004Z</time>
</trkpt>
<trkpt lat="44.8586100" lon="9.0108300">
<ele>268.833588</ele>
<time>2008-05-27T08:11:18.097Z</time>
</trkpt>
<trkpt lat="44.8585300" lon="9.0107500">
<ele>267.858246</ele>
<time>2008-05-27T08:11:25.096Z</time>
</trkpt>
<trkpt lat="44.8584600" lon="9.0106800">
<ele>265.937988</ele>
<time>2008-05-27T08:11:33.096Z</time>
</trkpt>
<trkpt lat="44.8583800" lon="9.0106000">
<ele>265.450317</ele>
<time>2008-05-27T08:11:41.097Z</time>
</trkpt>
<trkpt lat="44.8583100" lon="9.0105200">
<ele>264.505432</ele>
<time>2008-05-27T08:11:49.098Z</time>
</trkpt>
<trkpt lat="44.8582300" lon="9.0104300">
<ele>262.585205</ele>
<time>2008-05-27T08:11:59.001Z</time>
</trkpt>
<trkpt lat="44.8581600" lon="9.0103400">
<ele>261.122162</ele>
<time>2008-05-27T08:12:07.001Z</time>
</trkpt>
<trkpt lat="44.8580800" lon="9.0102400">
<ele>259.201935</ele>
<time>2008-05-27T08:12:15.002Z</time>
</trkpt>
<trkpt lat="44.8580300" lon="9.0101200">
<ele>258.744720</ele>
<time>2008-05-27T08:12:23.003Z</time>
</trkpt>
<trkpt lat="44.8579800" lon="9.0100000">
<ele>258.744720</ele>
<time>2008-05-27T08:12:31.003Z</time>
</trkpt>
<trkpt lat="44.8579400" lon="9.0098700">
<ele>257.281677</ele>
<time>2008-05-27T08:12:39.004Z</time>
</trkpt>
<trkpt lat="44.8578900" lon="9.0097400">
<ele>255.849121</ele>
<time>2008-05-27T08:12:46.002Z</time>
</trkpt>
<trkpt lat="44.8578500" lon="9.0096200">
<ele>254.416565</ele>
<time>2008-05-27T08:12:53.001Z</time>
</trkpt>
<trkpt lat="44.8578200" lon="9.0094800">
<ele>253.441193</ele>
<time>2008-05-27T08:12:59.099Z</time>
</trkpt>
<trkpt lat="44.8577900" lon="9.0093600">
<ele>252.008636</ele>
<time>2008-05-27T08:13:06.097Z</time>
</trkpt>
<trkpt lat="44.8577600" lon="9.0092300">
<ele>252.953522</ele>
<time>2008-05-27T08:13:14.098Z</time>
</trkpt>
<trkpt lat="44.8577300" lon="9.0091100">
<ele>252.008636</ele>
<time>2008-05-27T08:13:21.096Z</time>
</trkpt>
<trkpt lat="44.8577000" lon="9.0090000">
<ele>251.033279</ele>
<time>2008-05-27T08:13:29.004Z</time>
</trkpt>
<trkpt lat="44.8576500" lon="9.0088900">
<ele>249.600723</ele>
<time>2008-05-27T08:13:36.002Z</time>
</trkpt>
<trkpt lat="44.8576000" lon="9.0087900">
<ele>248.168167</ele>
<time>2008-05-27T08:13:43.000Z</time>
</trkpt>
<trkpt lat="44.8575200" lon="9.0087100">
<ele>246.705124</ele>
<time>2008-05-27T08:13:49.099Z</time>
</trkpt>
<trkpt lat="44.8574400" lon="9.0086500">
<ele>245.272568</ele>
<time>2008-05-27T08:13:56.097Z</time>
</trkpt>
<trkpt lat="44.8573500" lon="9.0085900">
<ele>244.297195</ele>
<time>2008-05-27T08:14:04.004Z</time>
</trkpt>
<trkpt lat="44.8572700" lon="9.0085400">
<ele>242.864639</ele>
<time>2008-05-27T08:14:11.003Z</time>
</trkpt>
<trkpt lat="44.8571900" lon="9.0085200">
<ele>241.432068</ele>
<time>2008-05-27T08:14:18.001Z</time>
</trkpt>
<trkpt lat="44.8571100" lon="9.0085000">
<ele>239.024170</ele>
<time>2008-05-27T08:14:27.004Z</time>
</trkpt>
<trkpt lat="44.8570100" lon="9.0084900">
<ele>237.591599</ele>
<time>2008-05-27T08:14:34.002Z</time>
</trkpt>
<trkpt lat="44.8569500" lon="9.0084900">
<ele>236.128571</ele>
<time>2008-05-27T08:17:17.098Z</time>
</trkpt>
<trkpt lat="44.8569000" lon="9.0086500">
<ele>235.183670</ele>
<time>2008-05-27T08:17:28.003Z</time>
</trkpt>
<trkpt lat="44.8569100" lon="9.0088400">
<ele>234.208328</ele>
<time>2008-05-27T08:17:32.004Z</time>
</trkpt>
<trkpt lat="44.8569300" lon="9.0090000">
<ele>234.208328</ele>
<time>2008-05-27T08:17:35.002Z</time>
</trkpt>
<trkpt lat="44.8569500" lon="9.0091900">
<ele>233.263443</ele>
<time>2008-05-27T08:17:38.000Z</time>
</trkpt>
<trkpt lat="44.8569600" lon="9.0093300">
<ele>232.288071</ele>
<time>2008-05-27T08:17:40.004Z</time>
</trkpt>
<trkpt lat="44.8569800" lon="9.0094600">
<ele>231.800400</ele>
<time>2008-05-27T08:17:42.000Z</time>
</trkpt>
<trkpt lat="44.8569700" lon="9.0096300">
<ele>231.343201</ele>
<time>2008-05-27T08:17:44.098Z</time>
</trkpt>
<trkpt lat="44.8568700" lon="9.0097000">
<ele>229.880157</ele>
<time>2008-05-27T08:17:47.096Z</time>
</trkpt>
<trkpt lat="44.8567600" lon="9.0095800">
<ele>229.422958</ele>
<time>2008-05-27T08:17:51.003Z</time>
</trkpt>
<trkpt lat="44.8567000" lon="9.0094400">
<ele>228.447601</ele>
<time>2008-05-27T08:17:52.099Z</time>
</trkpt>
<trkpt lat="44.8566300" lon="9.0092800">
<ele>227.959930</ele>
<time>2008-05-27T08:17:55.003Z</time>
</trkpt>
<trkpt lat="44.8565600" lon="9.0091100">
<ele>227.015030</ele>
<time>2008-05-27T08:17:56.099Z</time>
</trkpt>
<trkpt lat="44.8564900" lon="9.0089400">
<ele>226.039673</ele>
<time>2008-05-27T08:17:59.004Z</time>
</trkpt>
<trkpt lat="44.8564200" lon="9.0087800">
<ele>225.094803</ele>
<time>2008-05-27T08:18:00.099Z</time>
</trkpt>
<trkpt lat="44.8563200" lon="9.0086900">
<ele>223.631760</ele>
<time>2008-05-27T08:18:03.004Z</time>
</trkpt>
<trkpt lat="44.8562300" lon="9.0086800">
<ele>222.686874</ele>
<time>2008-05-27T08:18:05.000Z</time>
</trkpt>
<trkpt lat="44.8561300" lon="9.0086900">
<ele>220.766632</ele>
<time>2008-05-27T08:18:07.098Z</time>
</trkpt>
<trkpt lat="44.8560800" lon="9.0085300">
<ele>220.766632</ele>
<time>2008-05-27T08:18:11.098Z</time>
</trkpt>
<trkpt lat="44.8560900" lon="9.0083900">
<ele>220.278961</ele>
<time>2008-05-27T08:18:14.003Z</time>
</trkpt>
<trkpt lat="44.8560900" lon="9.0082300">
<ele>219.303604</ele>
<time>2008-05-27T08:18:15.098Z</time>
</trkpt>
<trkpt lat="44.8560900" lon="9.0080500">
<ele>219.303604</ele>
<time>2008-05-27T08:18:18.003Z</time>
</trkpt>
<trkpt lat="44.8560700" lon="9.0078500">
<ele>218.846405</ele>
<time>2008-05-27T08:18:19.099Z</time>
</trkpt>
<trkpt lat="44.8560600" lon="9.0076500">
<ele>218.846405</ele>
<time>2008-05-27T08:18:22.003Z</time>
</trkpt>
<trkpt lat="44.8560400" lon="9.0074600">
<ele>218.846405</ele>
<time>2008-05-27T08:18:23.099Z</time>
</trkpt>
<trkpt lat="44.8560100" lon="9.0072800">
<ele>218.358734</ele>
<time>2008-05-27T08:18:26.004Z</time>
</trkpt>
<trkpt lat="44.8559600" lon="9.0071400">
<ele>217.383362</ele>
<time>2008-05-27T08:18:27.099Z</time>
</trkpt>
<trkpt lat="44.8558800" lon="9.0070900">
<ele>216.926163</ele>
<time>2008-05-27T08:18:30.004Z</time>
</trkpt>
<trkpt lat="44.8557700" lon="9.0071100">
<ele>216.438477</ele>
<time>2008-05-27T08:18:32.000Z</time>
</trkpt>
<trkpt lat="44.8556600" lon="9.0071600">
<ele>216.926163</ele>
<time>2008-05-27T08:18:34.004Z</time>
</trkpt>
<trkpt lat="44.8555700" lon="9.0072000">
<ele>215.950806</ele>
<time>2008-05-27T08:18:37.002Z</time>
</trkpt>
<trkpt lat="44.8554800" lon="9.0072600">
<ele>215.950806</ele>
<time>2008-05-27T08:19:01.098Z</time>
</trkpt>
<trkpt lat="44.8553700" lon="9.0073100">
<ele>215.950806</ele>
<time>2008-05-27T08:19:04.096Z</time>
</trkpt>
<trkpt lat="44.8552800" lon="9.0073500">
<ele>216.438477</ele>
<time>2008-05-27T08:19:07.000Z</time>
</trkpt>
<trkpt lat="44.8551900" lon="9.0073900">
<ele>216.438477</ele>
<time>2008-05-27T08:19:08.096Z</time>
</trkpt>
<trkpt lat="44.8551000" lon="9.0074300">
<ele>216.926163</ele>
<time>2008-05-27T08:19:11.001Z</time>
</trkpt>
<trkpt lat="44.8549800" lon="9.0074800">
<ele>216.438477</ele>
<time>2008-05-27T08:19:13.099Z</time>
</trkpt>
<trkpt lat="44.8548500" lon="9.0075500">
<ele>216.926163</ele>
<time>2008-05-27T08:19:16.097Z</time>
</trkpt>
<trkpt lat="44.8547400" lon="9.0076400">
<ele>216.926163</ele>
<time>2008-05-27T08:19:20.004Z</time>
</trkpt>
<trkpt lat="44.8546500" lon="9.0077300">
<ele>217.383362</ele>
<time>2008-05-27T08:19:23.002Z</time>
</trkpt>
<trkpt lat="44.8545700" lon="9.0078000">
<ele>218.358734</ele>
<time>2008-05-27T08:19:26.000Z</time>
</trkpt>
<trkpt lat="44.8545100" lon="9.0078500">
<ele>218.358734</ele>
<time>2008-05-27T08:19:51.097Z</time>
</trkpt>
<trkpt lat="44.8544200" lon="9.0079600">
<ele>218.846405</ele>
<time>2008-05-27T08:20:15.099Z</time>
</trkpt>
<trkpt lat="44.8543400" lon="9.0080600">
<ele>218.358734</ele>
<time>2008-05-27T08:20:18.097Z</time>
</trkpt>
<trkpt lat="44.8542500" lon="9.0081800">
<ele>218.846405</ele>
<time>2008-05-27T08:20:22.004Z</time>
</trkpt>
<trkpt lat="44.8541200" lon="9.0082600">
<ele>218.358734</ele>
<time>2008-05-27T08:20:25.002Z</time>
</trkpt>
<trkpt lat="44.8540300" lon="9.0082900">
<ele>217.871033</ele>
<time>2008-05-27T08:20:26.098Z</time>
</trkpt>
<trkpt lat="44.8539400" lon="9.0083300">
<ele>218.358734</ele>
<time>2008-05-27T08:20:29.003Z</time>
</trkpt>
<trkpt lat="44.8538500" lon="9.0083700">
<ele>218.358734</ele>
<time>2008-05-27T08:20:30.098Z</time>
</trkpt>
<trkpt lat="44.8537600" lon="9.0084200">
<ele>218.846405</ele>
<time>2008-05-27T08:20:33.003Z</time>
</trkpt>
<trkpt lat="44.8536800" lon="9.0084700">
<ele>218.846405</ele>
<time>2008-05-27T08:20:34.099Z</time>
</trkpt>
<trkpt lat="44.8536000" lon="9.0085500">
<ele>218.846405</ele>
<time>2008-05-27T08:20:37.003Z</time>
</trkpt>
<trkpt lat="44.8535100" lon="9.0086400">
<ele>218.846405</ele>
<time>2008-05-27T08:20:38.099Z</time>
</trkpt>
<trkpt lat="44.8534100" lon="9.0087500">
<ele>219.791275</ele>
<time>2008-05-27T08:20:41.004Z</time>
</trkpt>
<trkpt lat="44.8533100" lon="9.0088600">
<ele>219.791275</ele>
<time>2008-05-27T08:20:42.099Z</time>
</trkpt>
<trkpt lat="44.8532100" lon="9.0089600">
<ele>219.791275</ele>
<time>2008-05-27T08:20:45.004Z</time>
</trkpt>
<trkpt lat="44.8531100" lon="9.0090600">
<ele>220.278961</ele>
<time>2008-05-27T08:20:47.000Z</time>
</trkpt>
<trkpt lat="44.8530100" lon="9.0091600">
<ele>220.278961</ele>
<time>2008-05-27T08:20:49.004Z</time>
</trkpt>
<trkpt lat="44.8529000" lon="9.0092500">
<ele>220.766632</ele>
<time>2008-05-27T08:20:51.000Z</time>
</trkpt>
<trkpt lat="44.8528000" lon="9.0093300">
<ele>220.766632</ele>
<time>2008-05-27T08:20:52.096Z</time>
</trkpt>
<trkpt lat="44.8526900" lon="9.0094000">
<ele>220.278961</ele>
<time>2008-05-27T08:20:55.000Z</time>
</trkpt>
<trkpt lat="44.8525900" lon="9.0094600">
<ele>220.766632</ele>
<time>2008-05-27T08:20:56.096Z</time>
</trkpt>
<trkpt lat="44.8524800" lon="9.0095200">
<ele>220.766632</ele>
<time>2008-05-27T08:20:59.001Z</time>
</trkpt>
<trkpt lat="44.8523900" lon="9.0095700">
<ele>220.766632</ele>
<time>2008-05-27T08:21:00.096Z</time>
</trkpt>
<trkpt lat="44.8523000" lon="9.0096300">
<ele>221.254333</ele>
<time>2008-05-27T08:21:03.001Z</time>
</trkpt>
<trkpt lat="44.8522100" lon="9.0096800">
<ele>220.766632</ele>
<time>2008-05-27T08:21:04.097Z</time>
</trkpt>
<trkpt lat="44.8521300" lon="9.0097500">
<ele>221.254333</ele>
<time>2008-05-27T08:21:07.001Z</time>
</trkpt>
<trkpt lat="44.8520400" lon="9.0098300">
<ele>221.254333</ele>
<time>2008-05-27T08:21:08.097Z</time>
</trkpt>
<trkpt lat="44.8519600" lon="9.0099200">
<ele>221.254333</ele>
<time>2008-05-27T08:21:11.002Z</time>
</trkpt>
<trkpt lat="44.8518700" lon="9.0100000">
<ele>220.766632</ele>
<time>2008-05-27T08:21:12.097Z</time>
</trkpt>
<trkpt lat="44.8518000" lon="9.0101100">
<ele>220.766632</ele>
<time>2008-05-27T08:21:15.002Z</time>
</trkpt>
<trkpt lat="44.8517600" lon="9.0102100">
<ele>220.278961</ele>
<time>2008-05-27T08:21:24.098Z</time>
</trkpt>
<trkpt lat="44.8518200" lon="9.0101200">
<ele>219.791275</ele>
<time>2008-05-27T08:21:35.097Z</time>
</trkpt>
<trkpt lat="44.8517800" lon="9.0102000">
<ele>220.278961</ele>
<time>2008-05-27T08:21:49.000Z</time>
</trkpt>
<trkpt lat="44.8517200" lon="9.0103200">
<ele>220.278961</ele>
<time>2008-05-27T08:21:51.098Z</time>
</trkpt>
<trkpt lat="44.8516600" lon="9.0104700">
<ele>220.766632</ele>
<time>2008-05-27T08:21:54.096Z</time>
</trkpt>
<trkpt lat="44.8516000" lon="9.0105800">
<ele>220.766632</ele>
<time>2008-05-27T08:21:57.001Z</time>
</trkpt>
<trkpt lat="44.8515400" lon="9.0107100">
<ele>221.254333</ele>
<time>2008-05-27T08:21:58.097Z</time>
</trkpt>
<trkpt lat="44.8514700" lon="9.0108300">
<ele>220.766632</ele>
<time>2008-05-27T08:22:01.001Z</time>
</trkpt>
<trkpt lat="44.8513800" lon="9.0109500">
<ele>221.254333</ele>
<time>2008-05-27T08:22:02.097Z</time>
</trkpt>
<trkpt lat="44.8512900" lon="9.0110600">
<ele>221.711533</ele>
<time>2008-05-27T08:22:05.002Z</time>
</trkpt>
<trkpt lat="44.8512000" lon="9.0111800">
<ele>221.711533</ele>
<time>2008-05-27T08:22:06.097Z</time>
</trkpt>
<trkpt lat="44.8511100" lon="9.0113100">
<ele>222.199203</ele>
<time>2008-05-27T08:22:09.002Z</time>
</trkpt>
<trkpt lat="44.8510300" lon="9.0114500">
<ele>222.199203</ele>
<time>2008-05-27T08:22:10.098Z</time>
</trkpt>
<trkpt lat="44.8509600" lon="9.0115900">
<ele>222.686874</ele>
<time>2008-05-27T08:22:13.002Z</time>
</trkpt>
<trkpt lat="44.8508900" lon="9.0117400">
<ele>222.199203</ele>
<time>2008-05-27T08:22:14.098Z</time>
</trkpt>
<trkpt lat="44.8508500" lon="9.0118800">
<ele>222.199203</ele>
<time>2008-05-27T08:22:17.003Z</time>
</trkpt>
<trkpt lat="44.8508100" lon="9.0120400">
<ele>222.686874</ele>
<time>2008-05-27T08:22:18.098Z</time>
</trkpt>
<trkpt lat="44.8507900" lon="9.0122300">
<ele>223.631760</ele>
<time>2008-05-27T08:22:21.003Z</time>
</trkpt>
<trkpt lat="44.8508000" lon="9.0124300">
<ele>224.119431</ele>
<time>2008-05-27T08:22:22.099Z</time>
</trkpt>
<trkpt lat="44.8508200" lon="9.0126300">
<ele>224.607132</ele>
<time>2008-05-27T08:22:25.003Z</time>
</trkpt>
<trkpt lat="44.8508200" lon="9.0128000">
<ele>225.552002</ele>
<time>2008-05-27T08:22:26.099Z</time>
</trkpt>
<trkpt lat="44.8507500" lon="9.0129100">
<ele>226.527359</ele>
<time>2008-05-27T08:22:29.004Z</time>
</trkpt>
<trkpt lat="44.8506300" lon="9.0129700">
<ele>227.502731</ele>
<time>2008-05-27T08:22:30.099Z</time>
</trkpt>
<trkpt lat="44.8505000" lon="9.0129900">
<ele>227.015030</ele>
<time>2008-05-27T08:22:33.004Z</time>
</trkpt>
<trkpt lat="44.8503700" lon="9.0130100">
<ele>227.502731</ele>
<time>2008-05-27T08:22:35.000Z</time>
</trkpt>
<trkpt lat="44.8502400" lon="9.0130200">
<ele>228.447601</ele>
<time>2008-05-27T08:22:37.004Z</time>
</trkpt>
<trkpt lat="44.8501100" lon="9.0130500">
<ele>229.422958</ele>
<time>2008-05-27T08:22:39.000Z</time>
</trkpt>
<trkpt lat="44.8499700" lon="9.0130900">
<ele>229.422958</ele>
<time>2008-05-27T08:22:40.096Z</time>
</trkpt>
<trkpt lat="44.8498200" lon="9.0131200">
<ele>228.935272</ele>
<time>2008-05-27T08:22:43.000Z</time>
</trkpt>
<trkpt lat="44.8496900" lon="9.0131500">
<ele>228.935272</ele>
<time>2008-05-27T08:22:44.096Z</time>
</trkpt>
<trkpt lat="44.8495600" lon="9.0132000">
<ele>228.447601</ele>
<time>2008-05-27T08:22:47.001Z</time>
</trkpt>
<trkpt lat="44.8494300" lon="9.0132600">
<ele>228.447601</ele>
<time>2008-05-27T08:22:48.096Z</time>
</trkpt>
<trkpt lat="44.8493100" lon="9.0133400">
<ele>228.935272</ele>
<time>2008-05-27T08:22:51.001Z</time>
</trkpt>
<trkpt lat="44.8491800" lon="9.0134300">
<ele>229.880157</ele>
<time>2008-05-27T08:22:52.097Z</time>
</trkpt>
<trkpt lat="44.8490500" lon="9.0135300">
<ele>230.367844</ele>
<time>2008-05-27T08:22:55.001Z</time>
</trkpt>
<trkpt lat="44.8489200" lon="9.0136300">
<ele>230.855530</ele>
<time>2008-05-27T08:22:56.097Z</time>
</trkpt>
<trkpt lat="44.8488000" lon="9.0137400">
<ele>232.775757</ele>
<time>2008-05-27T08:22:59.002Z</time>
</trkpt>
<trkpt lat="44.8486900" lon="9.0138700">
<ele>232.775757</ele>
<time>2008-05-27T08:23:00.097Z</time>
</trkpt>
<trkpt lat="44.8485900" lon="9.0140200">
<ele>233.263443</ele>
<time>2008-05-27T08:23:03.002Z</time>
</trkpt>
<trkpt lat="44.8485100" lon="9.0141800">
<ele>234.208328</ele>
<time>2008-05-27T08:23:04.098Z</time>
</trkpt>
<trkpt lat="44.8484400" lon="9.0143600">
<ele>234.695999</ele>
<time>2008-05-27T08:23:07.002Z</time>
</trkpt>
<trkpt lat="44.8483700" lon="9.0145400">
<ele>235.183670</ele>
<time>2008-05-27T08:23:08.098Z</time>
</trkpt>
<trkpt lat="44.8483100" lon="9.0147300">
<ele>236.128571</ele>
<time>2008-05-27T08:23:11.003Z</time>
</trkpt>
<trkpt lat="44.8482600" lon="9.0149200">
<ele>236.616241</ele>
<time>2008-05-27T08:23:12.098Z</time>
</trkpt>
<trkpt lat="44.8482100" lon="9.0151200">
<ele>237.103928</ele>
<time>2008-05-27T08:23:15.003Z</time>
</trkpt>
<trkpt lat="44.8481800" lon="9.0153300">
<ele>237.591599</ele>
<time>2008-05-27T08:23:16.099Z</time>
</trkpt>
<trkpt lat="44.8481400" lon="9.0155500">
<ele>237.591599</ele>
<time>2008-05-27T08:23:19.003Z</time>
</trkpt>
<trkpt lat="44.8481200" lon="9.0157500">
<ele>238.536469</ele>
<time>2008-05-27T08:23:20.099Z</time>
</trkpt>
<trkpt lat="44.8480800" lon="9.0159500">
<ele>238.536469</ele>
<time>2008-05-27T08:23:23.004Z</time>
</trkpt>
<trkpt lat="44.8480500" lon="9.0161400">
<ele>239.024170</ele>
<time>2008-05-27T08:23:24.099Z</time>
</trkpt>
<trkpt lat="44.8480000" lon="9.0163200">
<ele>239.511841</ele>
<time>2008-05-27T08:23:27.004Z</time>
</trkpt>
<trkpt lat="44.8479600" lon="9.0164500">
<ele>238.536469</ele>
<time>2008-05-27T08:23:29.000Z</time>
</trkpt>
<trkpt lat="44.8479300" lon="9.0165500">
<ele>238.536469</ele>
<time>2008-05-27T08:23:34.002Z</time>
</trkpt>
<trkpt lat="44.8479300" lon="9.0167600">
<ele>237.591599</ele>
<time>2008-05-27T08:24:59.096Z</time>
</trkpt>
<trkpt lat="44.8478800" lon="9.0169100">
<ele>237.591599</ele>
<time>2008-05-27T08:25:03.003Z</time>
</trkpt>
<trkpt lat="44.8478300" lon="9.0171000">
<ele>237.591599</ele>
<time>2008-05-27T08:25:06.001Z</time>
</trkpt>
<trkpt lat="44.8477900" lon="9.0172400">
<ele>238.048798</ele>
<time>2008-05-27T08:25:07.097Z</time>
</trkpt>
<trkpt lat="44.8477600" lon="9.0173800">
<ele>238.048798</ele>
<time>2008-05-27T08:25:10.001Z</time>
</trkpt>
<trkpt lat="44.8477400" lon="9.0175200">
<ele>237.591599</ele>
<time>2008-05-27T08:25:11.097Z</time>
</trkpt>
<trkpt lat="44.8477300" lon="9.0176600">
<ele>237.591599</ele>
<time>2008-05-27T08:25:14.002Z</time>
</trkpt>
<trkpt lat="44.8477300" lon="9.0177900">
<ele>238.048798</ele>
<time>2008-05-27T08:25:15.097Z</time>
</trkpt>
<trkpt lat="44.8477300" lon="9.0179300">
<ele>239.024170</ele>
<time>2008-05-27T08:25:18.002Z</time>
</trkpt>
<trkpt lat="44.8477300" lon="9.0180800">
<ele>238.536469</ele>
<time>2008-05-27T08:25:19.098Z</time>
</trkpt>
<trkpt lat="44.8477300" lon="9.0182400">
<ele>238.048798</ele>
<time>2008-05-27T08:25:22.002Z</time>
</trkpt>
<trkpt lat="44.8477400" lon="9.0184000">
<ele>239.024170</ele>
<time>2008-05-27T08:25:23.098Z</time>
</trkpt>
<trkpt lat="44.8477600" lon="9.0185500">
<ele>239.024170</ele>
<time>2008-05-27T08:25:26.003Z</time>
</trkpt>
<trkpt lat="44.8477800" lon="9.0187200">
<ele>239.511841</ele>
<time>2008-05-27T08:25:27.098Z</time>
</trkpt>
<trkpt lat="44.8478100" lon="9.0188800">
<ele>239.999527</ele>
<time>2008-05-27T08:25:30.003Z</time>
</trkpt>
<trkpt lat="44.8478500" lon="9.0190500">
<ele>239.511841</ele>
<time>2008-05-27T08:25:31.099Z</time>
</trkpt>
<trkpt lat="44.8478900" lon="9.0192200">
<ele>240.456726</ele>
<time>2008-05-27T08:25:34.003Z</time>
</trkpt>
<trkpt lat="44.8479300" lon="9.0193900">
<ele>239.999527</ele>
<time>2008-05-27T08:25:35.099Z</time>
</trkpt>
<trkpt lat="44.8479700" lon="9.0195400">
<ele>240.456726</ele>
<time>2008-05-27T08:25:38.004Z</time>
</trkpt>
<trkpt lat="44.8480000" lon="9.0196800">
<ele>239.999527</ele>
<time>2008-05-27T08:25:39.099Z</time>
</trkpt>
<trkpt lat="44.8480300" lon="9.0198200">
<ele>239.999527</ele>
<time>2008-05-27T08:25:42.004Z</time>
</trkpt>
<trkpt lat="44.8480700" lon="9.0199700">
<ele>240.456726</ele>
<time>2008-05-27T08:25:44.000Z</time>
</trkpt>
<trkpt lat="44.8481000" lon="9.0201200">
<ele>240.944397</ele>
<time>2008-05-27T08:25:46.004Z</time>
</trkpt>
<trkpt lat="44.8481200" lon="9.0202700">
<ele>240.944397</ele>
<time>2008-05-27T08:25:48.000Z</time>
</trkpt>
<trkpt lat="44.8481400" lon="9.0204200">
<ele>240.944397</ele>
<time>2008-05-27T08:25:49.096Z</time>
</trkpt>
<trkpt lat="44.8481600" lon="9.0205800">
<ele>240.456726</ele>
<time>2008-05-27T08:25:52.000Z</time>
</trkpt>
<trkpt lat="44.8481700" lon="9.0207400">
<ele>240.944397</ele>
<time>2008-05-27T08:25:53.096Z</time>
</trkpt>
<trkpt lat="44.8481700" lon="9.0209000">
<ele>240.944397</ele>
<time>2008-05-27T08:25:56.001Z</time>
</trkpt>
<trkpt lat="44.8481800" lon="9.0210800">
<ele>240.944397</ele>
<time>2008-05-27T08:25:57.096Z</time>
</trkpt>
<trkpt lat="44.8481900" lon="9.0212600">
<ele>241.432068</ele>
<time>2008-05-27T08:26:00.001Z</time>
</trkpt>
<trkpt lat="44.8482000" lon="9.0214500">
<ele>241.432068</ele>
<time>2008-05-27T08:26:01.097Z</time>
</trkpt>
<trkpt lat="44.8482000" lon="9.0216300">
<ele>242.376968</ele>
<time>2008-05-27T08:26:04.001Z</time>
</trkpt>
<trkpt lat="44.8481900" lon="9.0218000">
<ele>242.376968</ele>
<time>2008-05-27T08:26:05.097Z</time>
</trkpt>
<trkpt lat="44.8481400" lon="9.0219600">
<ele>243.839996</ele>
<time>2008-05-27T08:26:08.002Z</time>
</trkpt>
<trkpt lat="44.8480800" lon="9.0221100">
<ele>244.784866</ele>
<time>2008-05-27T08:26:09.097Z</time>
</trkpt>
<trkpt lat="44.8480200" lon="9.0222200">
<ele>245.272568</ele>
<time>2008-05-27T08:26:12.002Z</time>
</trkpt>
<trkpt lat="44.8479800" lon="9.0223500">
<ele>246.247925</ele>
<time>2008-05-27T08:26:13.098Z</time>
</trkpt>
<trkpt lat="44.8479500" lon="9.0224700">
<ele>246.705124</ele>
<time>2008-05-27T08:26:16.002Z</time>
</trkpt>
<trkpt lat="44.8479100" lon="9.0226000">
<ele>247.192795</ele>
<time>2008-05-27T08:26:17.098Z</time>
</trkpt>
<trkpt lat="44.8478700" lon="9.0227200">
<ele>247.192795</ele>
<time>2008-05-27T08:26:20.003Z</time>
</trkpt>
<trkpt lat="44.8478300" lon="9.0228400">
<ele>247.680466</ele>
<time>2008-05-27T08:26:21.098Z</time>
</trkpt>
<trkpt lat="44.8477700" lon="9.0229600">
<ele>247.680466</ele>
<time>2008-05-27T08:26:24.003Z</time>
</trkpt>
<trkpt lat="44.8477200" lon="9.0230900">
<ele>248.168167</ele>
<time>2008-05-27T08:26:25.099Z</time>
</trkpt>
<trkpt lat="44.8476500" lon="9.0232100">
<ele>247.680466</ele>
<time>2008-05-27T08:26:28.003Z</time>
</trkpt>
<trkpt lat="44.8475800" lon="9.0233300">
<ele>247.680466</ele>
<time>2008-05-27T08:26:29.099Z</time>
</trkpt>
<trkpt lat="44.8475100" lon="9.0234600">
<ele>247.680466</ele>
<time>2008-05-27T08:26:32.004Z</time>
</trkpt>
<trkpt lat="44.8474400" lon="9.0236000">
<ele>247.680466</ele>
<time>2008-05-27T08:26:33.099Z</time>
</trkpt>
<trkpt lat="44.8473600" lon="9.0237400">
<ele>247.680466</ele>
<time>2008-05-27T08:26:36.004Z</time>
</trkpt>
<trkpt lat="44.8472800" lon="9.0238700">
<ele>247.680466</ele>
<time>2008-05-27T08:26:38.000Z</time>
</trkpt>
<trkpt lat="44.8472100" lon="9.0240000">
<ele>247.680466</ele>
<time>2008-05-27T08:26:40.004Z</time>
</trkpt>
<trkpt lat="44.8471300" lon="9.0241400">
<ele>248.168167</ele>
<time>2008-05-27T08:26:42.000Z</time>
</trkpt>
<trkpt lat="44.8470600" lon="9.0242700">
<ele>248.625366</ele>
<time>2008-05-27T08:26:43.096Z</time>
</trkpt>
<trkpt lat="44.8469800" lon="9.0244100">
<ele>249.113037</ele>
<time>2008-05-27T08:26:46.000Z</time>
</trkpt>
<trkpt lat="44.8469100" lon="9.0245500">
<ele>249.113037</ele>
<time>2008-05-27T08:26:47.096Z</time>
</trkpt>
<trkpt lat="44.8468300" lon="9.0246900">
<ele>249.600723</ele>
<time>2008-05-27T08:26:50.001Z</time>
</trkpt>
<trkpt lat="44.8467500" lon="9.0248300">
<ele>249.113037</ele>
<time>2008-05-27T08:26:51.096Z</time>
</trkpt>
<trkpt lat="44.8466700" lon="9.0249800">
<ele>249.113037</ele>
<time>2008-05-27T08:26:54.001Z</time>
</trkpt>
<trkpt lat="44.8465900" lon="9.0251200">
<ele>249.113037</ele>
<time>2008-05-27T08:26:55.097Z</time>
</trkpt>
<trkpt lat="44.8465200" lon="9.0252600">
<ele>249.600723</ele>
<time>2008-05-27T08:26:58.001Z</time>
</trkpt>
<trkpt lat="44.8464400" lon="9.0254000">
<ele>249.113037</ele>
<time>2008-05-27T08:26:59.097Z</time>
</trkpt>
<trkpt lat="44.8463600" lon="9.0255400">
<ele>249.600723</ele>
<time>2008-05-27T08:27:02.002Z</time>
</trkpt>
<trkpt lat="44.8462900" lon="9.0256700">
<ele>249.600723</ele>
<time>2008-05-27T08:27:03.097Z</time>
</trkpt>
<trkpt lat="44.8462100" lon="9.0258000">
<ele>249.600723</ele>
<time>2008-05-27T08:27:06.002Z</time>
</trkpt>
<trkpt lat="44.8461300" lon="9.0259400">
<ele>249.600723</ele>
<time>2008-05-27T08:27:07.098Z</time>
</trkpt>
<trkpt lat="44.8460400" lon="9.0260800">
<ele>250.088394</ele>
<time>2008-05-27T08:27:10.002Z</time>
</trkpt>
<trkpt lat="44.8459600" lon="9.0262400">
<ele>250.088394</ele>
<time>2008-05-27T08:27:11.098Z</time>
</trkpt>
<trkpt lat="44.8458700" lon="9.0264000">
<ele>250.088394</ele>
<time>2008-05-27T08:27:14.003Z</time>
</trkpt>
<trkpt lat="44.8458000" lon="9.0265700">
<ele>250.088394</ele>
<time>2008-05-27T08:27:15.098Z</time>
</trkpt>
<trkpt lat="44.8457300" lon="9.0267400">
<ele>249.600723</ele>
<time>2008-05-27T08:27:18.003Z</time>
</trkpt>
<trkpt lat="44.8456600" lon="9.0269100">
<ele>250.088394</ele>
<time>2008-05-27T08:27:19.099Z</time>
</trkpt>
<trkpt lat="44.8455900" lon="9.0270800">
<ele>250.088394</ele>
<time>2008-05-27T08:27:22.003Z</time>
</trkpt>
<trkpt lat="44.8455100" lon="9.0272400">
<ele>250.088394</ele>
<time>2008-05-27T08:27:23.099Z</time>
</trkpt>
<trkpt lat="44.8454200" lon="9.0273800">
<ele>250.545593</ele>
<time>2008-05-27T08:27:26.004Z</time>
</trkpt>
<trkpt lat="44.8453100" lon="9.0275100">
<ele>251.033279</ele>
<time>2008-05-27T08:27:27.099Z</time>
</trkpt>
<trkpt lat="44.8451900" lon="9.0276100">
<ele>250.545593</ele>
<time>2008-05-27T08:27:30.004Z</time>
</trkpt>
<trkpt lat="44.8450500" lon="9.0276900">
<ele>250.088394</ele>
<time>2008-05-27T08:27:32.000Z</time>
</trkpt>
<trkpt lat="44.8449100" lon="9.0277400">
<ele>250.088394</ele>
<time>2008-05-27T08:27:34.004Z</time>
</trkpt>
<trkpt lat="44.8447700" lon="9.0277900">
<ele>250.088394</ele>
<time>2008-05-27T08:27:36.000Z</time>
</trkpt>
<trkpt lat="44.8446400" lon="9.0278300">
<ele>250.088394</ele>
<time>2008-05-27T08:27:37.096Z</time>
</trkpt>
<trkpt lat="44.8445000" lon="9.0278800">
<ele>250.088394</ele>
<time>2008-05-27T08:27:40.000Z</time>
</trkpt>
<trkpt lat="44.8443500" lon="9.0279400">
<ele>250.088394</ele>
<time>2008-05-27T08:27:41.096Z</time>
</trkpt>
<trkpt lat="44.8442100" lon="9.0280000">
<ele>250.088394</ele>
<time>2008-05-27T08:27:44.001Z</time>
</trkpt>
<trkpt lat="44.8440900" lon="9.0280900">
<ele>250.088394</ele>
<time>2008-05-27T08:27:45.096Z</time>
</trkpt>
<trkpt lat="44.8439700" lon="9.0282000">
<ele>250.545593</ele>
<time>2008-05-27T08:27:48.001Z</time>
</trkpt>
<trkpt lat="44.8438600" lon="9.0283200">
<ele>250.545593</ele>
<time>2008-05-27T08:27:49.097Z</time>
</trkpt>
<trkpt lat="44.8437400" lon="9.0284300">
<ele>251.520966</ele>
<time>2008-05-27T08:27:52.001Z</time>
</trkpt>
<trkpt lat="44.8436300" lon="9.0285300">
<ele>251.520966</ele>
<time>2008-05-27T08:27:53.097Z</time>
</trkpt>
<trkpt lat="44.8435100" lon="9.0286200">
<ele>251.520966</ele>
<time>2008-05-27T08:27:56.002Z</time>
</trkpt>
<trkpt lat="44.8433700" lon="9.0286800">
<ele>251.520966</ele>
<time>2008-05-27T08:27:57.097Z</time>
</trkpt>
<trkpt lat="44.8432200" lon="9.0287300">
<ele>252.008636</ele>
<time>2008-05-27T08:28:00.002Z</time>
</trkpt>
<trkpt lat="44.8430800" lon="9.0287800">
<ele>252.496323</ele>
<time>2008-05-27T08:28:01.098Z</time>
</trkpt>
<trkpt lat="44.8429400" lon="9.0288300">
<ele>252.496323</ele>
<time>2008-05-27T08:28:04.002Z</time>
</trkpt>
<trkpt lat="44.8428100" lon="9.0288900">
<ele>252.008636</ele>
<time>2008-05-27T08:28:05.098Z</time>
</trkpt>
<trkpt lat="44.8426900" lon="9.0289500">
<ele>252.008636</ele>
<time>2008-05-27T08:28:08.003Z</time>
</trkpt>
<trkpt lat="44.8425800" lon="9.0290400">
<ele>252.008636</ele>
<time>2008-05-27T08:28:09.098Z</time>
</trkpt>
<trkpt lat="44.8424600" lon="9.0291400">
<ele>252.008636</ele>
<time>2008-05-27T08:28:12.003Z</time>
</trkpt>
<trkpt lat="44.8423400" lon="9.0292600">
<ele>251.520966</ele>
<time>2008-05-27T08:28:13.099Z</time>
</trkpt>
<trkpt lat="44.8422200" lon="9.0293800">
<ele>251.520966</ele>
<time>2008-05-27T08:28:16.003Z</time>
</trkpt>
<trkpt lat="44.8420900" lon="9.0294800">
<ele>251.033279</ele>
<time>2008-05-27T08:28:17.099Z</time>
</trkpt>
<trkpt lat="44.8419600" lon="9.0295800">
<ele>251.033279</ele>
<time>2008-05-27T08:28:20.004Z</time>
</trkpt>
<trkpt lat="44.8418300" lon="9.0296400">
<ele>250.088394</ele>
<time>2008-05-27T08:28:21.099Z</time>
</trkpt>
<trkpt lat="44.8417100" lon="9.0297100">
<ele>248.625366</ele>
<time>2008-05-27T08:28:24.004Z</time>
</trkpt>
<trkpt lat="44.8415800" lon="9.0297700">
<ele>249.113037</ele>
<time>2008-05-27T08:28:26.000Z</time>
</trkpt>
<trkpt lat="44.8414400" lon="9.0298300">
<ele>249.113037</ele>
<time>2008-05-27T08:28:28.004Z</time>
</trkpt>
<trkpt lat="44.8413200" lon="9.0298900">
<ele>248.625366</ele>
<time>2008-05-27T08:28:30.000Z</time>
</trkpt>
<trkpt lat="44.8412000" lon="9.0299600">
<ele>249.600723</ele>
<time>2008-05-27T08:28:31.096Z</time>
</trkpt>
<trkpt lat="44.8411100" lon="9.0300300">
<ele>248.625366</ele>
<time>2008-05-27T08:28:34.000Z</time>
</trkpt>
<trkpt lat="44.8410500" lon="9.0301100">
<ele>248.625366</ele>
<time>2008-05-27T08:28:35.096Z</time>
</trkpt>
<trkpt lat="44.8410000" lon="9.0301800">
<ele>248.168167</ele>
<time>2008-05-27T08:28:46.001Z</time>
</trkpt>
<trkpt lat="44.8409100" lon="9.0303000">
<ele>248.168167</ele>
<time>2008-05-27T08:29:11.099Z</time>
</trkpt>
<trkpt lat="44.8408200" lon="9.0304100">
<ele>248.625366</ele>
<time>2008-05-27T08:29:15.099Z</time>
</trkpt>
<trkpt lat="44.8407300" lon="9.0305200">
<ele>248.625366</ele>
<time>2008-05-27T08:29:18.097Z</time>
</trkpt>
<trkpt lat="44.8406500" lon="9.0306500">
<ele>248.625366</ele>
<time>2008-05-27T08:29:22.004Z</time>
</trkpt>
<trkpt lat="44.8406200" lon="9.0308200">
<ele>249.600723</ele>
<time>2008-05-27T08:29:25.002Z</time>
</trkpt>
<trkpt lat="44.8406300" lon="9.0309500">
<ele>249.600723</ele>
<time>2008-05-27T08:29:26.098Z</time>
</trkpt>
<trkpt lat="44.8406300" lon="9.0310800">
<ele>249.600723</ele>
<time>2008-05-27T08:29:29.003Z</time>
</trkpt>
<trkpt lat="44.8406400" lon="9.0312100">
<ele>250.088394</ele>
<time>2008-05-27T08:29:30.098Z</time>
</trkpt>
<trkpt lat="44.8406400" lon="9.0313900">
<ele>250.545593</ele>
<time>2008-05-27T08:29:33.096Z</time>
</trkpt>
<trkpt lat="44.8406600" lon="9.0315800">
<ele>252.008636</ele>
<time>2008-05-27T08:29:37.003Z</time>
</trkpt>
<trkpt lat="44.8406800" lon="9.0317400">
<ele>253.928879</ele>
<time>2008-05-27T08:29:40.001Z</time>
</trkpt>
<trkpt lat="44.8406400" lon="9.0319000">
<ele>255.849121</ele>
<time>2008-05-27T08:29:44.002Z</time>
</trkpt>
<trkpt lat="44.8405400" lon="9.0320000">
<ele>256.824463</ele>
<time>2008-05-27T08:29:47.000Z</time>
</trkpt>
<trkpt lat="44.8404400" lon="9.0320500">
<ele>257.769379</ele>
<time>2008-05-27T08:29:49.004Z</time>
</trkpt>
<trkpt lat="44.8403500" lon="9.0321300">
<ele>258.257050</ele>
<time>2008-05-27T08:29:51.000Z</time>
</trkpt>
<trkpt lat="44.8402700" lon="9.0322200">
<ele>258.744720</ele>
<time>2008-05-27T08:29:52.096Z</time>
</trkpt>
<trkpt lat="44.8401900" lon="9.0323300">
<ele>259.201935</ele>
<time>2008-05-27T08:29:55.000Z</time>
</trkpt>
<trkpt lat="44.8401000" lon="9.0324600">
<ele>258.744720</ele>
<time>2008-05-27T08:29:56.096Z</time>
</trkpt>
<trkpt lat="44.8400100" lon="9.0326000">
<ele>259.689606</ele>
<time>2008-05-27T08:29:59.001Z</time>
</trkpt>
<trkpt lat="44.8399300" lon="9.0327300">
<ele>259.689606</ele>
<time>2008-05-27T08:30:00.096Z</time>
</trkpt>
<trkpt lat="44.8398700" lon="9.0328100">
<ele>260.177277</ele>
<time>2008-05-27T08:30:03.001Z</time>
</trkpt>
<trkpt lat="44.8398200" lon="9.0328900">
<ele>261.122162</ele>
<time>2008-05-27T08:30:45.000Z</time>
</trkpt>
<trkpt lat="44.8397300" lon="9.0330100">
<ele>261.122162</ele>
<time>2008-05-27T08:31:52.097Z</time>
</trkpt>
<trkpt lat="44.8396500" lon="9.0331300">
<ele>262.097534</ele>
<time>2008-05-27T08:31:56.004Z</time>
</trkpt>
<trkpt lat="44.8395700" lon="9.0332100">
<ele>262.585205</ele>
<time>2008-05-27T08:31:57.099Z</time>
</trkpt>
<trkpt lat="44.8394800" lon="9.0333000">
<ele>263.530060</ele>
<time>2008-05-27T08:32:00.004Z</time>
</trkpt>
<trkpt lat="44.8393700" lon="9.0334000">
<ele>263.530060</ele>
<time>2008-05-27T08:32:02.000Z</time>
</trkpt>
<trkpt lat="44.8392700" lon="9.0335000">
<ele>264.017761</ele>
<time>2008-05-27T08:32:04.004Z</time>
</trkpt>
<trkpt lat="44.8391700" lon="9.0335900">
<ele>264.505432</ele>
<time>2008-05-27T08:32:06.000Z</time>
</trkpt>
<trkpt lat="44.8390600" lon="9.0336900">
<ele>264.993134</ele>
<time>2008-05-27T08:32:07.096Z</time>
</trkpt>
<trkpt lat="44.8389700" lon="9.0337900">
<ele>264.993134</ele>
<time>2008-05-27T08:32:10.000Z</time>
</trkpt>
<trkpt lat="44.8388700" lon="9.0338800">
<ele>265.450317</ele>
<time>2008-05-27T08:32:11.096Z</time>
</trkpt>
<trkpt lat="44.8387900" lon="9.0339800">
<ele>264.993134</ele>
<time>2008-05-27T08:32:14.001Z</time>
</trkpt>
<trkpt lat="44.8387000" lon="9.0340800">
<ele>265.450317</ele>
<time>2008-05-27T08:32:15.096Z</time>
</trkpt>
<trkpt lat="44.8386200" lon="9.0341700">
<ele>265.450317</ele>
<time>2008-05-27T08:32:18.001Z</time>
</trkpt>
<trkpt lat="44.8385400" lon="9.0342600">
<ele>265.450317</ele>
<time>2008-05-27T08:32:19.097Z</time>
</trkpt>
<trkpt lat="44.8384700" lon="9.0343400">
<ele>265.937988</ele>
<time>2008-05-27T08:32:22.001Z</time>
</trkpt>
<trkpt lat="44.8384100" lon="9.0344200">
<ele>265.450317</ele>
<time>2008-05-27T08:32:24.099Z</time>
</trkpt>
<trkpt lat="44.8383300" lon="9.0344500">
<ele>266.913361</ele>
<time>2008-05-27T08:32:50.004Z</time>
</trkpt>
<trkpt lat="44.8382600" lon="9.0343000">
<ele>266.425659</ele>
<time>2008-05-27T08:32:54.004Z</time>
</trkpt>
<trkpt lat="44.8382000" lon="9.0341500">
<ele>266.425659</ele>
<time>2008-05-27T08:32:57.002Z</time>
</trkpt>
<trkpt lat="44.8381500" lon="9.0339800">
<ele>265.450317</ele>
<time>2008-05-27T08:33:00.000Z</time>
</trkpt>
<trkpt lat="44.8381300" lon="9.0337900">
<ele>264.993134</ele>
<time>2008-05-27T08:33:02.098Z</time>
</trkpt>
<trkpt lat="44.8381400" lon="9.0336100">
<ele>264.993134</ele>
<time>2008-05-27T08:33:05.096Z</time>
</trkpt>
<trkpt lat="44.8381400" lon="9.0335000">
<ele>264.505432</ele>
<time>2008-05-27T08:33:09.003Z</time>
</trkpt>
<trkpt lat="44.8381100" lon="9.0333800">
<ele>264.505432</ele>
<time>2008-05-27T08:33:13.097Z</time>
</trkpt>
<trkpt lat="44.8380200" lon="9.0333600">
<ele>264.505432</ele>
<time>2008-05-27T08:33:25.004Z</time>
</trkpt>
<trkpt lat="44.8379300" lon="9.0334500">
<ele>264.505432</ele>
<time>2008-05-27T08:33:28.002Z</time>
</trkpt>
<trkpt lat="44.8378500" lon="9.0335200">
<ele>264.993134</ele>
<time>2008-05-27T08:33:29.098Z</time>
</trkpt>
<trkpt lat="44.8377700" lon="9.0336000">
<ele>264.993134</ele>
<time>2008-05-27T08:33:32.003Z</time>
</trkpt>
<trkpt lat="44.8376800" lon="9.0336900">
<ele>266.425659</ele>
<time>2008-05-27T08:33:33.098Z</time>
</trkpt>
<trkpt lat="44.8375900" lon="9.0337800">
<ele>265.450317</ele>
<time>2008-05-27T08:33:36.003Z</time>
</trkpt>
<trkpt lat="44.8374900" lon="9.0338700">
<ele>265.450317</ele>
<time>2008-05-27T08:33:37.099Z</time>
</trkpt>
<trkpt lat="44.8374000" lon="9.0339500">
<ele>264.993134</ele>
<time>2008-05-27T08:33:40.003Z</time>
</trkpt>
<trkpt lat="44.8373100" lon="9.0340400">
<ele>264.993134</ele>
<time>2008-05-27T08:33:41.099Z</time>
</trkpt>
<trkpt lat="44.8372200" lon="9.0341400">
<ele>264.993134</ele>
<time>2008-05-27T08:33:44.004Z</time>
</trkpt>
<trkpt lat="44.8371100" lon="9.0342300">
<ele>264.505432</ele>
<time>2008-05-27T08:33:45.099Z</time>
</trkpt>
<trkpt lat="44.8370100" lon="9.0343400">
<ele>264.993134</ele>
<time>2008-05-27T08:33:48.004Z</time>
</trkpt>
<trkpt lat="44.8369000" lon="9.0344500">
<ele>264.505432</ele>
<time>2008-05-27T08:33:50.000Z</time>
</trkpt>
<trkpt lat="44.8367800" lon="9.0345600">
<ele>264.017761</ele>
<time>2008-05-27T08:33:52.004Z</time>
</trkpt>
<trkpt lat="44.8366600" lon="9.0346800">
<ele>264.017761</ele>
<time>2008-05-27T08:33:54.000Z</time>
</trkpt>
<trkpt lat="44.8365400" lon="9.0348000">
<ele>263.530060</ele>
<time>2008-05-27T08:33:55.096Z</time>
</trkpt>
<trkpt lat="44.8364200" lon="9.0349200">
<ele>264.017761</ele>
<time>2008-05-27T08:33:58.000Z</time>
</trkpt>
<trkpt lat="44.8363100" lon="9.0350500">
<ele>263.530060</ele>
<time>2008-05-27T08:33:59.096Z</time>
</trkpt>
<trkpt lat="44.8362200" lon="9.0351700">
<ele>263.530060</ele>
<time>2008-05-27T08:34:02.001Z</time>
</trkpt>
<trkpt lat="44.8361300" lon="9.0353100">
<ele>263.072876</ele>
<time>2008-05-27T08:34:03.096Z</time>
</trkpt>
<trkpt lat="44.8360500" lon="9.0354600">
<ele>263.530060</ele>
<time>2008-05-27T08:34:06.001Z</time>
</trkpt>
<trkpt lat="44.8359700" lon="9.0356100">
<ele>263.072876</ele>
<time>2008-05-27T08:34:07.097Z</time>
</trkpt>
<trkpt lat="44.8358900" lon="9.0357700">
<ele>263.072876</ele>
<time>2008-05-27T08:34:10.001Z</time>
</trkpt>
<trkpt lat="44.8358200" lon="9.0359100">
<ele>262.585205</ele>
<time>2008-05-27T08:34:11.097Z</time>
</trkpt>
<trkpt lat="44.8357500" lon="9.0360500">
<ele>262.097534</ele>
<time>2008-05-27T08:34:14.002Z</time>
</trkpt>
<trkpt lat="44.8356900" lon="9.0361700">
<ele>261.122162</ele>
<time>2008-05-27T08:34:15.097Z</time>
</trkpt>
<trkpt lat="44.8356200" lon="9.0363000">
<ele>261.122162</ele>
<time>2008-05-27T08:34:18.002Z</time>
</trkpt>
<trkpt lat="44.8355300" lon="9.0364100">
<ele>261.122162</ele>
<time>2008-05-27T08:34:19.098Z</time>
</trkpt>
<trkpt lat="44.8354300" lon="9.0365300">
<ele>261.122162</ele>
<time>2008-05-27T08:34:22.002Z</time>
</trkpt>
<trkpt lat="44.8353200" lon="9.0366400">
<ele>260.177277</ele>
<time>2008-05-27T08:34:23.098Z</time>
</trkpt>
<trkpt lat="44.8352100" lon="9.0367400">
<ele>260.177277</ele>
<time>2008-05-27T08:34:26.003Z</time>
</trkpt>
<trkpt lat="44.8351000" lon="9.0368300">
<ele>259.201935</ele>
<time>2008-05-27T08:34:27.098Z</time>
</trkpt>
<trkpt lat="44.8349800" lon="9.0369000">
<ele>258.744720</ele>
<time>2008-05-27T08:34:30.003Z</time>
</trkpt>
<trkpt lat="44.8348700" lon="9.0369500">
<ele>258.744720</ele>
<time>2008-05-27T08:34:31.099Z</time>
</trkpt>
<trkpt lat="44.8347500" lon="9.0369700">
<ele>257.281677</ele>
<time>2008-05-27T08:34:34.003Z</time>
</trkpt>
<trkpt lat="44.8346300" lon="9.0369600">
<ele>257.281677</ele>
<time>2008-05-27T08:34:35.099Z</time>
</trkpt>
<trkpt lat="44.8345200" lon="9.0369600">
<ele>256.336792</ele>
<time>2008-05-27T08:34:38.004Z</time>
</trkpt>
<trkpt lat="44.8344200" lon="9.0369600">
<ele>256.336792</ele>
<time>2008-05-27T08:34:39.099Z</time>
</trkpt>
<trkpt lat="44.8343100" lon="9.0369900">
<ele>255.849121</ele>
<time>2008-05-27T08:34:42.097Z</time>
</trkpt>
<trkpt lat="44.8342100" lon="9.0370400">
<ele>255.361435</ele>
<time>2008-05-27T08:34:46.098Z</time>
</trkpt>
<trkpt lat="44.8341400" lon="9.0371400">
<ele>255.361435</ele>
<time>2008-05-27T08:35:27.001Z</time>
</trkpt>
<trkpt lat="44.8341000" lon="9.0372800">
<ele>255.361435</ele>
<time>2008-05-27T08:35:31.001Z</time>
</trkpt>
<trkpt lat="44.8340500" lon="9.0374200">
<ele>255.849121</ele>
<time>2008-05-27T08:35:33.099Z</time>
</trkpt>
<trkpt lat="44.8340100" lon="9.0375700">
<ele>255.849121</ele>
<time>2008-05-27T08:35:36.097Z</time>
</trkpt>
<trkpt lat="44.8339600" lon="9.0377400">
<ele>257.281677</ele>
<time>2008-05-27T08:35:40.004Z</time>
</trkpt>
<trkpt lat="44.8339400" lon="9.0378600">
<ele>256.824463</ele>
<time>2008-05-27T08:35:42.000Z</time>
</trkpt>
<trkpt lat="44.8339300" lon="9.0380000">
<ele>257.281677</ele>
<time>2008-05-27T08:35:43.096Z</time>
</trkpt>
<trkpt lat="44.8339300" lon="9.0381400">
<ele>257.769379</ele>
<time>2008-05-27T08:35:46.000Z</time>
</trkpt>
<trkpt lat="44.8339400" lon="9.0382800">
<ele>258.257050</ele>
<time>2008-05-27T08:35:47.096Z</time>
</trkpt>
<trkpt lat="44.8339500" lon="9.0384200">
<ele>258.744720</ele>
<time>2008-05-27T08:35:50.001Z</time>
</trkpt>
<trkpt lat="44.8339600" lon="9.0385700">
<ele>259.201935</ele>
<time>2008-05-27T08:35:51.096Z</time>
</trkpt>
<trkpt lat="44.8339600" lon="9.0387300">
<ele>260.177277</ele>
<time>2008-05-27T08:35:54.001Z</time>
</trkpt>
<trkpt lat="44.8339600" lon="9.0389000">
<ele>260.664978</ele>
<time>2008-05-27T08:35:55.097Z</time>
</trkpt>
<trkpt lat="44.8339500" lon="9.0390600">
<ele>261.122162</ele>
<time>2008-05-27T08:35:58.001Z</time>
</trkpt>
<trkpt lat="44.8339400" lon="9.0392300">
<ele>261.122162</ele>
<time>2008-05-27T08:35:59.097Z</time>
</trkpt>
<trkpt lat="44.8339300" lon="9.0394100">
<ele>262.585205</ele>
<time>2008-05-27T08:36:02.002Z</time>
</trkpt>
<trkpt lat="44.8339300" lon="9.0395800">
<ele>263.530060</ele>
<time>2008-05-27T08:36:03.097Z</time>
</trkpt>
<trkpt lat="44.8339400" lon="9.0397600">
<ele>264.017761</ele>
<time>2008-05-27T08:36:06.002Z</time>
</trkpt>
<trkpt lat="44.8339400" lon="9.0399400">
<ele>264.993134</ele>
<time>2008-05-27T08:36:07.098Z</time>
</trkpt>
<trkpt lat="44.8339500" lon="9.0401100">
<ele>264.993134</ele>
<time>2008-05-27T08:36:10.002Z</time>
</trkpt>
<trkpt lat="44.8339600" lon="9.0402800">
<ele>265.937988</ele>
<time>2008-05-27T08:36:11.098Z</time>
</trkpt>
<trkpt lat="44.8339700" lon="9.0404500">
<ele>265.937988</ele>
<time>2008-05-27T08:36:14.003Z</time>
</trkpt>
<trkpt lat="44.8339900" lon="9.0406200">
<ele>266.913361</ele>
<time>2008-05-27T08:36:15.098Z</time>
</trkpt>
<trkpt lat="44.8340100" lon="9.0407900">
<ele>266.913361</ele>
<time>2008-05-27T08:36:18.003Z</time>
</trkpt>
<trkpt lat="44.8340300" lon="9.0409400">
<ele>266.425659</ele>
<time>2008-05-27T08:36:19.099Z</time>
</trkpt>
<trkpt lat="44.8340500" lon="9.0410600">
<ele>266.425659</ele>
<time>2008-05-27T08:36:22.003Z</time>
</trkpt>
<trkpt lat="44.8340600" lon="9.0411900">
<ele>267.370575</ele>
<time>2008-05-27T08:36:23.099Z</time>
</trkpt>
<trkpt lat="44.8340800" lon="9.0413100">
<ele>267.370575</ele>
<time>2008-05-27T08:36:26.004Z</time>
</trkpt>
<trkpt lat="44.8341100" lon="9.0414800">
<ele>267.370575</ele>
<time>2008-05-27T08:36:29.002Z</time>
</trkpt>
<trkpt lat="44.8341500" lon="9.0416500">
<ele>267.858246</ele>
<time>2008-05-27T08:36:32.000Z</time>
</trkpt>
<trkpt lat="44.8342000" lon="9.0417800">
<ele>267.858246</ele>
<time>2008-05-27T08:36:34.004Z</time>
</trkpt>
<trkpt lat="44.8342600" lon="9.0419200">
<ele>268.345917</ele>
<time>2008-05-27T08:36:36.000Z</time>
</trkpt>
<trkpt lat="44.8343300" lon="9.0420600">
<ele>268.833588</ele>
<time>2008-05-27T08:36:37.096Z</time>
</trkpt>
<trkpt lat="44.8344000" lon="9.0422200">
<ele>268.833588</ele>
<time>2008-05-27T08:36:40.000Z</time>
</trkpt>
<trkpt lat="44.8344700" lon="9.0423800">
<ele>268.345917</ele>
<time>2008-05-27T08:36:41.096Z</time>
</trkpt>
<trkpt lat="44.8345500" lon="9.0425600">
<ele>269.321259</ele>
<time>2008-05-27T08:36:44.001Z</time>
</trkpt>
<trkpt lat="44.8346300" lon="9.0427400">
<ele>269.778473</ele>
<time>2008-05-27T08:36:45.096Z</time>
</trkpt>
<trkpt lat="44.8347000" lon="9.0429200">
<ele>269.778473</ele>
<time>2008-05-27T08:36:48.001Z</time>
</trkpt>
<trkpt lat="44.8347700" lon="9.0431100">
<ele>270.266174</ele>
<time>2008-05-27T08:36:49.097Z</time>
</trkpt>
<trkpt lat="44.8348400" lon="9.0433000">
<ele>270.753845</ele>
<time>2008-05-27T08:36:52.001Z</time>
</trkpt>
<trkpt lat="44.8349100" lon="9.0435000">
<ele>271.241516</ele>
<time>2008-05-27T08:36:53.097Z</time>
</trkpt>
<trkpt lat="44.8349700" lon="9.0436900">
<ele>270.753845</ele>
<time>2008-05-27T08:36:56.002Z</time>
</trkpt>
<trkpt lat="44.8350100" lon="9.0438800">
<ele>270.753845</ele>
<time>2008-05-27T08:36:57.097Z</time>
</trkpt>
<trkpt lat="44.8350500" lon="9.0440600">
<ele>271.698730</ele>
<time>2008-05-27T08:37:00.002Z</time>
</trkpt>
<trkpt lat="44.8350900" lon="9.0442400">
<ele>271.698730</ele>
<time>2008-05-27T08:37:01.098Z</time>
</trkpt>
<trkpt lat="44.8351200" lon="9.0444100">
<ele>271.698730</ele>
<time>2008-05-27T08:37:04.002Z</time>
</trkpt>
<trkpt lat="44.8351500" lon="9.0445800">
<ele>272.674072</ele>
<time>2008-05-27T08:37:05.098Z</time>
</trkpt>
<trkpt lat="44.8351900" lon="9.0447600">
<ele>273.618958</ele>
<time>2008-05-27T08:37:08.003Z</time>
</trkpt>
<trkpt lat="44.8352300" lon="9.0449200">
<ele>273.161774</ele>
<time>2008-05-27T08:37:09.098Z</time>
</trkpt>
<trkpt lat="44.8352700" lon="9.0450800">
<ele>273.618958</ele>
<time>2008-05-27T08:37:12.003Z</time>
</trkpt>
<trkpt lat="44.8352800" lon="9.0452100">
<ele>274.106628</ele>
<time>2008-05-27T08:37:13.099Z</time>
</trkpt>
<trkpt lat="44.8352600" lon="9.0453200">
<ele>272.674072</ele>
<time>2008-05-27T08:37:16.097Z</time>
</trkpt>
<trkpt lat="44.8352000" lon="9.0454500">
<ele>273.161774</ele>
<time>2008-05-27T08:37:28.098Z</time>
</trkpt>
<trkpt lat="44.8352200" lon="9.0455700">
<ele>273.161774</ele>
<time>2008-05-27T08:37:50.002Z</time>
</trkpt>
<trkpt lat="44.8352500" lon="9.0456900">
<ele>273.161774</ele>
<time>2008-05-27T08:37:55.004Z</time>
</trkpt>
<trkpt lat="44.8353000" lon="9.0458100">
<ele>273.161774</ele>
<time>2008-05-27T08:37:58.096Z</time>
</trkpt>
<trkpt lat="44.8353300" lon="9.0459300">
<ele>273.618958</ele>
<time>2008-05-27T08:38:02.003Z</time>
</trkpt>
<trkpt lat="44.8353300" lon="9.0460600">
<ele>276.026886</ele>
<time>2008-05-27T08:38:36.001Z</time>
</trkpt>
<trkpt lat="44.8352800" lon="9.0462300">
<ele>277.489929</ele>
<time>2008-05-27T08:38:38.099Z</time>
</trkpt>
<trkpt lat="44.8352400" lon="9.0463600">
<ele>279.410156</ele>
<time>2008-05-27T08:38:41.004Z</time>
</trkpt>
<trkpt lat="44.8352000" lon="9.0464900">
<ele>279.410156</ele>
<time>2008-05-27T08:38:42.099Z</time>
</trkpt>
<trkpt lat="44.8351700" lon="9.0466200">
<ele>280.842712</ele>
<time>2008-05-27T08:38:45.004Z</time>
</trkpt>
<trkpt lat="44.8351300" lon="9.0467900">
<ele>281.330414</ele>
<time>2008-05-27T08:38:47.000Z</time>
</trkpt>
<trkpt lat="44.8350900" lon="9.0469700">
<ele>281.818085</ele>
<time>2008-05-27T08:38:49.004Z</time>
</trkpt>
<trkpt lat="44.8350500" lon="9.0471600">
<ele>282.275269</ele>
<time>2008-05-27T08:38:51.000Z</time>
</trkpt>
<trkpt lat="44.8350000" lon="9.0473600">
<ele>282.762970</ele>
<time>2008-05-27T08:38:52.096Z</time>
</trkpt>
<trkpt lat="44.8349600" lon="9.0475600">
<ele>285.170868</ele>
<time>2008-05-27T08:38:55.000Z</time>
</trkpt>
<trkpt lat="44.8349100" lon="9.0477600">
<ele>287.091125</ele>
<time>2008-05-27T08:38:56.096Z</time>
</trkpt>
<trkpt lat="44.8348700" lon="9.0479500">
<ele>289.011353</ele>
<time>2008-05-27T08:38:59.001Z</time>
</trkpt>
<trkpt lat="44.8348300" lon="9.0481400">
<ele>289.986725</ele>
<time>2008-05-27T08:39:00.096Z</time>
</trkpt>
<trkpt lat="44.8347900" lon="9.0483400">
<ele>291.419281</ele>
<time>2008-05-27T08:39:03.001Z</time>
</trkpt>
<trkpt lat="44.8347500" lon="9.0485400">
<ele>293.339539</ele>
<time>2008-05-27T08:39:04.097Z</time>
</trkpt>
<trkpt lat="44.8347100" lon="9.0487400">
<ele>295.259766</ele>
<time>2008-05-27T08:39:07.001Z</time>
</trkpt>
<trkpt lat="44.8346600" lon="9.0489500">
<ele>296.692322</ele>
<time>2008-05-27T08:39:08.097Z</time>
</trkpt>
<trkpt lat="44.8346100" lon="9.0491600">
<ele>298.612549</ele>
<time>2008-05-27T08:39:11.002Z</time>
</trkpt>
<trkpt lat="44.8345600" lon="9.0493700">
<ele>299.587921</ele>
<time>2008-05-27T08:39:12.097Z</time>
</trkpt>
<trkpt lat="44.8345000" lon="9.0495600">
<ele>301.020477</ele>
<time>2008-05-27T08:39:15.002Z</time>
</trkpt>
<trkpt lat="44.8344500" lon="9.0497600">
<ele>302.483521</ele>
<time>2008-05-27T08:39:16.098Z</time>
</trkpt>
<trkpt lat="44.8344000" lon="9.0499700">
<ele>305.348633</ele>
<time>2008-05-27T08:39:19.002Z</time>
</trkpt>
<trkpt lat="44.8343700" lon="9.0501800">
<ele>306.811676</ele>
<time>2008-05-27T08:39:20.098Z</time>
</trkpt>
<trkpt lat="44.8343400" lon="9.0504000">
<ele>308.731934</ele>
<time>2008-05-27T08:39:23.003Z</time>
</trkpt>
<trkpt lat="44.8343200" lon="9.0506000">
<ele>310.164459</ele>
<time>2008-05-27T08:39:24.098Z</time>
</trkpt>
<trkpt lat="44.8343000" lon="9.0508000">
<ele>312.572388</ele>
<time>2008-05-27T08:39:27.003Z</time>
</trkpt>
<trkpt lat="44.8342800" lon="9.0509900">
<ele>315.925201</ele>
<time>2008-05-27T08:39:28.099Z</time>
</trkpt>
<trkpt lat="44.8342500" lon="9.0511600">
<ele>317.357758</ele>
<time>2008-05-27T08:39:31.003Z</time>
</trkpt>
<trkpt lat="44.8342300" lon="9.0512600">
<ele>317.845459</ele>
<time>2008-05-27T08:39:32.099Z</time>
</trkpt>
<trkpt lat="44.8342000" lon="9.0514000">
<ele>318.820801</ele>
<time>2008-05-27T08:39:39.097Z</time>
</trkpt>
<trkpt lat="44.8341800" lon="9.0515400">
<ele>320.741058</ele>
<time>2008-05-27T08:39:43.004Z</time>
</trkpt>
<trkpt lat="44.8341600" lon="9.0516700">
<ele>322.661285</ele>
<time>2008-05-27T08:39:46.002Z</time>
</trkpt>
<trkpt lat="44.8341300" lon="9.0518000">
<ele>323.148956</ele>
<time>2008-05-27T08:39:49.000Z</time>
</trkpt>
<trkpt lat="44.8341100" lon="9.0519500">
<ele>325.069214</ele>
<time>2008-05-27T08:39:53.001Z</time>
</trkpt>
<trkpt lat="44.8341100" lon="9.0520600">
<ele>326.014069</ele>
<time>2008-05-27T08:39:58.003Z</time>
</trkpt>
<trkpt lat="44.8341500" lon="9.0521800">
<ele>326.501740</ele>
<time>2008-05-27T08:40:26.099Z</time>
</trkpt>
<trkpt lat="44.8341700" lon="9.0523400">
<ele>326.989441</ele>
<time>2008-05-27T08:40:30.099Z</time>
</trkpt>
<trkpt lat="44.8341900" lon="9.0524800">
<ele>328.421997</ele>
<time>2008-05-27T08:40:33.097Z</time>
</trkpt>
<trkpt lat="44.8341900" lon="9.0526300">
<ele>331.317596</ele>
<time>2008-05-27T08:40:37.004Z</time>
</trkpt>
<trkpt lat="44.8341600" lon="9.0527700">
<ele>332.750153</ele>
<time>2008-05-27T08:40:40.002Z</time>
</trkpt>
<trkpt lat="44.8341400" lon="9.0529200">
<ele>333.725525</ele>
<time>2008-05-27T08:40:43.000Z</time>
</trkpt>
<trkpt lat="44.8341300" lon="9.0530600">
<ele>334.182739</ele>
<time>2008-05-27T08:40:45.098Z</time>
</trkpt>
<trkpt lat="44.8341500" lon="9.0531900">
<ele>336.102936</ele>
<time>2008-05-27T08:40:48.096Z</time>
</trkpt>
<trkpt lat="44.8341900" lon="9.0533300">
<ele>337.078339</ele>
<time>2008-05-27T08:40:52.003Z</time>
</trkpt>
<trkpt lat="44.8342400" lon="9.0534900">
<ele>338.510864</ele>
<time>2008-05-27T08:40:55.001Z</time>
</trkpt>
<trkpt lat="44.8343000" lon="9.0536300">
<ele>339.486267</ele>
<time>2008-05-27T08:40:57.099Z</time>
</trkpt>
<trkpt lat="44.8343500" lon="9.0537400">
<ele>341.894135</ele>
<time>2008-05-27T08:41:00.097Z</time>
</trkpt>
<trkpt lat="44.8344100" lon="9.0538800">
<ele>343.326721</ele>
<time>2008-05-27T08:41:04.098Z</time>
</trkpt>
<trkpt lat="44.8344600" lon="9.0540000">
<ele>345.246948</ele>
<time>2008-05-27T08:41:07.096Z</time>
</trkpt>
<trkpt lat="44.8345000" lon="9.0541200">
<ele>345.734650</ele>
<time>2008-05-27T08:41:11.003Z</time>
</trkpt>
<trkpt lat="44.8345400" lon="9.0542500">
<ele>346.222321</ele>
<time>2008-05-27T08:41:14.001Z</time>
</trkpt>
<trkpt lat="44.8345600" lon="9.0543600">
<ele>346.679535</ele>
<time>2008-05-27T08:41:16.099Z</time>
</trkpt>
<trkpt lat="44.8345600" lon="9.0543800">
<ele>347.654877</ele>
<time>2008-05-27T08:41:54.097Z</time>
</trkpt>
<trkpt lat="44.8345600" lon="9.0545500">
<ele>348.630249</ele>
<time>2008-05-27T08:41:58.098Z</time>
</trkpt>
<trkpt lat="44.8345400" lon="9.0546700">
<ele>349.087463</ele>
<time>2008-05-27T08:42:01.096Z</time>
</trkpt>
<trkpt lat="44.8345200" lon="9.0548100">
<ele>349.087463</ele>
<time>2008-05-27T08:42:05.096Z</time>
</trkpt>
<trkpt lat="44.8344900" lon="9.0549300">
<ele>349.087463</ele>
<time>2008-05-27T08:42:10.099Z</time>
</trkpt>
<trkpt lat="44.8344600" lon="9.0550600">
<ele>349.575134</ele>
<time>2008-05-27T08:43:37.001Z</time>
</trkpt>
<trkpt lat="44.8344200" lon="9.0551800">
<ele>349.575134</ele>
<time>2008-05-27T08:43:42.004Z</time>
</trkpt>
<trkpt lat="44.8343800" lon="9.0553100">
<ele>349.575134</ele>
<time>2008-05-27T08:43:46.004Z</time>
</trkpt>
<trkpt lat="44.8343400" lon="9.0554500">
<ele>350.062805</ele>
<time>2008-05-27T08:43:49.096Z</time>
</trkpt>
<trkpt lat="44.8342900" lon="9.0555900">
<ele>350.062805</ele>
<time>2008-05-27T08:43:53.096Z</time>
</trkpt>
<trkpt lat="44.8342400" lon="9.0557400">
<ele>351.007660</ele>
<time>2008-05-27T08:43:57.096Z</time>
</trkpt>
<trkpt lat="44.8342000" lon="9.0558600">
<ele>352.470734</ele>
<time>2008-05-27T08:44:01.097Z</time>
</trkpt>
<trkpt lat="44.8341500" lon="9.0559900">
<ele>352.927917</ele>
<time>2008-05-27T08:44:05.097Z</time>
</trkpt>
<trkpt lat="44.8341000" lon="9.0561100">
<ele>352.470734</ele>
<time>2008-05-27T08:44:09.097Z</time>
</trkpt>
<trkpt lat="44.8340600" lon="9.0562400">
<ele>352.927917</ele>
<time>2008-05-27T08:44:15.000Z</time>
</trkpt>
<trkpt lat="44.8340000" lon="9.0563900">
<ele>352.470734</ele>
<time>2008-05-27T08:44:32.004Z</time>
</trkpt>
<trkpt lat="44.8339500" lon="9.0565200">
<ele>352.470734</ele>
<time>2008-05-27T08:44:36.004Z</time>
</trkpt>
<trkpt lat="44.8339000" lon="9.0566600">
<ele>352.470734</ele>
<time>2008-05-27T08:44:40.098Z</time>
</trkpt>
<trkpt lat="44.8338600" lon="9.0567700">
<ele>351.495331</ele>
<time>2008-05-27T08:44:46.000Z</time>
</trkpt>
<trkpt lat="44.8338100" lon="9.0569000">
<ele>351.495331</ele>
<time>2008-05-27T08:44:51.096Z</time>
</trkpt>
<trkpt lat="44.8337400" lon="9.0570500">
<ele>352.470734</ele>
<time>2008-05-27T08:44:56.099Z</time>
</trkpt>
<trkpt lat="44.8336700" lon="9.0571700">
<ele>353.903259</ele>
<time>2008-05-27T08:44:59.097Z</time>
</trkpt>
<trkpt lat="44.8336100" lon="9.0573000">
<ele>354.878662</ele>
<time>2008-05-27T08:45:03.004Z</time>
</trkpt>
<trkpt lat="44.8335500" lon="9.0574300">
<ele>356.311188</ele>
<time>2008-05-27T08:45:06.002Z</time>
</trkpt>
<trkpt lat="44.8334800" lon="9.0575300">
<ele>358.231445</ele>
<time>2008-05-27T08:45:09.000Z</time>
</trkpt>
<trkpt lat="44.8334100" lon="9.0576100">
<ele>360.151672</ele>
<time>2008-05-27T08:45:11.098Z</time>
</trkpt>
<trkpt lat="44.8333500" lon="9.0577500">
<ele>361.127045</ele>
<time>2008-05-27T08:45:15.098Z</time>
</trkpt>
<trkpt lat="44.8333100" lon="9.0578900">
<ele>361.127045</ele>
<time>2008-05-27T08:45:19.099Z</time>
</trkpt>
<trkpt lat="44.8332800" lon="9.0580200">
<ele>361.584259</ele>
<time>2008-05-27T08:45:25.001Z</time>
</trkpt>
<trkpt lat="44.8332400" lon="9.0581600">
<ele>362.071930</ele>
<time>2008-05-27T08:45:30.097Z</time>
</trkpt>
<trkpt lat="44.8332000" lon="9.0582800">
<ele>362.071930</ele>
<time>2008-05-27T08:45:36.000Z</time>
</trkpt>
<trkpt lat="44.8331500" lon="9.0584100">
<ele>363.047272</ele>
<time>2008-05-27T08:45:41.003Z</time>
</trkpt>
<trkpt lat="44.8331000" lon="9.0585300">
<ele>363.504486</ele>
<time>2008-05-27T08:45:45.003Z</time>
</trkpt>
<trkpt lat="44.8330500" lon="9.0586600">
<ele>364.479858</ele>
<time>2008-05-27T08:45:49.097Z</time>
</trkpt>
<trkpt lat="44.8330100" lon="9.0588000">
<ele>365.912415</ele>
<time>2008-05-27T08:45:53.097Z</time>
</trkpt>
<trkpt lat="44.8329600" lon="9.0589400">
<ele>366.887756</ele>
<time>2008-05-27T08:45:57.097Z</time>
</trkpt>
<trkpt lat="44.8329100" lon="9.0590700">
<ele>368.320313</ele>
<time>2008-05-27T08:46:01.098Z</time>
</trkpt>
<trkpt lat="44.8328300" lon="9.0591800">
<ele>368.808014</ele>
<time>2008-05-27T08:46:05.098Z</time>
</trkpt>
<trkpt lat="44.8327400" lon="9.0592800">
<ele>370.240540</ele>
<time>2008-05-27T08:46:09.098Z</time>
</trkpt>
<trkpt lat="44.8326500" lon="9.0593700">
<ele>372.160797</ele>
<time>2008-05-27T08:46:13.099Z</time>
</trkpt>
<trkpt lat="44.8325700" lon="9.0594600">
<ele>372.160797</ele>
<time>2008-05-27T08:46:17.099Z</time>
</trkpt>
<trkpt lat="44.8324900" lon="9.0595700">
<ele>374.081055</ele>
<time>2008-05-27T08:46:21.099Z</time>
</trkpt>
<trkpt lat="44.8324100" lon="9.0596800">
<ele>374.568726</ele>
<time>2008-05-27T08:46:26.000Z</time>
</trkpt>
<trkpt lat="44.8323500" lon="9.0598100">
<ele>376.001282</ele>
<time>2008-05-27T08:46:30.000Z</time>
</trkpt>
<trkpt lat="44.8323000" lon="9.0599300">
<ele>376.488953</ele>
<time>2008-05-27T08:46:34.000Z</time>
</trkpt>
<trkpt lat="44.8322500" lon="9.0600600">
<ele>377.921539</ele>
<time>2008-05-27T08:46:38.001Z</time>
</trkpt>
<trkpt lat="44.8322100" lon="9.0601400">
<ele>377.921539</ele>
<time>2008-05-27T08:47:49.098Z</time>
</trkpt>
<trkpt lat="44.8321400" lon="9.0602600">
<ele>377.921539</ele>
<time>2008-05-27T08:47:52.096Z</time>
</trkpt>
<trkpt lat="44.8320800" lon="9.0603900">
<ele>379.872253</ele>
<time>2008-05-27T08:47:56.003Z</time>
</trkpt>
<trkpt lat="44.8320200" lon="9.0605000">
<ele>381.304810</ele>
<time>2008-05-27T08:47:59.001Z</time>
</trkpt>
<trkpt lat="44.8319700" lon="9.0606100">
<ele>381.792480</ele>
<time>2008-05-27T08:48:01.099Z</time>
</trkpt>
<trkpt lat="44.8319200" lon="9.0607200">
<ele>382.249664</ele>
<time>2008-05-27T08:48:04.097Z</time>
</trkpt>
<trkpt lat="44.8318700" lon="9.0608300">
<ele>382.737335</ele>
<time>2008-05-27T08:48:08.004Z</time>
</trkpt>
<trkpt lat="44.8318100" lon="9.0609700">
<ele>384.657593</ele>
<time>2008-05-27T08:48:12.004Z</time>
</trkpt>
<trkpt lat="44.8317500" lon="9.0611000">
<ele>386.120667</ele>
<time>2008-05-27T08:48:16.004Z</time>
</trkpt>
<trkpt lat="44.8317000" lon="9.0612200">
<ele>387.553192</ele>
<time>2008-05-27T08:48:19.096Z</time>
</trkpt>
<trkpt lat="44.8316600" lon="9.0613300">
<ele>387.553192</ele>
<time>2008-05-27T08:48:23.096Z</time>
</trkpt>
<trkpt lat="44.8316200" lon="9.0614700">
<ele>388.498077</ele>
<time>2008-05-27T08:48:28.099Z</time>
</trkpt>
<trkpt lat="44.8315800" lon="9.0616000">
<ele>389.473450</ele>
<time>2008-05-27T08:48:34.001Z</time>
</trkpt>
<trkpt lat="44.8315400" lon="9.0617400">
<ele>390.418335</ele>
<time>2008-05-27T08:48:39.004Z</time>
</trkpt>
<trkpt lat="44.8315200" lon="9.0618600">
<ele>389.473450</ele>
<time>2008-05-27T08:49:55.001Z</time>
</trkpt>
<trkpt lat="44.8314800" lon="9.0620100">
<ele>391.393677</ele>
<time>2008-05-27T08:49:57.099Z</time>
</trkpt>
<trkpt lat="44.8314500" lon="9.0621600">
<ele>391.881348</ele>
<time>2008-05-27T08:50:00.097Z</time>
</trkpt>
<trkpt lat="44.8314200" lon="9.0623200">
<ele>393.313934</ele>
<time>2008-05-27T08:50:04.004Z</time>
</trkpt>
<trkpt lat="44.8313900" lon="9.0625000">
<ele>394.746460</ele>
<time>2008-05-27T08:50:07.002Z</time>
</trkpt>
<trkpt lat="44.8313500" lon="9.0626700">
<ele>396.209534</ele>
<time>2008-05-27T08:50:10.000Z</time>
</trkpt>
<trkpt lat="44.8313200" lon="9.0628300">
<ele>398.129730</ele>
<time>2008-05-27T08:50:12.098Z</time>
</trkpt>
<trkpt lat="44.8312900" lon="9.0629700">
<ele>399.074646</ele>
<time>2008-05-27T08:50:15.096Z</time>
</trkpt>
<trkpt lat="44.8312700" lon="9.0631000">
<ele>402.915131</ele>
<time>2008-05-27T08:50:22.001Z</time>
</trkpt>
<trkpt lat="44.8312400" lon="9.0632300">
<ele>403.402802</ele>
<time>2008-05-27T08:50:58.004Z</time>
</trkpt>
<trkpt lat="44.8312000" lon="9.0633700">
<ele>404.378143</ele>
<time>2008-05-27T08:51:01.096Z</time>
</trkpt>
<trkpt lat="44.8311800" lon="9.0634900">
<ele>405.810730</ele>
<time>2008-05-27T08:51:05.096Z</time>
</trkpt>
<trkpt lat="44.8311500" lon="9.0636200">
<ele>409.163513</ele>
<time>2008-05-27T09:04:48.099Z</time>
</trkpt>
<trkpt lat="44.8311200" lon="9.0638000">
<ele>409.163513</ele>
<time>2008-05-27T09:04:51.097Z</time>
</trkpt>
<trkpt lat="44.8311000" lon="9.0639600">
<ele>410.138885</ele>
<time>2008-05-27T09:04:55.004Z</time>
</trkpt>
<trkpt lat="44.8310800" lon="9.0640600">
<ele>411.571442</ele>
<time>2008-05-27T09:04:58.096Z</time>
</trkpt>
<trkpt lat="44.8310600" lon="9.0641800">
<ele>413.979340</ele>
<time>2008-05-27T09:05:59.001Z</time>
</trkpt>
<trkpt lat="44.8310200" lon="9.0643300">
<ele>414.467041</ele>
<time>2008-05-27T09:06:00.096Z</time>
</trkpt>
<trkpt lat="44.8309800" lon="9.0644800">
<ele>414.467041</ele>
<time>2008-05-27T09:06:03.001Z</time>
</trkpt>
<trkpt lat="44.8309500" lon="9.0646000">
<ele>415.411926</ele>
<time>2008-05-27T09:06:04.097Z</time>
</trkpt>
<trkpt lat="44.8309100" lon="9.0647400">
<ele>416.387268</ele>
<time>2008-05-27T09:06:07.001Z</time>
</trkpt>
<trkpt lat="44.8308700" lon="9.0648900">
<ele>417.362640</ele>
<time>2008-05-27T09:06:08.097Z</time>
</trkpt>
<trkpt lat="44.8308300" lon="9.0650400">
<ele>419.282867</ele>
<time>2008-05-27T09:06:11.002Z</time>
</trkpt>
<trkpt lat="44.8307900" lon="9.0651900">
<ele>422.148010</ele>
<time>2008-05-27T09:06:12.097Z</time>
</trkpt>
<trkpt lat="44.8307600" lon="9.0653500">
<ele>424.555939</ele>
<time>2008-05-27T09:06:15.002Z</time>
</trkpt>
<trkpt lat="44.8307300" lon="9.0655000">
<ele>425.988464</ele>
<time>2008-05-27T09:06:16.098Z</time>
</trkpt>
<trkpt lat="44.8307100" lon="9.0656600">
<ele>428.396393</ele>
<time>2008-05-27T09:06:19.002Z</time>
</trkpt>
<trkpt lat="44.8306900" lon="9.0658300">
<ele>429.371735</ele>
<time>2008-05-27T09:06:20.098Z</time>
</trkpt>
<trkpt lat="44.8306700" lon="9.0660000">
<ele>431.291992</ele>
<time>2008-05-27T09:06:23.003Z</time>
</trkpt>
<trkpt lat="44.8306600" lon="9.0661900">
<ele>432.236877</ele>
<time>2008-05-27T09:06:24.098Z</time>
</trkpt>
<trkpt lat="44.8306700" lon="9.0663800">
<ele>433.212250</ele>
<time>2008-05-27T09:06:27.003Z</time>
</trkpt>
<trkpt lat="44.8306800" lon="9.0665600">
<ele>434.187592</ele>
<time>2008-05-27T09:06:28.099Z</time>
</trkpt>
<trkpt lat="44.8307000" lon="9.0667100">
<ele>435.132477</ele>
<time>2008-05-27T09:06:31.003Z</time>
</trkpt>
<trkpt lat="44.8307200" lon="9.0668500">
<ele>437.052734</ele>
<time>2008-05-27T09:06:32.099Z</time>
</trkpt>
<trkpt lat="44.8307400" lon="9.0669900">
<ele>437.540405</ele>
<time>2008-05-27T09:06:35.004Z</time>
</trkpt>
<trkpt lat="44.8307600" lon="9.0671200">
<ele>438.028076</ele>
<time>2008-05-27T09:06:36.099Z</time>
</trkpt>
<trkpt lat="44.8307700" lon="9.0672500">
<ele>438.485260</ele>
<time>2008-05-27T09:06:39.004Z</time>
</trkpt>
<trkpt lat="44.8307600" lon="9.0674300">
<ele>439.460663</ele>
<time>2008-05-27T09:06:42.002Z</time>
</trkpt>
<trkpt lat="44.8307500" lon="9.0675300">
<ele>440.436005</ele>
<time>2008-05-27T09:06:45.000Z</time>
</trkpt>
<trkpt lat="44.8307400" lon="9.0677000">
<ele>441.868530</ele>
<time>2008-05-27T09:07:05.002Z</time>
</trkpt>
<trkpt lat="44.8307300" lon="9.0678800">
<ele>442.813446</ele>
<time>2008-05-27T09:07:08.000Z</time>
</trkpt>
<trkpt lat="44.8307300" lon="9.0680400">
<ele>446.196716</ele>
<time>2008-05-27T09:07:10.098Z</time>
</trkpt>
<trkpt lat="44.8307300" lon="9.0681500">
<ele>446.684387</ele>
<time>2008-05-27T09:07:14.098Z</time>
</trkpt>
<trkpt lat="44.8307300" lon="9.0683200">
<ele>447.629272</ele>
<time>2008-05-27T09:07:30.099Z</time>
</trkpt>
<trkpt lat="44.8307100" lon="9.0685100">
<ele>448.604645</ele>
<time>2008-05-27T09:07:33.097Z</time>
</trkpt>
<trkpt lat="44.8307000" lon="9.0686500">
<ele>449.549530</ele>
<time>2008-05-27T09:07:36.002Z</time>
</trkpt>
<trkpt lat="44.8306800" lon="9.0687800">
<ele>450.524872</ele>
<time>2008-05-27T09:07:37.098Z</time>
</trkpt>
<trkpt lat="44.8306700" lon="9.0689100">
<ele>451.957458</ele>
<time>2008-05-27T09:07:40.002Z</time>
</trkpt>
<trkpt lat="44.8306500" lon="9.0690500">
<ele>452.932800</ele>
<time>2008-05-27T09:07:41.098Z</time>
</trkpt>
<trkpt lat="44.8306400" lon="9.0691800">
<ele>453.877686</ele>
<time>2008-05-27T09:07:44.003Z</time>
</trkpt>
<trkpt lat="44.8306300" lon="9.0693100">
<ele>454.365356</ele>
<time>2008-05-27T09:07:45.098Z</time>
</trkpt>
<trkpt lat="44.8306100" lon="9.0694400">
<ele>455.797913</ele>
<time>2008-05-27T09:07:48.003Z</time>
</trkpt>
<trkpt lat="44.8305900" lon="9.0695800">
<ele>457.230469</ele>
<time>2008-05-27T09:07:49.099Z</time>
</trkpt>
<trkpt lat="44.8305600" lon="9.0697300">
<ele>458.205841</ele>
<time>2008-05-27T09:07:52.003Z</time>
</trkpt>
<trkpt lat="44.8305400" lon="9.0698600">
<ele>459.638397</ele>
<time>2008-05-27T09:07:53.099Z</time>
</trkpt>
<trkpt lat="44.8305100" lon="9.0699900">
<ele>462.046326</ele>
<time>2008-05-27T09:07:56.097Z</time>
</trkpt>
<trkpt lat="44.8304800" lon="9.0701500">
<ele>464.941925</ele>
<time>2008-05-27T09:08:00.097Z</time>
</trkpt>
<trkpt lat="44.8304500" lon="9.0703100">
<ele>467.807068</ele>
<time>2008-05-27T09:08:04.004Z</time>
</trkpt>
<trkpt lat="44.8304300" lon="9.0704600">
<ele>469.727264</ele>
<time>2008-05-27T09:08:07.002Z</time>
</trkpt>
<trkpt lat="44.8304200" lon="9.0706100">
<ele>472.135193</ele>
<time>2008-05-27T09:08:10.000Z</time>
</trkpt>
<trkpt lat="44.8304400" lon="9.0707400">
<ele>474.543121</ele>
<time>2008-05-27T09:08:12.098Z</time>
</trkpt>
<trkpt lat="44.8305300" lon="9.0708200">
<ele>475.975677</ele>
<time>2008-05-27T09:08:16.099Z</time>
</trkpt>
<trkpt lat="44.8305900" lon="9.0709100">
<ele>475.975677</ele>
<time>2008-05-27T09:08:22.001Z</time>
</trkpt>
<trkpt lat="44.8305100" lon="9.0710100">
<ele>476.951050</ele>
<time>2008-05-27T09:08:27.004Z</time>
</trkpt>
<trkpt lat="44.8304200" lon="9.0710200">
<ele>478.871277</ele>
<time>2008-05-27T09:08:31.004Z</time>
</trkpt>
<trkpt lat="44.8303300" lon="9.0710000">
<ele>481.279205</ele>
<time>2008-05-27T09:08:39.098Z</time>
</trkpt>
<trkpt lat="44.8302400" lon="9.0709600">
<ele>481.766876</ele>
<time>2008-05-27T09:08:42.096Z</time>
</trkpt>
<trkpt lat="44.8301500" lon="9.0709300">
<ele>483.199463</ele>
<time>2008-05-27T09:08:46.003Z</time>
</trkpt>
<trkpt lat="44.8300500" lon="9.0709100">
<ele>484.631989</ele>
<time>2008-05-27T09:08:49.001Z</time>
</trkpt>
<trkpt lat="44.8299400" lon="9.0709400">
<ele>486.552246</ele>
<time>2008-05-27T09:08:51.099Z</time>
</trkpt>
<trkpt lat="44.8298600" lon="9.0710400">
<ele>489.447845</ele>
<time>2008-05-27T09:08:54.097Z</time>
</trkpt>
<trkpt lat="44.8298200" lon="9.0711600">
<ele>490.880402</ele>
<time>2008-05-27T09:08:58.004Z</time>
</trkpt>
<trkpt lat="44.8297900" lon="9.0712800">
<ele>493.288330</ele>
<time>2008-05-27T09:09:01.096Z</time>
</trkpt>
<trkpt lat="44.8297800" lon="9.0712900">
<ele>492.800659</ele>
<time>2008-05-27T09:09:16.001Z</time>
</trkpt>
</trkseg>
</trk>
</gpx>
