<?xml version="1.0" encoding="UTF-8" standalone="yes"?>
<gpx
 xmlns="http://www.topografix.com/GPX/1/1"
 creator="OziExplorer Version 3955t - http://www.oziexplorer.com"
 version="1.1"
 xmlns:xsi="http://www.w3.org/2001/XMLSchema-instance"
 xsi:schemaLocation="http://www.topografix.com/GPX/1/1 http://www.topografix.com/GPX/1/1/gpx.xsd">
<metadata>
 <time>2015-11-11T08:16:27Z</time>
 <bounds minlat="44.878760" minlon="8.981460" maxlat="44.902254" maxlon="9.019130"/>
</metadata>
<wpt lat="44.8897100" lon="8.9825700">
 <ele>181.965607</ele>
 <time>2015-04-15T10:20:00.462Z</time>
 <name>PIAZZA QUARTO STATO</name>
 <sym>Flag, Blue</sym>
</wpt>
<wpt lat="44.8913880" lon="8.9821460">
 <ele>178.003204</ele>
 <time>2015-04-15T10:20:00.462Z</time>
 <name>CASA E STUDIO PELLIZZA</name>
 <sym>Flag, Blue</sym>
</wpt>
<wpt lat="44.9022300" lon="8.9932300">
 <ele>205.130402</ele>
 <time>2015-04-15T10:20:00.462Z</time>
 <name>SANTUARIO DELLA FOGLIATA</name>
 <sym>Flag, Blue</sym>
</wpt>
<wpt lat="44.8873400" lon="9.0103800">
 <ele>294.131989</ele>
 <time>2015-04-15T10:20:00.479Z</time>
 <name>POSSIBILE AGGANCIO A SENTIERO 150</name>
 <sym>Flag, Blue</sym>
</wpt>
<wpt lat="44.8815640" lon="9.0182440">
 <ele>441.959991</ele>
 <time>2015-04-15T10:20:00.479Z</time>
 <name>DEVIAZIONE PER M. BRIENZONE</name>
 <sym>Flag, Blue</sym>
</wpt>
<wpt lat="44.8821300" lon="9.0169700">
 <ele>463.905609</ele>
 <time>2015-04-15T10:20:00.479Z</time>
 <name>MONTE BRIENZONE</name>
 <sym>Flag, Blue</sym>
</wpt>
<wpt lat="44.8857100" lon="8.9938100">
 <ele>192.938400</ele>
 <time>2015-04-15T10:20:00.479Z</time>
 <name>INIZIO SOVRAPPOSIZIONE CON SENTIERO 102</name>
 <sym>Flag, Blue</sym>
</wpt>
<wpt lat="44.8880970" lon="8.9893840">
 <ele>187.147202</ele>
 <time>2015-04-15T10:20:00.479Z</time>
 <name>INIZIO SOVRAPPOSIZIONE CON SENTIERO 150</name>
 <sym>Flag, Blue</sym>
</wpt>
<wpt lat="44.8905190" lon="8.9814810">
 <ele>180.136795</ele>
 <time>2015-04-17T07:57:27.233Z</time>
 <name>PIEVE ROMANICA</name>
 <sym>Airport</sym>
</wpt>
<trk>
 <name>TRACCIA SENTIERO 153</name>
 <desc>SENTIERO 153</desc>
<trkseg>
<trkpt lat="44.8898330" lon="8.9825000">
<ele>180.868332</ele>
<time>2015-04-14T07:13:03.996Z</time>
</trkpt>
<trkpt lat="44.8899250" lon="8.9825110">
<ele>180.380630</ele>
<time>2015-04-14T07:13:12.999Z</time>
</trkpt>
<trkpt lat="44.8900010" lon="8.9825320">
<ele>180.380630</ele>
<time>2015-04-14T07:13:22.996Z</time>
</trkpt>
<trkpt lat="44.8900470" lon="8.9825430">
<ele>179.892960</ele>
<time>2015-04-14T07:13:31.999Z</time>
</trkpt>
<trkpt lat="44.8901530" lon="8.9825640">
<ele>179.435760</ele>
<time>2015-04-14T07:13:45.002Z</time>
</trkpt>
<trkpt lat="44.8901840" lon="8.9824250">
<ele>178.948074</ele>
<time>2015-04-14T07:13:54.998Z</time>
</trkpt>
<trkpt lat="44.8902070" lon="8.9822320">
<ele>178.948074</ele>
<time>2015-04-14T07:14:02.999Z</time>
</trkpt>
<trkpt lat="44.8902300" lon="8.9820390">
<ele>178.460403</ele>
<time>2015-04-14T07:14:11.000Z</time>
</trkpt>
<trkpt lat="44.8902520" lon="8.9818030">
<ele>178.460403</ele>
<time>2015-04-14T07:14:19.000Z</time>
</trkpt>
<trkpt lat="44.8902680" lon="8.9815780">
<ele>177.972733</ele>
<time>2015-04-14T07:14:27.001Z</time>
</trkpt>
<trkpt lat="44.8904350" lon="8.9814600">
<ele>177.972733</ele>
<time>2015-04-14T07:14:35.002Z</time>
</trkpt>
<trkpt lat="44.8905800" lon="8.9814920">
<ele>177.972733</ele>
<time>2015-04-14T07:14:43.002Z</time>
</trkpt>
<trkpt lat="44.8907100" lon="8.9817060">
<ele>178.460403</ele>
<time>2015-04-14T07:14:51.003Z</time>
</trkpt>
<trkpt lat="44.8908770" lon="8.9820710">
<ele>177.972733</ele>
<time>2015-04-14T07:14:59.004Z</time>
</trkpt>
<trkpt lat="44.8910300" lon="8.9823900">
<ele>177.972733</ele>
<time>2015-04-14T07:15:07.004Z</time>
</trkpt>
<trkpt lat="44.8911100" lon="8.9823200">
<ele>177.972733</ele>
<time>2015-04-14T07:15:14.996Z</time>
</trkpt>
<trkpt lat="44.8911900" lon="8.9822600">
<ele>177.972733</ele>
<time>2015-04-14T07:15:22.997Z</time>
</trkpt>
<trkpt lat="44.8912800" lon="8.9822000">
<ele>177.972733</ele>
<time>2015-04-14T07:15:33.002Z</time>
</trkpt>
<trkpt lat="44.8913600" lon="8.9821700">
<ele>177.972733</ele>
<time>2015-04-14T07:16:03.000Z</time>
</trkpt>
<trkpt lat="44.8914410" lon="8.9822100">
<ele>177.972733</ele>
<time>2015-04-14T07:16:47.997Z</time>
</trkpt>
<trkpt lat="44.8915100" lon="8.9822800">
<ele>175.564804</ele>
<time>2015-04-14T07:19:17.996Z</time>
</trkpt>
<trkpt lat="44.8915800" lon="8.9823700">
<ele>176.052475</ele>
<time>2015-04-14T07:19:25.003Z</time>
</trkpt>
<trkpt lat="44.8916320" lon="8.9824780">
<ele>175.564804</ele>
<time>2015-04-14T07:19:33.004Z</time>
</trkpt>
<trkpt lat="44.8917080" lon="8.9825420">
<ele>175.564804</ele>
<time>2015-04-14T07:20:02.000Z</time>
</trkpt>
<trkpt lat="44.8917840" lon="8.9825960">
<ele>175.564804</ele>
<time>2015-04-14T07:20:08.998Z</time>
</trkpt>
<trkpt lat="44.8918760" lon="8.9826710">
<ele>175.107605</ele>
<time>2015-04-14T07:20:16.999Z</time>
</trkpt>
<trkpt lat="44.8919670" lon="8.9827140">
<ele>174.619934</ele>
<time>2015-04-14T07:20:24.999Z</time>
</trkpt>
<trkpt lat="44.8920300" lon="8.9828000">
<ele>175.107605</ele>
<time>2015-04-14T07:20:34.002Z</time>
</trkpt>
<trkpt lat="44.8921000" lon="8.9828900">
<ele>174.619934</ele>
<time>2015-04-14T07:20:42.996Z</time>
</trkpt>
<trkpt lat="44.8921430" lon="8.9829710">
<ele>174.132233</ele>
<time>2015-04-14T07:20:57.002Z</time>
</trkpt>
<trkpt lat="44.8922260" lon="8.9831000">
<ele>174.132233</ele>
<time>2015-04-14T07:21:12.001Z</time>
</trkpt>
<trkpt lat="44.8922870" lon="8.9831960">
<ele>173.644562</ele>
<time>2015-04-14T07:21:17.997Z</time>
</trkpt>
<trkpt lat="44.8923410" lon="8.9832710">
<ele>173.644562</ele>
<time>2015-04-14T07:21:24.002Z</time>
</trkpt>
<trkpt lat="44.8923940" lon="8.9833570">
<ele>173.644562</ele>
<time>2015-04-14T07:21:29.998Z</time>
</trkpt>
<trkpt lat="44.8924630" lon="8.9834640">
<ele>174.132233</ele>
<time>2015-04-14T07:21:36.996Z</time>
</trkpt>
<trkpt lat="44.8925240" lon="8.9835610">
<ele>175.107605</ele>
<time>2015-04-14T07:21:44.004Z</time>
</trkpt>
<trkpt lat="44.8925770" lon="8.9836460">
<ele>175.107605</ele>
<time>2015-04-14T07:21:51.002Z</time>
</trkpt>
<trkpt lat="44.8926460" lon="8.9837540">
<ele>174.619934</ele>
<time>2015-04-14T07:21:59.003Z</time>
</trkpt>
<trkpt lat="44.8927070" lon="8.9838390">
<ele>175.107605</ele>
<time>2015-04-14T07:22:07.003Z</time>
</trkpt>
<trkpt lat="44.8927600" lon="8.9839300">
<ele>175.107605</ele>
<time>2015-04-14T07:22:15.004Z</time>
</trkpt>
<trkpt lat="44.8927900" lon="8.9840500">
<ele>174.132233</ele>
<time>2015-04-14T07:22:23.998Z</time>
</trkpt>
<trkpt lat="44.8928440" lon="8.9841720">
<ele>174.619934</ele>
<time>2015-04-14T07:22:33.001Z</time>
</trkpt>
<trkpt lat="44.8929120" lon="8.9842680">
<ele>174.132233</ele>
<time>2015-04-14T07:22:39.999Z</time>
</trkpt>
<trkpt lat="44.8929810" lon="8.9843540">
<ele>173.644562</ele>
<time>2015-04-14T07:22:48.000Z</time>
</trkpt>
<trkpt lat="44.8930500" lon="8.9844400">
<ele>174.619934</ele>
<time>2015-04-14T07:22:56.001Z</time>
</trkpt>
<trkpt lat="44.8930900" lon="8.9845200">
<ele>174.132233</ele>
<time>2015-04-14T07:23:05.004Z</time>
</trkpt>
<trkpt lat="44.8931900" lon="8.9846300">
<ele>174.132233</ele>
<time>2015-04-14T07:23:36.004Z</time>
</trkpt>
<trkpt lat="44.8932500" lon="8.9847400">
<ele>174.619934</ele>
<time>2015-04-14T07:23:47.003Z</time>
</trkpt>
<trkpt lat="44.8933100" lon="8.9848400">
<ele>174.132233</ele>
<time>2015-04-14T07:23:55.003Z</time>
</trkpt>
<trkpt lat="44.8933700" lon="8.9849500">
<ele>174.132233</ele>
<time>2015-04-14T07:24:03.004Z</time>
</trkpt>
<trkpt lat="44.8934300" lon="8.9850600">
<ele>174.132233</ele>
<time>2015-04-14T07:24:10.996Z</time>
</trkpt>
<trkpt lat="44.8934900" lon="8.9851700">
<ele>174.132233</ele>
<time>2015-04-14T07:24:18.996Z</time>
</trkpt>
<trkpt lat="44.8935450" lon="8.9852760">
<ele>174.132233</ele>
<time>2015-04-14T07:24:26.997Z</time>
</trkpt>
<trkpt lat="44.8935980" lon="8.9853720">
<ele>174.132233</ele>
<time>2015-04-14T07:24:44.001Z</time>
</trkpt>
<trkpt lat="44.8936670" lon="8.9854900">
<ele>174.132233</ele>
<time>2015-04-14T07:24:57.997Z</time>
</trkpt>
<trkpt lat="44.8937280" lon="8.9855870">
<ele>173.644562</ele>
<time>2015-04-14T07:25:05.998Z</time>
</trkpt>
<trkpt lat="44.8937970" lon="8.9856830">
<ele>174.132233</ele>
<time>2015-04-14T07:25:13.999Z</time>
</trkpt>
<trkpt lat="44.8938730" lon="8.9857580">
<ele>174.619934</ele>
<time>2015-04-14T07:25:21.999Z</time>
</trkpt>
<trkpt lat="44.8939490" lon="8.9858120">
<ele>174.619934</ele>
<time>2015-04-14T07:25:30.000Z</time>
</trkpt>
<trkpt lat="44.8940180" lon="8.9858550">
<ele>175.107605</ele>
<time>2015-04-14T07:25:51.997Z</time>
</trkpt>
<trkpt lat="44.8940860" lon="8.9858870">
<ele>175.107605</ele>
<time>2015-04-14T07:25:59.998Z</time>
</trkpt>
<trkpt lat="44.8941780" lon="8.9859410">
<ele>174.619934</ele>
<time>2015-04-14T07:26:07.999Z</time>
</trkpt>
<trkpt lat="44.8943070" lon="8.9859730">
<ele>174.619934</ele>
<time>2015-04-14T07:26:15.999Z</time>
</trkpt>
<trkpt lat="44.8943830" lon="8.9860050">
<ele>174.619934</ele>
<time>2015-04-14T07:26:25.996Z</time>
</trkpt>
<trkpt lat="44.8944830" lon="8.9860480">
<ele>174.132233</ele>
<time>2015-04-14T07:26:33.003Z</time>
</trkpt>
<trkpt lat="44.8945700" lon="8.9860900">
<ele>174.132233</ele>
<time>2015-04-14T07:26:41.004Z</time>
</trkpt>
<trkpt lat="44.8947190" lon="8.9861440">
<ele>174.132233</ele>
<time>2015-04-14T07:26:49.004Z</time>
</trkpt>
<trkpt lat="44.8947720" lon="8.9861870">
<ele>173.644562</ele>
<time>2015-04-14T07:26:56.003Z</time>
</trkpt>
<trkpt lat="44.8948180" lon="8.9863050">
<ele>173.644562</ele>
<time>2015-04-14T07:27:03.001Z</time>
</trkpt>
<trkpt lat="44.8948640" lon="8.9864230">
<ele>173.644562</ele>
<time>2015-04-14T07:27:11.002Z</time>
</trkpt>
<trkpt lat="44.8949170" lon="8.9865410">
<ele>173.644562</ele>
<time>2015-04-14T07:27:18.000Z</time>
</trkpt>
<trkpt lat="44.8949550" lon="8.9866590">
<ele>174.132233</ele>
<time>2015-04-14T07:27:26.001Z</time>
</trkpt>
<trkpt lat="44.8950010" lon="8.9867770">
<ele>173.644562</ele>
<time>2015-04-14T07:27:34.001Z</time>
</trkpt>
<trkpt lat="44.8950540" lon="8.9869050">
<ele>174.132233</ele>
<time>2015-04-14T07:27:42.002Z</time>
</trkpt>
<trkpt lat="44.8951080" lon="8.9870020">
<ele>174.132233</ele>
<time>2015-04-14T07:27:50.003Z</time>
</trkpt>
<trkpt lat="44.8951610" lon="8.9870770">
<ele>174.132233</ele>
<time>2015-04-14T07:27:58.003Z</time>
</trkpt>
<trkpt lat="44.8952520" lon="8.9871410">
<ele>174.619934</ele>
<time>2015-04-14T07:28:06.004Z</time>
</trkpt>
<trkpt lat="44.8953440" lon="8.9871840">
<ele>174.619934</ele>
<time>2015-04-14T07:28:13.996Z</time>
</trkpt>
<trkpt lat="44.8954350" lon="8.9872380">
<ele>174.132233</ele>
<time>2015-04-14T07:28:21.996Z</time>
</trkpt>
<trkpt lat="44.8955040" lon="8.9872590">
<ele>174.132233</ele>
<time>2015-04-14T07:28:29.997Z</time>
</trkpt>
<trkpt lat="44.8955800" lon="8.9872810">
<ele>174.132233</ele>
<time>2015-04-14T07:28:39.000Z</time>
</trkpt>
<trkpt lat="44.8956720" lon="8.9873340">
<ele>174.132233</ele>
<time>2015-04-14T07:28:47.001Z</time>
</trkpt>
<trkpt lat="44.8957630" lon="8.9873880">
<ele>175.564804</ele>
<time>2015-04-14T07:28:57.999Z</time>
</trkpt>
<trkpt lat="44.8958500" lon="8.9874300">
<ele>175.107605</ele>
<time>2015-04-14T07:29:07.002Z</time>
</trkpt>
<trkpt lat="44.8959500" lon="8.9875000">
<ele>175.107605</ele>
<time>2015-04-14T07:29:19.997Z</time>
</trkpt>
<trkpt lat="44.8960530" lon="8.9875380">
<ele>175.107605</ele>
<time>2015-04-14T07:29:27.997Z</time>
</trkpt>
<trkpt lat="44.8961520" lon="8.9876020">
<ele>175.107605</ele>
<time>2015-04-14T07:29:37.000Z</time>
</trkpt>
<trkpt lat="44.8962580" lon="8.9876660">
<ele>174.619934</ele>
<time>2015-04-14T07:29:45.001Z</time>
</trkpt>
<trkpt lat="44.8963500" lon="8.9877410">
<ele>175.107605</ele>
<time>2015-04-14T07:29:53.002Z</time>
</trkpt>
<trkpt lat="44.8964490" lon="8.9878060">
<ele>174.619934</ele>
<time>2015-04-14T07:30:01.002Z</time>
</trkpt>
<trkpt lat="44.8965250" lon="8.9878700">
<ele>174.132233</ele>
<time>2015-04-14T07:30:09.003Z</time>
</trkpt>
<trkpt lat="44.8966090" lon="8.9879240">
<ele>174.619934</ele>
<time>2015-04-14T07:30:17.004Z</time>
</trkpt>
<trkpt lat="44.8967080" lon="8.9879770">
<ele>174.132233</ele>
<time>2015-04-14T07:30:25.004Z</time>
</trkpt>
<trkpt lat="44.8967920" lon="8.9880740">
<ele>174.619934</ele>
<time>2015-04-14T07:30:32.996Z</time>
</trkpt>
<trkpt lat="44.8968530" lon="8.9881380">
<ele>174.619934</ele>
<time>2015-04-14T07:30:40.997Z</time>
</trkpt>
<trkpt lat="44.8969290" lon="8.9882130">
<ele>174.619934</ele>
<time>2015-04-14T07:30:48.997Z</time>
</trkpt>
<trkpt lat="44.8969900" lon="8.9882990">
<ele>175.107605</ele>
<time>2015-04-14T07:30:56.998Z</time>
</trkpt>
<trkpt lat="44.8970740" lon="8.9883950">
<ele>175.107605</ele>
<time>2015-04-14T07:31:04.999Z</time>
</trkpt>
<trkpt lat="44.8971500" lon="8.9884810">
<ele>175.564804</ele>
<time>2015-04-14T07:31:12.999Z</time>
</trkpt>
<trkpt lat="44.8972190" lon="8.9885460">
<ele>176.052475</ele>
<time>2015-04-14T07:31:21.000Z</time>
</trkpt>
<trkpt lat="44.8973100" lon="8.9886530">
<ele>176.052475</ele>
<time>2015-04-14T07:31:29.001Z</time>
</trkpt>
<trkpt lat="44.8973940" lon="8.9887490">
<ele>176.052475</ele>
<time>2015-04-14T07:31:37.001Z</time>
</trkpt>
<trkpt lat="44.8974700" lon="8.9888460">
<ele>175.564804</ele>
<time>2015-04-14T07:31:45.002Z</time>
</trkpt>
<trkpt lat="44.8975390" lon="8.9889100">
<ele>176.052475</ele>
<time>2015-04-14T07:31:53.003Z</time>
</trkpt>
<trkpt lat="44.8975850" lon="8.9889850">
<ele>175.107605</ele>
<time>2015-04-14T07:32:20.996Z</time>
</trkpt>
<trkpt lat="44.8976610" lon="8.9890600">
<ele>175.107605</ele>
<time>2015-04-14T07:32:29.999Z</time>
</trkpt>
<trkpt lat="44.8977290" lon="8.9891350">
<ele>174.619934</ele>
<time>2015-04-14T07:32:36.997Z</time>
</trkpt>
<trkpt lat="44.8978060" lon="8.9892420">
<ele>174.132233</ele>
<time>2015-04-14T07:32:43.996Z</time>
</trkpt>
<trkpt lat="44.8978740" lon="8.9893170">
<ele>174.619934</ele>
<time>2015-04-14T07:32:51.003Z</time>
</trkpt>
<trkpt lat="44.8979350" lon="8.9894140">
<ele>174.619934</ele>
<time>2015-04-14T07:32:58.001Z</time>
</trkpt>
<trkpt lat="44.8980110" lon="8.9895210">
<ele>174.132233</ele>
<time>2015-04-14T07:33:03.997Z</time>
</trkpt>
<trkpt lat="44.8980800" lon="8.9896070">
<ele>174.619934</ele>
<time>2015-04-14T07:33:10.996Z</time>
</trkpt>
<trkpt lat="44.8981330" lon="8.9897140">
<ele>174.619934</ele>
<time>2015-04-14T07:33:18.003Z</time>
</trkpt>
<trkpt lat="44.8981940" lon="8.9898000">
<ele>175.107605</ele>
<time>2015-04-14T07:33:26.004Z</time>
</trkpt>
<trkpt lat="44.8982710" lon="8.9898960">
<ele>175.107605</ele>
<time>2015-04-14T07:33:34.998Z</time>
</trkpt>
<trkpt lat="44.8983390" lon="8.9900040">
<ele>175.107605</ele>
<time>2015-04-14T07:33:44.001Z</time>
</trkpt>
<trkpt lat="44.8984080" lon="8.9901000">
<ele>175.564804</ele>
<time>2015-04-14T07:33:52.001Z</time>
</trkpt>
<trkpt lat="44.8984690" lon="8.9901970">
<ele>175.107605</ele>
<time>2015-04-14T07:34:00.002Z</time>
</trkpt>
<trkpt lat="44.8985450" lon="8.9903040">
<ele>176.052475</ele>
<time>2015-04-14T07:34:08.003Z</time>
</trkpt>
<trkpt lat="44.8986360" lon="8.9904000">
<ele>176.540161</ele>
<time>2015-04-14T07:34:16.003Z</time>
</trkpt>
<trkpt lat="44.8987280" lon="8.9905510">
<ele>176.540161</ele>
<time>2015-04-14T07:34:24.004Z</time>
</trkpt>
<trkpt lat="44.8987580" lon="8.9906150">
<ele>176.540161</ele>
<time>2015-04-14T07:34:32.998Z</time>
</trkpt>
<trkpt lat="44.8988040" lon="8.9906680">
<ele>176.540161</ele>
<time>2015-04-14T07:34:42.001Z</time>
</trkpt>
<trkpt lat="44.8988730" lon="8.9907760">
<ele>177.027832</ele>
<time>2015-04-14T07:34:51.997Z</time>
</trkpt>
<trkpt lat="44.8989180" lon="8.9908080">
<ele>177.515533</ele>
<time>2015-04-14T07:35:02.996Z</time>
</trkpt>
<trkpt lat="44.8989950" lon="8.9908610">
<ele>177.515533</ele>
<time>2015-04-14T07:35:14.004Z</time>
</trkpt>
<trkpt lat="44.8990830" lon="8.9909160">
<ele>177.515533</ele>
<time>2015-04-14T07:35:55.000Z</time>
</trkpt>
<trkpt lat="44.8991740" lon="8.9909910">
<ele>177.972733</ele>
<time>2015-04-14T07:36:04.003Z</time>
</trkpt>
<trkpt lat="44.8992580" lon="8.9910770">
<ele>177.515533</ele>
<time>2015-04-14T07:36:12.997Z</time>
</trkpt>
<trkpt lat="44.8993420" lon="8.9911630">
<ele>177.515533</ele>
<time>2015-04-14T07:36:22.000Z</time>
</trkpt>
<trkpt lat="44.8994110" lon="8.9912490">
<ele>178.948074</ele>
<time>2015-04-14T07:36:31.997Z</time>
</trkpt>
<trkpt lat="44.8994640" lon="8.9913240">
<ele>179.435760</ele>
<time>2015-04-14T07:36:53.001Z</time>
</trkpt>
<trkpt lat="44.8995330" lon="8.9914100">
<ele>178.948074</ele>
<time>2015-04-14T07:37:14.998Z</time>
</trkpt>
<trkpt lat="44.8995940" lon="8.9914850">
<ele>179.892960</ele>
<time>2015-04-14T07:37:22.999Z</time>
</trkpt>
<trkpt lat="44.8996700" lon="8.9915700">
<ele>181.356003</ele>
<time>2015-04-14T07:37:32.002Z</time>
</trkpt>
<trkpt lat="44.8997390" lon="8.9916560">
<ele>181.813202</ele>
<time>2015-04-14T07:37:43.000Z</time>
</trkpt>
<trkpt lat="44.8998380" lon="8.9917630">
<ele>181.813202</ele>
<time>2015-04-14T07:37:53.999Z</time>
</trkpt>
<trkpt lat="44.8999370" lon="8.9918490">
<ele>182.300873</ele>
<time>2015-04-14T07:38:11.003Z</time>
</trkpt>
<trkpt lat="44.8999980" lon="8.9919030">
<ele>182.788559</ele>
<time>2015-04-14T07:38:22.001Z</time>
</trkpt>
<trkpt lat="44.9000740" lon="8.9919560">
<ele>183.763931</ele>
<time>2015-04-14T07:38:57.002Z</time>
</trkpt>
<trkpt lat="44.9001400" lon="8.9920200">
<ele>184.708801</ele>
<time>2015-04-14T07:39:09.003Z</time>
</trkpt>
<trkpt lat="44.9002200" lon="8.9920800">
<ele>186.141357</ele>
<time>2015-04-14T07:39:20.002Z</time>
</trkpt>
<trkpt lat="44.9003200" lon="8.9921300">
<ele>187.604401</ele>
<time>2015-04-14T07:39:32.003Z</time>
</trkpt>
<trkpt lat="44.9004100" lon="8.9921800">
<ele>188.061600</ele>
<time>2015-04-14T07:39:41.999Z</time>
</trkpt>
<trkpt lat="44.9005000" lon="8.9922200">
<ele>188.549271</ele>
<time>2015-04-14T07:39:54.000Z</time>
</trkpt>
<trkpt lat="44.9005900" lon="8.9922500">
<ele>188.549271</ele>
<time>2015-04-14T07:40:04.999Z</time>
</trkpt>
<trkpt lat="44.9007000" lon="8.9922800">
<ele>190.957199</ele>
<time>2015-04-14T07:40:21.000Z</time>
</trkpt>
<trkpt lat="44.9011110" lon="8.9922570">
<ele>194.797668</ele>
<time>2015-04-14T07:41:24.996Z</time>
</trkpt>
<trkpt lat="44.9013320" lon="8.9922350">
<ele>197.205597</ele>
<time>2015-04-14T07:41:48.998Z</time>
</trkpt>
<trkpt lat="44.9014310" lon="8.9922570">
<ele>198.180969</ele>
<time>2015-04-14T07:41:59.997Z</time>
</trkpt>
<trkpt lat="44.9016290" lon="8.9923210">
<ele>199.125839</ele>
<time>2015-04-14T07:42:21.001Z</time>
</trkpt>
<trkpt lat="44.9017280" lon="8.9923740">
<ele>198.638168</ele>
<time>2015-04-14T07:42:30.004Z</time>
</trkpt>
<trkpt lat="44.9018350" lon="8.9924500">
<ele>199.613525</ele>
<time>2015-04-14T07:42:38.998Z</time>
</trkpt>
<trkpt lat="44.9019340" lon="8.9925250">
<ele>198.638168</ele>
<time>2015-04-14T07:42:49.003Z</time>
</trkpt>
<trkpt lat="44.9020180" lon="8.9926000">
<ele>199.613525</ele>
<time>2015-04-14T07:42:59.000Z</time>
</trkpt>
<trkpt lat="44.9020870" lon="8.9926960">
<ele>200.101196</ele>
<time>2015-04-14T07:43:08.996Z</time>
</trkpt>
<trkpt lat="44.9021480" lon="8.9928140">
<ele>201.046066</ele>
<time>2015-04-14T07:43:21.999Z</time>
</trkpt>
<trkpt lat="44.9021800" lon="8.9929100">
<ele>201.046066</ele>
<time>2015-04-14T07:43:32.998Z</time>
</trkpt>
<trkpt lat="44.9022200" lon="8.9930300">
<ele>202.509125</ele>
<time>2015-04-14T07:43:43.997Z</time>
</trkpt>
<trkpt lat="44.9022540" lon="8.9931570">
<ele>203.453995</ele>
<time>2015-04-14T07:43:57.000Z</time>
</trkpt>
<trkpt lat="44.9022300" lon="8.9932200">
<ele>204.429367</ele>
<time>2015-04-14T07:50:16.002Z</time>
</trkpt>
<trkpt lat="44.9021700" lon="8.9932400">
<ele>204.429367</ele>
<time>2015-04-14T07:51:21.001Z</time>
</trkpt>
<trkpt lat="44.9020800" lon="8.9933000">
<ele>206.349594</ele>
<time>2015-04-14T07:51:30.004Z</time>
</trkpt>
<trkpt lat="44.9019570" lon="8.9934040">
<ele>205.374237</ele>
<time>2015-04-14T07:51:38.998Z</time>
</trkpt>
<trkpt lat="44.9019110" lon="8.9934150">
<ele>205.861923</ele>
<time>2015-04-14T07:51:57.004Z</time>
</trkpt>
<trkpt lat="44.9018120" lon="8.9934680">
<ele>205.861923</ele>
<time>2015-04-14T07:52:09.998Z</time>
</trkpt>
<trkpt lat="44.9017130" lon="8.9935330">
<ele>206.349594</ele>
<time>2015-04-14T07:52:17.999Z</time>
</trkpt>
<trkpt lat="44.9016370" lon="8.9935760">
<ele>205.861923</ele>
<time>2015-04-14T07:52:26.000Z</time>
</trkpt>
<trkpt lat="44.9015700" lon="8.9936300">
<ele>206.349594</ele>
<time>2015-04-14T07:52:32.998Z</time>
</trkpt>
<trkpt lat="44.9014690" lon="8.9936610">
<ele>206.349594</ele>
<time>2015-04-14T07:52:40.999Z</time>
</trkpt>
<trkpt lat="44.9013620" lon="8.9937260">
<ele>206.349594</ele>
<time>2015-04-14T07:52:48.999Z</time>
</trkpt>
<trkpt lat="44.9012560" lon="8.9937900">
<ele>206.349594</ele>
<time>2015-04-14T07:52:57.000Z</time>
</trkpt>
<trkpt lat="44.9011720" lon="8.9938330">
<ele>206.806793</ele>
<time>2015-04-14T07:53:05.001Z</time>
</trkpt>
<trkpt lat="44.9010960" lon="8.9938760">
<ele>206.806793</ele>
<time>2015-04-14T07:53:13.001Z</time>
</trkpt>
<trkpt lat="44.9010270" lon="8.9939080">
<ele>206.349594</ele>
<time>2015-04-14T07:53:21.002Z</time>
</trkpt>
<trkpt lat="44.9009510" lon="8.9939510">
<ele>206.349594</ele>
<time>2015-04-14T07:53:29.996Z</time>
</trkpt>
<trkpt lat="44.9008750" lon="8.9939940">
<ele>206.806793</ele>
<time>2015-04-14T07:53:37.997Z</time>
</trkpt>
<trkpt lat="44.9007980" lon="8.9940480">
<ele>207.294479</ele>
<time>2015-04-14T07:53:45.997Z</time>
</trkpt>
<trkpt lat="44.9007070" lon="8.9941120">
<ele>207.782166</ele>
<time>2015-04-14T07:53:53.998Z</time>
</trkpt>
<trkpt lat="44.9006300" lon="8.9941700">
<ele>208.269836</ele>
<time>2015-04-14T07:54:01.999Z</time>
</trkpt>
<trkpt lat="44.9005400" lon="8.9942100">
<ele>208.269836</ele>
<time>2015-04-14T07:54:09.999Z</time>
</trkpt>
<trkpt lat="44.9004500" lon="8.9942600">
<ele>208.269836</ele>
<time>2015-04-14T07:54:19.002Z</time>
</trkpt>
<trkpt lat="44.9003640" lon="8.9943260">
<ele>209.214722</ele>
<time>2015-04-14T07:54:27.996Z</time>
</trkpt>
<trkpt lat="44.9002570" lon="8.9944020">
<ele>209.214722</ele>
<time>2015-04-14T07:54:36.999Z</time>
</trkpt>
<trkpt lat="44.9001660" lon="8.9944660">
<ele>209.702393</ele>
<time>2015-04-14T07:54:46.002Z</time>
</trkpt>
<trkpt lat="44.9000820" lon="8.9945190">
<ele>210.190079</ele>
<time>2015-04-14T07:54:54.996Z</time>
</trkpt>
<trkpt lat="44.8999830" lon="8.9946050">
<ele>210.677765</ele>
<time>2015-04-14T07:55:02.997Z</time>
</trkpt>
<trkpt lat="44.8999070" lon="8.9946480">
<ele>211.134964</ele>
<time>2015-04-14T07:55:12.000Z</time>
</trkpt>
<trkpt lat="44.8998300" lon="8.9946910">
<ele>211.134964</ele>
<time>2015-04-14T07:55:21.003Z</time>
</trkpt>
<trkpt lat="44.8997390" lon="8.9947550">
<ele>211.134964</ele>
<time>2015-04-14T07:55:29.004Z</time>
</trkpt>
<trkpt lat="44.8996550" lon="8.9948200">
<ele>211.134964</ele>
<time>2015-04-14T07:55:37.004Z</time>
</trkpt>
<trkpt lat="44.8995710" lon="8.9949060">
<ele>210.677765</ele>
<time>2015-04-14T07:55:44.996Z</time>
</trkpt>
<trkpt lat="44.8994870" lon="8.9949810">
<ele>211.134964</ele>
<time>2015-04-14T07:55:52.997Z</time>
</trkpt>
<trkpt lat="44.8994190" lon="8.9950560">
<ele>211.134964</ele>
<time>2015-04-14T07:56:00.997Z</time>
</trkpt>
<trkpt lat="44.8993420" lon="8.9951630">
<ele>211.134964</ele>
<time>2015-04-14T07:56:19.003Z</time>
</trkpt>
<trkpt lat="44.8992660" lon="8.9952700">
<ele>211.622635</ele>
<time>2015-04-14T07:56:31.998Z</time>
</trkpt>
<trkpt lat="44.8991980" lon="8.9953560">
<ele>212.110321</ele>
<time>2015-04-14T07:56:39.998Z</time>
</trkpt>
<trkpt lat="44.8991210" lon="8.9954310">
<ele>212.110321</ele>
<time>2015-04-14T07:56:47.999Z</time>
</trkpt>
<trkpt lat="44.8990530" lon="8.9955170">
<ele>211.622635</ele>
<time>2015-04-14T07:56:56.000Z</time>
</trkpt>
<trkpt lat="44.8989720" lon="8.9955260">
<ele>212.598007</ele>
<time>2015-04-14T07:57:04.000Z</time>
</trkpt>
<trkpt lat="44.8988880" lon="8.9956010">
<ele>212.110321</ele>
<time>2015-04-14T07:57:12.001Z</time>
</trkpt>
<trkpt lat="44.8988120" lon="8.9956660">
<ele>212.110321</ele>
<time>2015-04-14T07:57:20.002Z</time>
</trkpt>
<trkpt lat="44.8987360" lon="8.9957410">
<ele>211.622635</ele>
<time>2015-04-14T07:57:28.002Z</time>
</trkpt>
<trkpt lat="44.8986520" lon="8.9957940">
<ele>212.110321</ele>
<time>2015-04-14T07:57:36.003Z</time>
</trkpt>
<trkpt lat="44.8985760" lon="8.9958590">
<ele>212.110321</ele>
<time>2015-04-14T07:57:44.004Z</time>
</trkpt>
<trkpt lat="44.8984920" lon="8.9959120">
<ele>212.110321</ele>
<time>2015-04-14T07:57:59.003Z</time>
</trkpt>
<trkpt lat="44.8983930" lon="8.9959770">
<ele>213.055206</ele>
<time>2015-04-14T07:58:07.997Z</time>
</trkpt>
<trkpt lat="44.8983390" lon="8.9960300">
<ele>213.542877</ele>
<time>2015-04-14T07:58:17.000Z</time>
</trkpt>
<trkpt lat="44.8982560" lon="8.9960950">
<ele>213.542877</ele>
<time>2015-04-14T07:58:26.003Z</time>
</trkpt>
<trkpt lat="44.8981720" lon="8.9961370">
<ele>214.030563</ele>
<time>2015-04-14T07:58:34.997Z</time>
</trkpt>
<trkpt lat="44.8980880" lon="8.9962340">
<ele>214.518234</ele>
<time>2015-04-14T07:58:44.000Z</time>
</trkpt>
<trkpt lat="44.8980120" lon="8.9962660">
<ele>214.518234</ele>
<time>2015-04-14T07:58:53.003Z</time>
</trkpt>
<trkpt lat="44.8979500" lon="8.9962800">
<ele>214.518234</ele>
<time>2015-04-14T07:59:43.996Z</time>
</trkpt>
<trkpt lat="44.8978900" lon="8.9963950">
<ele>215.463135</ele>
<time>2015-04-14T07:59:51.996Z</time>
</trkpt>
<trkpt lat="44.8978140" lon="8.9964700">
<ele>215.005920</ele>
<time>2015-04-14T08:00:32.000Z</time>
</trkpt>
<trkpt lat="44.8977220" lon="8.9965660">
<ele>215.005920</ele>
<time>2015-04-14T08:00:41.996Z</time>
</trkpt>
<trkpt lat="44.8976310" lon="8.9966740">
<ele>215.463135</ele>
<time>2015-04-14T08:00:52.001Z</time>
</trkpt>
<trkpt lat="44.8975550" lon="8.9967590">
<ele>215.950806</ele>
<time>2015-04-14T08:01:03.000Z</time>
</trkpt>
<trkpt lat="44.8974940" lon="8.9968450">
<ele>215.950806</ele>
<time>2015-04-14T08:01:11.001Z</time>
</trkpt>
<trkpt lat="44.8974170" lon="8.9969100">
<ele>215.950806</ele>
<time>2015-04-14T08:01:19.001Z</time>
</trkpt>
<trkpt lat="44.8973410" lon="8.9969950">
<ele>215.950806</ele>
<time>2015-04-14T08:01:28.004Z</time>
</trkpt>
<trkpt lat="44.8972730" lon="8.9970920">
<ele>216.438477</ele>
<time>2015-04-14T08:01:35.996Z</time>
</trkpt>
<trkpt lat="44.8972120" lon="8.9971880">
<ele>216.438477</ele>
<time>2015-04-14T08:01:43.997Z</time>
</trkpt>
<trkpt lat="44.8971660" lon="8.9973170">
<ele>217.383362</ele>
<time>2015-04-14T08:01:51.997Z</time>
</trkpt>
<trkpt lat="44.8971200" lon="8.9974140">
<ele>217.871033</ele>
<time>2015-04-14T08:02:02.003Z</time>
</trkpt>
<trkpt lat="44.8971100" lon="8.9974500">
<ele>218.358734</ele>
<time>2015-04-14T08:02:33.996Z</time>
</trkpt>
<trkpt lat="44.8970740" lon="8.9975420">
<ele>219.303604</ele>
<time>2015-04-14T08:03:23.996Z</time>
</trkpt>
<trkpt lat="44.8970210" lon="8.9976820">
<ele>219.303604</ele>
<time>2015-04-14T08:03:42.002Z</time>
</trkpt>
<trkpt lat="44.8969680" lon="8.9978100">
<ele>219.791275</ele>
<time>2015-04-14T08:03:50.003Z</time>
</trkpt>
<trkpt lat="44.8969220" lon="8.9979390">
<ele>220.766632</ele>
<time>2015-04-14T08:03:58.997Z</time>
</trkpt>
<trkpt lat="44.8968760" lon="8.9980780">
<ele>221.254333</ele>
<time>2015-04-14T08:04:08.000Z</time>
</trkpt>
<trkpt lat="44.8968310" lon="8.9981640">
<ele>221.711533</ele>
<time>2015-04-14T08:04:17.003Z</time>
</trkpt>
<trkpt lat="44.8967920" lon="8.9982820">
<ele>222.199203</ele>
<time>2015-04-14T08:04:25.997Z</time>
</trkpt>
<trkpt lat="44.8967470" lon="8.9984220">
<ele>223.631760</ele>
<time>2015-04-14T08:04:35.000Z</time>
</trkpt>
<trkpt lat="44.8967010" lon="8.9985720">
<ele>224.119431</ele>
<time>2015-04-14T08:04:44.003Z</time>
</trkpt>
<trkpt lat="44.8966710" lon="8.9987220">
<ele>224.119431</ele>
<time>2015-04-14T08:04:53.999Z</time>
</trkpt>
<trkpt lat="44.8966550" lon="8.9988400">
<ele>224.607132</ele>
<time>2015-04-14T08:05:04.004Z</time>
</trkpt>
<trkpt lat="44.8966480" lon="8.9989360">
<ele>225.094803</ele>
<time>2015-04-14T08:05:12.998Z</time>
</trkpt>
<trkpt lat="44.8966400" lon="8.9989680">
<ele>225.094803</ele>
<time>2015-04-14T08:05:23.997Z</time>
</trkpt>
<trkpt lat="44.8966160" lon="8.9991210">
<ele>225.552002</ele>
<time>2015-04-14T08:05:34.002Z</time>
</trkpt>
<trkpt lat="44.8966010" lon="8.9992600">
<ele>226.527359</ele>
<time>2015-04-14T08:05:43.999Z</time>
</trkpt>
<trkpt lat="44.8965630" lon="8.9994100">
<ele>227.015030</ele>
<time>2015-04-14T08:05:53.002Z</time>
</trkpt>
<trkpt lat="44.8965250" lon="8.9995070">
<ele>227.502731</ele>
<time>2015-04-14T08:06:01.996Z</time>
</trkpt>
<trkpt lat="44.8964180" lon="8.9996460">
<ele>227.959930</ele>
<time>2015-04-14T08:06:10.999Z</time>
</trkpt>
<trkpt lat="44.8963420" lon="8.9997110">
<ele>228.935272</ele>
<time>2015-04-14T08:06:25.998Z</time>
</trkpt>
<trkpt lat="44.8962810" lon="8.9997750">
<ele>228.447601</ele>
<time>2015-04-14T08:06:58.000Z</time>
</trkpt>
<trkpt lat="44.8962500" lon="8.9998820">
<ele>229.422958</ele>
<time>2015-04-14T08:07:08.999Z</time>
</trkpt>
<trkpt lat="44.8962200" lon="9.0000110">
<ele>229.880157</ele>
<time>2015-04-14T08:07:19.004Z</time>
</trkpt>
<trkpt lat="44.8961670" lon="9.0001610">
<ele>231.343201</ele>
<time>2015-04-14T08:07:27.998Z</time>
</trkpt>
<trkpt lat="44.8961210" lon="9.0002900">
<ele>232.775757</ele>
<time>2015-04-14T08:07:37.001Z</time>
</trkpt>
<trkpt lat="44.8960980" lon="9.0003970">
<ele>234.695999</ele>
<time>2015-04-14T08:07:46.004Z</time>
</trkpt>
<trkpt lat="44.8960600" lon="9.0005250">
<ele>236.128571</ele>
<time>2015-04-14T08:07:56.001Z</time>
</trkpt>
<trkpt lat="44.8960220" lon="9.0006760">
<ele>237.591599</ele>
<time>2015-04-14T08:08:12.002Z</time>
</trkpt>
<trkpt lat="44.8959840" lon="9.0008150">
<ele>239.024170</ele>
<time>2015-04-14T08:08:21.998Z</time>
</trkpt>
<trkpt lat="44.8959450" lon="9.0009220">
<ele>239.024170</ele>
<time>2015-04-14T08:08:31.001Z</time>
</trkpt>
<trkpt lat="44.8959150" lon="9.0010290">
<ele>239.999527</ele>
<time>2015-04-14T08:08:40.004Z</time>
</trkpt>
<trkpt lat="44.8958850" lon="9.0011370">
<ele>240.944397</ele>
<time>2015-04-14T08:08:48.998Z</time>
</trkpt>
<trkpt lat="44.8958540" lon="9.0012220">
<ele>241.432068</ele>
<time>2015-04-14T08:08:58.001Z</time>
</trkpt>
<trkpt lat="44.8958310" lon="9.0013300">
<ele>242.376968</ele>
<time>2015-04-14T08:09:07.004Z</time>
</trkpt>
<trkpt lat="44.8958010" lon="9.0014800">
<ele>242.864639</ele>
<time>2015-04-14T08:09:14.996Z</time>
</trkpt>
<trkpt lat="44.8957550" lon="9.0016080">
<ele>243.352325</ele>
<time>2015-04-14T08:09:22.997Z</time>
</trkpt>
<trkpt lat="44.8957400" lon="9.0016830">
<ele>244.297195</ele>
<time>2015-04-14T08:09:30.997Z</time>
</trkpt>
<trkpt lat="44.8957170" lon="9.0018010">
<ele>244.297195</ele>
<time>2015-04-14T08:09:38.998Z</time>
</trkpt>
<trkpt lat="44.8956790" lon="9.0019620">
<ele>244.784866</ele>
<time>2015-04-14T08:09:46.999Z</time>
</trkpt>
<trkpt lat="44.8956640" lon="9.0020690">
<ele>245.272568</ele>
<time>2015-04-14T08:09:53.997Z</time>
</trkpt>
<trkpt lat="44.8956330" lon="9.0022090">
<ele>245.760239</ele>
<time>2015-04-14T08:10:01.004Z</time>
</trkpt>
<trkpt lat="44.8956410" lon="9.0023270">
<ele>245.760239</ele>
<time>2015-04-14T08:10:08.996Z</time>
</trkpt>
<trkpt lat="44.8956560" lon="9.0024980">
<ele>246.705124</ele>
<time>2015-04-14T08:10:16.997Z</time>
</trkpt>
<trkpt lat="44.8956940" lon="9.0026160">
<ele>247.192795</ele>
<time>2015-04-14T08:10:26.000Z</time>
</trkpt>
<trkpt lat="44.8956480" lon="9.0027560">
<ele>248.625366</ele>
<time>2015-04-14T08:10:35.003Z</time>
</trkpt>
<trkpt lat="44.8955870" lon="9.0028840">
<ele>249.113037</ele>
<time>2015-04-14T08:11:18.004Z</time>
</trkpt>
<trkpt lat="44.8955640" lon="9.0029590">
<ele>250.088394</ele>
<time>2015-04-14T08:11:25.996Z</time>
</trkpt>
<trkpt lat="44.8955190" lon="9.0031090">
<ele>251.033279</ele>
<time>2015-04-14T08:11:33.996Z</time>
</trkpt>
<trkpt lat="44.8954730" lon="9.0032270">
<ele>251.520966</ele>
<time>2015-04-14T08:11:41.997Z</time>
</trkpt>
<trkpt lat="44.8954270" lon="9.0033450">
<ele>252.496323</ele>
<time>2015-04-14T08:11:49.998Z</time>
</trkpt>
<trkpt lat="44.8953890" lon="9.0034530">
<ele>253.928879</ele>
<time>2015-04-14T08:11:59.001Z</time>
</trkpt>
<trkpt lat="44.8953430" lon="9.0035600">
<ele>254.416565</ele>
<time>2015-04-14T08:12:07.001Z</time>
</trkpt>
<trkpt lat="44.8952980" lon="9.0036780">
<ele>254.873764</ele>
<time>2015-04-14T08:12:15.002Z</time>
</trkpt>
<trkpt lat="44.8952440" lon="9.0038170">
<ele>256.336792</ele>
<time>2015-04-14T08:12:23.003Z</time>
</trkpt>
<trkpt lat="44.8951910" lon="9.0039240">
<ele>256.336792</ele>
<time>2015-04-14T08:12:31.997Z</time>
</trkpt>
<trkpt lat="44.8951600" lon="9.0040320">
<ele>256.336792</ele>
<time>2015-04-14T08:12:39.997Z</time>
</trkpt>
<trkpt lat="44.8951300" lon="9.0041280">
<ele>256.336792</ele>
<time>2015-04-14T08:12:47.998Z</time>
</trkpt>
<trkpt lat="44.8950770" lon="9.0042460">
<ele>256.824463</ele>
<time>2015-04-14T08:12:55.999Z</time>
</trkpt>
<trkpt lat="44.8950310" lon="9.0043530">
<ele>258.257050</ele>
<time>2015-04-14T08:13:03.999Z</time>
</trkpt>
<trkpt lat="44.8949620" lon="9.0045030">
<ele>258.257050</ele>
<time>2015-04-14T08:13:13.002Z</time>
</trkpt>
<trkpt lat="44.8949170" lon="9.0046320">
<ele>258.257050</ele>
<time>2015-04-14T08:13:24.001Z</time>
</trkpt>
<trkpt lat="44.8948630" lon="9.0047500">
<ele>258.744720</ele>
<time>2015-04-14T08:13:33.004Z</time>
</trkpt>
<trkpt lat="44.8948330" lon="9.0048140">
<ele>259.201935</ele>
<time>2015-04-14T08:13:40.996Z</time>
</trkpt>
<trkpt lat="44.8948020" lon="9.0049000">
<ele>259.201935</ele>
<time>2015-04-14T08:13:48.996Z</time>
</trkpt>
<trkpt lat="44.8947410" lon="9.0050610">
<ele>260.177277</ele>
<time>2015-04-14T08:13:56.997Z</time>
</trkpt>
<trkpt lat="44.8946800" lon="9.0051790">
<ele>261.122162</ele>
<time>2015-04-14T08:14:04.998Z</time>
</trkpt>
<trkpt lat="44.8946270" lon="9.0052970">
<ele>261.609833</ele>
<time>2015-04-14T08:14:14.001Z</time>
</trkpt>
<trkpt lat="44.8945660" lon="9.0054250">
<ele>262.097534</ele>
<time>2015-04-14T08:14:22.001Z</time>
</trkpt>
<trkpt lat="44.8945130" lon="9.0055650">
<ele>262.585205</ele>
<time>2015-04-14T08:14:30.002Z</time>
</trkpt>
<trkpt lat="44.8944520" lon="9.0056930">
<ele>263.072876</ele>
<time>2015-04-14T08:14:38.003Z</time>
</trkpt>
<trkpt lat="44.8943980" lon="9.0057900">
<ele>263.072876</ele>
<time>2015-04-14T08:14:46.003Z</time>
</trkpt>
<trkpt lat="44.8943530" lon="9.0058860">
<ele>264.017761</ele>
<time>2015-04-14T08:14:54.004Z</time>
</trkpt>
<trkpt lat="44.8942990" lon="9.0059940">
<ele>263.530060</ele>
<time>2015-04-14T08:15:01.996Z</time>
</trkpt>
<trkpt lat="44.8942540" lon="9.0060790">
<ele>264.505432</ele>
<time>2015-04-14T08:15:10.999Z</time>
</trkpt>
<trkpt lat="44.8941930" lon="9.0061970">
<ele>264.993134</ele>
<time>2015-04-14T08:15:17.997Z</time>
</trkpt>
<trkpt lat="44.8941320" lon="9.0062720">
<ele>265.937988</ele>
<time>2015-04-14T08:15:25.004Z</time>
</trkpt>
<trkpt lat="44.8940400" lon="9.0063470">
<ele>266.425659</ele>
<time>2015-04-14T08:15:32.996Z</time>
</trkpt>
<trkpt lat="44.8939490" lon="9.0064220">
<ele>266.425659</ele>
<time>2015-04-14T08:15:40.997Z</time>
</trkpt>
<trkpt lat="44.8938650" lon="9.0064870">
<ele>267.370575</ele>
<time>2015-04-14T08:15:48.997Z</time>
</trkpt>
<trkpt lat="44.8937890" lon="9.0065510">
<ele>267.370575</ele>
<time>2015-04-14T08:15:55.996Z</time>
</trkpt>
<trkpt lat="44.8937050" lon="9.0066150">
<ele>267.370575</ele>
<time>2015-04-14T08:16:03.996Z</time>
</trkpt>
<trkpt lat="44.8936290" lon="9.0066690">
<ele>266.913361</ele>
<time>2015-04-14T08:16:11.997Z</time>
</trkpt>
<trkpt lat="44.8935520" lon="9.0067230">
<ele>267.370575</ele>
<time>2015-04-14T08:16:19.998Z</time>
</trkpt>
<trkpt lat="44.8934610" lon="9.0067870">
<ele>267.370575</ele>
<time>2015-04-14T08:16:27.998Z</time>
</trkpt>
<trkpt lat="44.8933690" lon="9.0068620">
<ele>267.858246</ele>
<time>2015-04-14T08:16:35.999Z</time>
</trkpt>
<trkpt lat="44.8932860" lon="9.0069160">
<ele>267.858246</ele>
<time>2015-04-14T08:16:42.997Z</time>
</trkpt>
<trkpt lat="44.8931940" lon="9.0070010">
<ele>268.345917</ele>
<time>2015-04-14T08:16:49.996Z</time>
</trkpt>
<trkpt lat="44.8931180" lon="9.0070660">
<ele>268.833588</ele>
<time>2015-04-14T08:16:57.003Z</time>
</trkpt>
<trkpt lat="44.8930420" lon="9.0071190">
<ele>268.345917</ele>
<time>2015-04-14T08:17:04.001Z</time>
</trkpt>
<trkpt lat="44.8929500" lon="9.0071830">
<ele>269.321259</ele>
<time>2015-04-14T08:17:12.002Z</time>
</trkpt>
<trkpt lat="44.8928510" lon="9.0072590">
<ele>269.778473</ele>
<time>2015-04-14T08:17:20.003Z</time>
</trkpt>
<trkpt lat="44.8927750" lon="9.0073230">
<ele>269.778473</ele>
<time>2015-04-14T08:17:27.001Z</time>
</trkpt>
<trkpt lat="44.8926910" lon="9.0073980">
<ele>270.266174</ele>
<time>2015-04-14T08:17:35.002Z</time>
</trkpt>
<trkpt lat="44.8926070" lon="9.0074620">
<ele>270.266174</ele>
<time>2015-04-14T08:17:43.002Z</time>
</trkpt>
<trkpt lat="44.8924930" lon="9.0075480">
<ele>270.266174</ele>
<time>2015-04-14T08:17:51.003Z</time>
</trkpt>
<trkpt lat="44.8924090" lon="9.0076230">
<ele>271.241516</ele>
<time>2015-04-14T08:17:59.997Z</time>
</trkpt>
<trkpt lat="44.8923250" lon="9.0076870">
<ele>270.753845</ele>
<time>2015-04-14T08:18:29.002Z</time>
</trkpt>
<trkpt lat="44.8922490" lon="9.0077300">
<ele>271.698730</ele>
<time>2015-04-14T08:18:37.002Z</time>
</trkpt>
<trkpt lat="44.8921810" lon="9.0078050">
<ele>271.241516</ele>
<time>2015-04-14T08:18:45.003Z</time>
</trkpt>
<trkpt lat="44.8921040" lon="9.0078590">
<ele>271.698730</ele>
<time>2015-04-14T08:18:53.004Z</time>
</trkpt>
<trkpt lat="44.8920210" lon="9.0079230">
<ele>272.674072</ele>
<time>2015-04-14T08:19:01.004Z</time>
</trkpt>
<trkpt lat="44.8919290" lon="9.0079980">
<ele>272.674072</ele>
<time>2015-04-14T08:19:08.996Z</time>
</trkpt>
<trkpt lat="44.8918450" lon="9.0080630">
<ele>273.618958</ele>
<time>2015-04-14T08:19:16.997Z</time>
</trkpt>
<trkpt lat="44.8917690" lon="9.0081270">
<ele>274.594330</ele>
<time>2015-04-14T08:19:24.997Z</time>
</trkpt>
<trkpt lat="44.8916930" lon="9.0082020">
<ele>275.569672</ele>
<time>2015-04-14T08:19:32.998Z</time>
</trkpt>
<trkpt lat="44.8916010" lon="9.0082660">
<ele>276.514557</ele>
<time>2015-04-14T08:19:40.999Z</time>
</trkpt>
<trkpt lat="44.8915020" lon="9.0083410">
<ele>276.514557</ele>
<time>2015-04-14T08:19:48.999Z</time>
</trkpt>
<trkpt lat="44.8914340" lon="9.0083950">
<ele>277.002228</ele>
<time>2015-04-14T08:19:58.002Z</time>
</trkpt>
<trkpt lat="44.8913350" lon="9.0084480">
<ele>277.489929</ele>
<time>2015-04-14T08:20:06.003Z</time>
</trkpt>
<trkpt lat="44.8912660" lon="9.0084910">
<ele>277.947113</ele>
<time>2015-04-14T08:20:14.997Z</time>
</trkpt>
<trkpt lat="44.8911820" lon="9.0085340">
<ele>277.947113</ele>
<time>2015-04-14T08:20:28.000Z</time>
</trkpt>
<trkpt lat="44.8910760" lon="9.0085880">
<ele>278.434814</ele>
<time>2015-04-14T08:20:37.003Z</time>
</trkpt>
<trkpt lat="44.8909990" lon="9.0086200">
<ele>279.410156</ele>
<time>2015-04-14T08:20:45.004Z</time>
</trkpt>
<trkpt lat="44.8909150" lon="9.0087060">
<ele>279.410156</ele>
<time>2015-04-14T08:20:52.996Z</time>
</trkpt>
<trkpt lat="44.8909310" lon="9.0087590">
<ele>280.355042</ele>
<time>2015-04-14T08:21:01.999Z</time>
</trkpt>
<trkpt lat="44.8909610" lon="9.0088880">
<ele>280.842712</ele>
<time>2015-04-14T08:21:09.999Z</time>
</trkpt>
<trkpt lat="44.8909920" lon="9.0089950">
<ele>280.842712</ele>
<time>2015-04-14T08:21:18.000Z</time>
</trkpt>
<trkpt lat="44.8910300" lon="9.0091350">
<ele>280.355042</ele>
<time>2015-04-14T08:21:26.001Z</time>
</trkpt>
<trkpt lat="44.8910600" lon="9.0092630">
<ele>281.330414</ele>
<time>2015-04-14T08:21:34.001Z</time>
</trkpt>
<trkpt lat="44.8910980" lon="9.0093810">
<ele>281.330414</ele>
<time>2015-04-14T08:21:42.002Z</time>
</trkpt>
<trkpt lat="44.8911290" lon="9.0095200">
<ele>281.330414</ele>
<time>2015-04-14T08:21:50.003Z</time>
</trkpt>
<trkpt lat="44.8911440" lon="9.0096490">
<ele>280.842712</ele>
<time>2015-04-14T08:21:58.003Z</time>
</trkpt>
<trkpt lat="44.8911140" lon="9.0098310">
<ele>280.842712</ele>
<time>2015-04-14T08:22:06.004Z</time>
</trkpt>
<trkpt lat="44.8910220" lon="9.0100140">
<ele>281.330414</ele>
<time>2015-04-14T08:22:14.998Z</time>
</trkpt>
<trkpt lat="44.8909310" lon="9.0100990">
<ele>281.818085</ele>
<time>2015-04-14T08:22:22.999Z</time>
</trkpt>
<trkpt lat="44.8908620" lon="9.0101740">
<ele>282.762970</ele>
<time>2015-04-14T08:22:30.999Z</time>
</trkpt>
<trkpt lat="44.8907710" lon="9.0102070">
<ele>283.250641</ele>
<time>2015-04-14T08:22:39.000Z</time>
</trkpt>
<trkpt lat="44.8906490" lon="9.0102280">
<ele>283.250641</ele>
<time>2015-04-14T08:22:47.001Z</time>
</trkpt>
<trkpt lat="44.8905720" lon="9.0102390">
<ele>282.762970</ele>
<time>2015-04-14T08:22:55.001Z</time>
</trkpt>
<trkpt lat="44.8904810" lon="9.0102280">
<ele>283.250641</ele>
<time>2015-04-14T08:23:03.002Z</time>
</trkpt>
<trkpt lat="44.8903820" lon="9.0102170">
<ele>284.195526</ele>
<time>2015-04-14T08:23:11.003Z</time>
</trkpt>
<trkpt lat="44.8903130" lon="9.0102060">
<ele>284.683197</ele>
<time>2015-04-14T08:23:19.003Z</time>
</trkpt>
<trkpt lat="44.8902220" lon="9.0101960">
<ele>284.195526</ele>
<time>2015-04-14T08:23:27.004Z</time>
</trkpt>
<trkpt lat="44.8901150" lon="9.0101850">
<ele>284.683197</ele>
<time>2015-04-14T08:23:34.996Z</time>
</trkpt>
<trkpt lat="44.8899930" lon="9.0101850">
<ele>285.658569</ele>
<time>2015-04-14T08:23:42.996Z</time>
</trkpt>
<trkpt lat="44.8898480" lon="9.0101310">
<ele>285.658569</ele>
<time>2015-04-14T08:23:50.997Z</time>
</trkpt>
<trkpt lat="44.8898030" lon="9.0101310">
<ele>286.115753</ele>
<time>2015-04-14T08:23:58.998Z</time>
</trkpt>
<trkpt lat="44.8897420" lon="9.0101310">
<ele>286.603424</ele>
<time>2015-04-14T08:24:06.998Z</time>
</trkpt>
<trkpt lat="44.8896430" lon="9.0101310">
<ele>287.578796</ele>
<time>2015-04-14T08:24:14.999Z</time>
</trkpt>
<trkpt lat="44.8895510" lon="9.0101210">
<ele>288.066467</ele>
<time>2015-04-14T08:24:23.000Z</time>
</trkpt>
<trkpt lat="44.8894600" lon="9.0101100">
<ele>288.523682</ele>
<time>2015-04-14T08:24:31.000Z</time>
</trkpt>
<trkpt lat="44.8893840" lon="9.0100990">
<ele>288.066467</ele>
<time>2015-04-14T08:24:39.001Z</time>
</trkpt>
<trkpt lat="44.8892920" lon="9.0101100">
<ele>288.523682</ele>
<time>2015-04-14T08:24:47.002Z</time>
</trkpt>
<trkpt lat="44.8891700" lon="9.0101100">
<ele>288.523682</ele>
<time>2015-04-14T08:24:55.002Z</time>
</trkpt>
<trkpt lat="44.8891020" lon="9.0101100">
<ele>288.066467</ele>
<time>2015-04-14T08:25:03.003Z</time>
</trkpt>
<trkpt lat="44.8890030" lon="9.0100780">
<ele>287.578796</ele>
<time>2015-04-14T08:25:11.004Z</time>
</trkpt>
<trkpt lat="44.8888960" lon="9.0100670">
<ele>287.578796</ele>
<time>2015-04-14T08:25:19.998Z</time>
</trkpt>
<trkpt lat="44.8887970" lon="9.0100560">
<ele>287.578796</ele>
<time>2015-04-14T08:25:27.998Z</time>
</trkpt>
<trkpt lat="44.8887210" lon="9.0100350">
<ele>287.578796</ele>
<time>2015-04-14T08:25:35.999Z</time>
</trkpt>
<trkpt lat="44.8886060" lon="9.0100240">
<ele>287.578796</ele>
<time>2015-04-14T08:25:44.000Z</time>
</trkpt>
<trkpt lat="44.8885300" lon="9.0099920">
<ele>288.066467</ele>
<time>2015-04-14T08:25:52.000Z</time>
</trkpt>
<trkpt lat="44.8884230" lon="9.0099810">
<ele>288.066467</ele>
<time>2015-04-14T08:26:00.001Z</time>
</trkpt>
<trkpt lat="44.8883400" lon="9.0099490">
<ele>288.066467</ele>
<time>2015-04-14T08:26:08.002Z</time>
</trkpt>
<trkpt lat="44.8882400" lon="9.0099490">
<ele>288.523682</ele>
<time>2015-04-14T08:26:16.002Z</time>
</trkpt>
<trkpt lat="44.8881410" lon="9.0099490">
<ele>289.986725</ele>
<time>2015-04-14T08:26:24.003Z</time>
</trkpt>
<trkpt lat="44.8880420" lon="9.0099490">
<ele>290.443939</ele>
<time>2015-04-14T08:26:32.004Z</time>
</trkpt>
<trkpt lat="44.8879590" lon="9.0099490">
<ele>290.931610</ele>
<time>2015-04-14T08:26:40.004Z</time>
</trkpt>
<trkpt lat="44.8878590" lon="9.0099700">
<ele>291.419281</ele>
<time>2015-04-14T08:26:47.996Z</time>
</trkpt>
<trkpt lat="44.8877680" lon="9.0100020">
<ele>291.419281</ele>
<time>2015-04-14T08:26:55.997Z</time>
</trkpt>
<trkpt lat="44.8876770" lon="9.0100450">
<ele>291.906952</ele>
<time>2015-04-14T08:27:03.997Z</time>
</trkpt>
<trkpt lat="44.8875850" lon="9.0101310">
<ele>292.851837</ele>
<time>2015-04-14T08:27:11.998Z</time>
</trkpt>
<trkpt lat="44.8875240" lon="9.0102490">
<ele>292.364166</ele>
<time>2015-04-14T08:27:18.996Z</time>
</trkpt>
<trkpt lat="44.8874480" lon="9.0103450">
<ele>292.851837</ele>
<time>2015-04-14T08:27:26.997Z</time>
</trkpt>
<trkpt lat="44.8873800" lon="9.0103400">
<ele>293.339539</ele>
<time>2015-04-14T08:27:36.000Z</time>
</trkpt>
<trkpt lat="44.8873600" lon="9.0103600">
<ele>293.827209</ele>
<time>2015-04-14T08:28:43.997Z</time>
</trkpt>
<trkpt lat="44.8873400" lon="9.0105100">
<ele>294.772064</ele>
<time>2015-04-14T08:28:53.000Z</time>
</trkpt>
<trkpt lat="44.8873300" lon="9.0105000">
<ele>293.827209</ele>
<time>2015-04-14T08:29:18.004Z</time>
</trkpt>
<trkpt lat="44.8873400" lon="9.0107000">
<ele>294.772064</ele>
<time>2015-04-14T08:29:38.999Z</time>
</trkpt>
<trkpt lat="44.8873200" lon="9.0108900">
<ele>292.851837</ele>
<time>2015-04-14T08:29:52.002Z</time>
</trkpt>
<trkpt lat="44.8872900" lon="9.0110700">
<ele>290.931610</ele>
<time>2015-04-14T08:30:04.997Z</time>
</trkpt>
<trkpt lat="44.8872400" lon="9.0111800">
<ele>290.443939</ele>
<time>2015-04-14T08:30:14.000Z</time>
</trkpt>
<trkpt lat="44.8871800" lon="9.0112900">
<ele>288.523682</ele>
<time>2015-04-14T08:30:23.003Z</time>
</trkpt>
<trkpt lat="44.8871000" lon="9.0114000">
<ele>288.066467</ele>
<time>2015-04-14T08:30:31.003Z</time>
</trkpt>
<trkpt lat="44.8870400" lon="9.0115200">
<ele>287.091125</ele>
<time>2015-04-14T08:30:39.004Z</time>
</trkpt>
<trkpt lat="44.8869600" lon="9.0116000">
<ele>286.603424</ele>
<time>2015-04-14T08:30:46.002Z</time>
</trkpt>
<trkpt lat="44.8868600" lon="9.0116500">
<ele>285.170868</ele>
<time>2015-04-14T08:30:54.996Z</time>
</trkpt>
<trkpt lat="44.8867600" lon="9.0117000">
<ele>284.683197</ele>
<time>2015-04-14T08:31:01.001Z</time>
</trkpt>
<trkpt lat="44.8866700" lon="9.0117100">
<ele>283.738342</ele>
<time>2015-04-14T08:31:09.002Z</time>
</trkpt>
<trkpt lat="44.8865600" lon="9.0117300">
<ele>282.762970</ele>
<time>2015-04-14T08:31:17.003Z</time>
</trkpt>
<trkpt lat="44.8864800" lon="9.0118000">
<ele>283.250641</ele>
<time>2015-04-14T08:31:24.001Z</time>
</trkpt>
<trkpt lat="44.8865100" lon="9.0119300">
<ele>282.762970</ele>
<time>2015-04-14T08:31:32.002Z</time>
</trkpt>
<trkpt lat="44.8865800" lon="9.0120100">
<ele>281.818085</ele>
<time>2015-04-14T08:31:40.002Z</time>
</trkpt>
<trkpt lat="44.8866500" lon="9.0121100">
<ele>278.922485</ele>
<time>2015-04-14T08:31:48.003Z</time>
</trkpt>
<trkpt lat="44.8866700" lon="9.0122400">
<ele>277.947113</ele>
<time>2015-04-14T08:31:56.004Z</time>
</trkpt>
<trkpt lat="44.8866700" lon="9.0123700">
<ele>277.002228</ele>
<time>2015-04-14T08:32:04.004Z</time>
</trkpt>
<trkpt lat="44.8866300" lon="9.0125100">
<ele>275.569672</ele>
<time>2015-04-14T08:32:12.998Z</time>
</trkpt>
<trkpt lat="44.8865600" lon="9.0126000">
<ele>275.569672</ele>
<time>2015-04-14T08:32:29.000Z</time>
</trkpt>
<trkpt lat="44.8864800" lon="9.0127400">
<ele>275.082001</ele>
<time>2015-04-14T08:32:47.999Z</time>
</trkpt>
<trkpt lat="44.8864300" lon="9.0129100">
<ele>277.002228</ele>
<time>2015-04-14T08:33:20.002Z</time>
</trkpt>
<trkpt lat="44.8863000" lon="9.0134300">
<ele>283.738342</ele>
<time>2015-04-14T08:34:08.999Z</time>
</trkpt>
<trkpt lat="44.8862600" lon="9.0136500">
<ele>286.115753</ele>
<time>2015-04-14T08:34:26.996Z</time>
</trkpt>
<trkpt lat="44.8862700" lon="9.0138300">
<ele>287.578796</ele>
<time>2015-04-14T08:34:38.997Z</time>
</trkpt>
<trkpt lat="44.8863400" lon="9.0138200">
<ele>289.986725</ele>
<time>2015-04-14T08:34:53.003Z</time>
</trkpt>
<trkpt lat="44.8864100" lon="9.0138000">
<ele>291.906952</ele>
<time>2015-04-14T08:35:06.999Z</time>
</trkpt>
<trkpt lat="44.8864900" lon="9.0137500">
<ele>293.339539</ele>
<time>2015-04-14T08:35:19.000Z</time>
</trkpt>
<trkpt lat="44.8866000" lon="9.0137200">
<ele>295.747437</ele>
<time>2015-04-14T08:35:32.997Z</time>
</trkpt>
<trkpt lat="44.8866900" lon="9.0136800">
<ele>297.179993</ele>
<time>2015-04-14T08:35:47.996Z</time>
</trkpt>
<trkpt lat="44.8867800" lon="9.0136100">
<ele>298.612549</ele>
<time>2015-04-14T08:36:00.999Z</time>
</trkpt>
<trkpt lat="44.8868800" lon="9.0135500">
<ele>300.075592</ele>
<time>2015-04-14T08:36:13.000Z</time>
</trkpt>
<trkpt lat="44.8869600" lon="9.0134900">
<ele>301.020477</ele>
<time>2015-04-14T08:36:25.001Z</time>
</trkpt>
<trkpt lat="44.8870700" lon="9.0135100">
<ele>302.483521</ele>
<time>2015-04-14T08:36:38.998Z</time>
</trkpt>
<trkpt lat="44.8871000" lon="9.0136400">
<ele>302.940735</ele>
<time>2015-04-14T08:36:49.003Z</time>
</trkpt>
<trkpt lat="44.8871000" lon="9.0138000">
<ele>303.916077</ele>
<time>2015-04-14T08:37:01.004Z</time>
</trkpt>
<trkpt lat="44.8871300" lon="9.0139300">
<ele>304.403778</ele>
<time>2015-04-14T08:37:13.999Z</time>
</trkpt>
<trkpt lat="44.8871500" lon="9.0140800">
<ele>305.836334</ele>
<time>2015-04-14T08:37:28.004Z</time>
</trkpt>
<trkpt lat="44.8871200" lon="9.0142300">
<ele>307.268860</ele>
<time>2015-04-14T08:37:40.999Z</time>
</trkpt>
<trkpt lat="44.8871000" lon="9.0143900">
<ele>308.244232</ele>
<time>2015-04-14T08:37:53.000Z</time>
</trkpt>
<trkpt lat="44.8871100" lon="9.0145500">
<ele>308.244232</ele>
<time>2015-04-14T08:38:05.001Z</time>
</trkpt>
<trkpt lat="44.8870800" lon="9.0147200">
<ele>309.189117</ele>
<time>2015-04-14T08:38:14.004Z</time>
</trkpt>
<trkpt lat="44.8870600" lon="9.0148500">
<ele>309.676788</ele>
<time>2015-04-14T08:38:22.998Z</time>
</trkpt>
<trkpt lat="44.8870600" lon="9.0150100">
<ele>310.652161</ele>
<time>2015-04-14T08:38:34.999Z</time>
</trkpt>
<trkpt lat="44.8870900" lon="9.0151400">
<ele>311.597046</ele>
<time>2015-04-14T08:38:45.997Z</time>
</trkpt>
<trkpt lat="44.8871200" lon="9.0152800">
<ele>312.572388</ele>
<time>2015-04-14T08:38:56.996Z</time>
</trkpt>
<trkpt lat="44.8871600" lon="9.0156400">
<ele>316.412872</ele>
<time>2015-04-14T08:40:02.997Z</time>
</trkpt>
<trkpt lat="44.8872100" lon="9.0158100">
<ele>317.357758</ele>
<time>2015-04-14T08:40:14.998Z</time>
</trkpt>
<trkpt lat="44.8872400" lon="9.0160100">
<ele>318.333130</ele>
<time>2015-04-14T08:40:37.004Z</time>
</trkpt>
<trkpt lat="44.8872300" lon="9.0161600">
<ele>319.765686</ele>
<time>2015-04-14T08:40:48.003Z</time>
</trkpt>
<trkpt lat="44.8872300" lon="9.0163100">
<ele>320.253357</ele>
<time>2015-04-14T08:40:56.004Z</time>
</trkpt>
<trkpt lat="44.8872400" lon="9.0164500">
<ele>321.228729</ele>
<time>2015-04-14T08:41:04.004Z</time>
</trkpt>
<trkpt lat="44.8872400" lon="9.0166000">
<ele>322.173615</ele>
<time>2015-04-14T08:41:12.998Z</time>
</trkpt>
<trkpt lat="44.8872300" lon="9.0167400">
<ele>322.173615</ele>
<time>2015-04-14T08:41:22.001Z</time>
</trkpt>
<trkpt lat="44.8872200" lon="9.0169000">
<ele>323.148956</ele>
<time>2015-04-14T08:41:31.004Z</time>
</trkpt>
<trkpt lat="44.8871700" lon="9.0170200">
<ele>324.093842</ele>
<time>2015-04-14T08:41:45.001Z</time>
</trkpt>
<trkpt lat="44.8871000" lon="9.0172000">
<ele>325.069214</ele>
<time>2015-04-14T08:42:01.002Z</time>
</trkpt>
<trkpt lat="44.8870500" lon="9.0173700">
<ele>326.989441</ele>
<time>2015-04-14T08:42:14.999Z</time>
</trkpt>
<trkpt lat="44.8870200" lon="9.0175300">
<ele>327.477142</ele>
<time>2015-04-14T08:42:28.002Z</time>
</trkpt>
<trkpt lat="44.8869700" lon="9.0177000">
<ele>330.342255</ele>
<time>2015-04-14T08:42:45.999Z</time>
</trkpt>
<trkpt lat="44.8869100" lon="9.0178500">
<ele>331.805267</ele>
<time>2015-04-14T08:43:00.998Z</time>
</trkpt>
<trkpt lat="44.8868900" lon="9.0180400">
<ele>332.262482</ele>
<time>2015-04-14T08:43:27.998Z</time>
</trkpt>
<trkpt lat="44.8869400" lon="9.0181800">
<ele>333.237854</ele>
<time>2015-04-14T08:43:38.997Z</time>
</trkpt>
<trkpt lat="44.8869600" lon="9.0183300">
<ele>337.078339</ele>
<time>2015-04-14T08:43:52.000Z</time>
</trkpt>
<trkpt lat="44.8869500" lon="9.0184800">
<ele>338.053680</ele>
<time>2015-04-14T08:44:04.001Z</time>
</trkpt>
<trkpt lat="44.8869700" lon="9.0186200">
<ele>338.998535</ele>
<time>2015-04-14T08:44:15.000Z</time>
</trkpt>
<trkpt lat="44.8869900" lon="9.0187500">
<ele>339.973938</ele>
<time>2015-04-14T08:44:24.996Z</time>
</trkpt>
<trkpt lat="44.8870200" lon="9.0188800">
<ele>339.486267</ele>
<time>2015-04-14T08:44:36.004Z</time>
</trkpt>
<trkpt lat="44.8869500" lon="9.0188000">
<ele>340.431122</ele>
<time>2015-04-14T08:48:42.002Z</time>
</trkpt>
<trkpt lat="44.8868500" lon="9.0187300">
<ele>341.894135</ele>
<time>2015-04-14T08:49:12.000Z</time>
</trkpt>
<trkpt lat="44.8867800" lon="9.0186200">
<ele>341.894135</ele>
<time>2015-04-14T08:49:24.001Z</time>
</trkpt>
<trkpt lat="44.8867300" lon="9.0185400">
<ele>342.839050</ele>
<time>2015-04-14T08:49:35.000Z</time>
</trkpt>
<trkpt lat="44.8866300" lon="9.0185700">
<ele>343.814392</ele>
<time>2015-04-14T08:49:48.003Z</time>
</trkpt>
<trkpt lat="44.8865400" lon="9.0185700">
<ele>343.814392</ele>
<time>2015-04-14T08:49:57.999Z</time>
</trkpt>
<trkpt lat="44.8864600" lon="9.0184600">
<ele>345.246948</ele>
<time>2015-04-14T08:50:10.000Z</time>
</trkpt>
<trkpt lat="44.8864200" lon="9.0183400">
<ele>346.222321</ele>
<time>2015-04-14T08:50:19.003Z</time>
</trkpt>
<trkpt lat="44.8863800" lon="9.0182300">
<ele>346.679535</ele>
<time>2015-04-14T08:50:29.000Z</time>
</trkpt>
<trkpt lat="44.8863200" lon="9.0181000">
<ele>347.167206</ele>
<time>2015-04-14T08:50:39.998Z</time>
</trkpt>
<trkpt lat="44.8863400" lon="9.0179400">
<ele>348.630249</ele>
<time>2015-04-14T08:51:13.003Z</time>
</trkpt>
<trkpt lat="44.8863200" lon="9.0178000">
<ele>350.062805</ele>
<time>2015-04-14T08:51:25.998Z</time>
</trkpt>
<trkpt lat="44.8862100" lon="9.0176200">
<ele>353.415588</ele>
<time>2015-04-14T08:51:50.000Z</time>
</trkpt>
<trkpt lat="44.8861200" lon="9.0175500">
<ele>356.311188</ele>
<time>2015-04-14T08:52:07.997Z</time>
</trkpt>
<trkpt lat="44.8859900" lon="9.0174400">
<ele>359.176331</ele>
<time>2015-04-14T08:52:30.996Z</time>
</trkpt>
<trkpt lat="44.8859000" lon="9.0174800">
<ele>361.127045</ele>
<time>2015-04-14T08:52:45.002Z</time>
</trkpt>
<trkpt lat="44.8858900" lon="9.0176800">
<ele>363.047272</ele>
<time>2015-04-14T08:53:05.004Z</time>
</trkpt>
<trkpt lat="44.8858200" lon="9.0178300">
<ele>365.424713</ele>
<time>2015-04-14T08:53:16.996Z</time>
</trkpt>
<trkpt lat="44.8857500" lon="9.0179500">
<ele>367.832642</ele>
<time>2015-04-14T08:53:35.002Z</time>
</trkpt>
<trkpt lat="44.8856900" lon="9.0180600">
<ele>369.295685</ele>
<time>2015-04-14T08:53:46.000Z</time>
</trkpt>
<trkpt lat="44.8856400" lon="9.0181800">
<ele>371.215942</ele>
<time>2015-04-14T08:53:58.001Z</time>
</trkpt>
<trkpt lat="44.8855400" lon="9.0182300">
<ele>371.673126</ele>
<time>2015-04-14T08:54:10.002Z</time>
</trkpt>
<trkpt lat="44.8854500" lon="9.0181700">
<ele>372.648468</ele>
<time>2015-04-14T08:54:21.001Z</time>
</trkpt>
<trkpt lat="44.8853600" lon="9.0181000">
<ele>374.081055</ele>
<time>2015-04-14T08:54:34.998Z</time>
</trkpt>
<trkpt lat="44.8852500" lon="9.0181100">
<ele>375.544067</ele>
<time>2015-04-14T08:54:46.999Z</time>
</trkpt>
<trkpt lat="44.8851900" lon="9.0182200">
<ele>376.001282</ele>
<time>2015-04-14T08:54:57.004Z</time>
</trkpt>
<trkpt lat="44.8850900" lon="9.0182600">
<ele>378.409210</ele>
<time>2015-04-14T08:55:13.999Z</time>
</trkpt>
<trkpt lat="44.8849700" lon="9.0182400">
<ele>381.304810</ele>
<time>2015-04-14T08:55:43.003Z</time>
</trkpt>
<trkpt lat="44.8848900" lon="9.0181800">
<ele>383.712738</ele>
<time>2015-04-14T08:55:57.000Z</time>
</trkpt>
<trkpt lat="44.8848000" lon="9.0182000">
<ele>385.145264</ele>
<time>2015-04-14T08:56:10.997Z</time>
</trkpt>
<trkpt lat="44.8847200" lon="9.0181100">
<ele>388.040863</ele>
<time>2015-04-14T08:56:24.000Z</time>
</trkpt>
<trkpt lat="44.8846500" lon="9.0180300">
<ele>390.418335</ele>
<time>2015-04-14T08:56:36.001Z</time>
</trkpt>
<trkpt lat="44.8845700" lon="9.0179800">
<ele>393.801605</ele>
<time>2015-04-14T08:56:52.002Z</time>
</trkpt>
<trkpt lat="44.8844800" lon="9.0180300">
<ele>397.642059</ele>
<time>2015-04-14T08:57:08.997Z</time>
</trkpt>
<trkpt lat="44.8843800" lon="9.0180400">
<ele>400.537659</ele>
<time>2015-04-14T08:57:30.001Z</time>
</trkpt>
<trkpt lat="44.8843000" lon="9.0179500">
<ele>403.890472</ele>
<time>2015-04-14T08:57:46.002Z</time>
</trkpt>
<trkpt lat="44.8842100" lon="9.0180200">
<ele>405.810730</ele>
<time>2015-04-14T08:58:17.003Z</time>
</trkpt>
<trkpt lat="44.8841100" lon="9.0180000">
<ele>409.163513</ele>
<time>2015-04-14T08:59:51.999Z</time>
</trkpt>
<trkpt lat="44.8840200" lon="9.0179800">
<ele>410.138885</ele>
<time>2015-04-14T09:00:01.996Z</time>
</trkpt>
<trkpt lat="44.8839400" lon="9.0179800">
<ele>412.059113</ele>
<time>2015-04-14T09:00:13.003Z</time>
</trkpt>
<trkpt lat="44.8838900" lon="9.0180700">
<ele>413.491669</ele>
<time>2015-04-14T09:00:48.997Z</time>
</trkpt>
<trkpt lat="44.8839200" lon="9.0180100">
<ele>413.034485</ele>
<time>2015-04-14T09:01:38.997Z</time>
</trkpt>
<trkpt lat="44.8839100" lon="9.0181300">
<ele>413.491669</ele>
<time>2015-04-14T09:01:57.996Z</time>
</trkpt>
<trkpt lat="44.8839400" lon="9.0180600">
<ele>413.979340</ele>
<time>2015-04-14T09:03:06.002Z</time>
</trkpt>
<trkpt lat="44.8839100" lon="9.0182200">
<ele>414.467041</ele>
<time>2015-04-14T09:03:21.001Z</time>
</trkpt>
<trkpt lat="44.8838700" lon="9.0183600">
<ele>414.467041</ele>
<time>2015-04-14T09:03:30.004Z</time>
</trkpt>
<trkpt lat="44.8838300" lon="9.0184900">
<ele>414.467041</ele>
<time>2015-04-14T09:03:37.996Z</time>
</trkpt>
<trkpt lat="44.8837700" lon="9.0186100">
<ele>414.467041</ele>
<time>2015-04-14T09:03:45.996Z</time>
</trkpt>
<trkpt lat="44.8837000" lon="9.0186900">
<ele>414.467041</ele>
<time>2015-04-14T09:04:04.996Z</time>
</trkpt>
<trkpt lat="44.8836000" lon="9.0187900">
<ele>416.387268</ele>
<time>2015-04-14T09:04:16.997Z</time>
</trkpt>
<trkpt lat="44.8835000" lon="9.0188900">
<ele>416.874939</ele>
<time>2015-04-14T09:04:30.000Z</time>
</trkpt>
<trkpt lat="44.8834100" lon="9.0189400">
<ele>418.795197</ele>
<time>2015-04-14T09:04:39.003Z</time>
</trkpt>
<trkpt lat="44.8833000" lon="9.0189500">
<ele>420.227753</ele>
<time>2015-04-14T09:04:47.997Z</time>
</trkpt>
<trkpt lat="44.8832100" lon="9.0189500">
<ele>421.203125</ele>
<time>2015-04-14T09:04:59.998Z</time>
</trkpt>
<trkpt lat="44.8831400" lon="9.0190300">
<ele>422.148010</ele>
<time>2015-04-14T09:05:30.998Z</time>
</trkpt>
<trkpt lat="44.8830400" lon="9.0190700">
<ele>425.043610</ele>
<time>2015-04-14T09:05:44.002Z</time>
</trkpt>
<trkpt lat="44.8829500" lon="9.0191000">
<ele>428.396393</ele>
<time>2015-04-14T09:05:56.996Z</time>
</trkpt>
<trkpt lat="44.8828400" lon="9.0191300">
<ele>432.236877</ele>
<time>2015-04-14T09:06:12.004Z</time>
</trkpt>
<trkpt lat="44.8827400" lon="9.0191200">
<ele>435.132477</ele>
<time>2015-04-14T09:06:24.998Z</time>
</trkpt>
<trkpt lat="44.8826300" lon="9.0191240">
<ele>434.644806</ele>
<time>2015-04-14T09:08:03.002Z</time>
</trkpt>
<trkpt lat="44.8825920" lon="9.0190920">
<ele>435.620148</ele>
<time>2015-04-14T09:08:37.000Z</time>
</trkpt>
<trkpt lat="44.8825390" lon="9.0190270">
<ele>436.107849</ele>
<time>2015-04-14T09:08:54.004Z</time>
</trkpt>
<trkpt lat="44.8824630" lon="9.0189310">
<ele>435.620148</ele>
<time>2015-04-14T09:09:04.000Z</time>
</trkpt>
<trkpt lat="44.8824090" lon="9.0188990">
<ele>435.620148</ele>
<time>2015-04-14T09:09:13.997Z</time>
</trkpt>
<trkpt lat="44.8822900" lon="9.0187600">
<ele>435.132477</ele>
<time>2015-04-14T09:09:25.004Z</time>
</trkpt>
<trkpt lat="44.8821900" lon="9.0187200">
<ele>435.132477</ele>
<time>2015-04-14T09:09:33.998Z</time>
</trkpt>
<trkpt lat="44.8821000" lon="9.0186600">
<ele>435.620148</ele>
<time>2015-04-14T09:09:43.001Z</time>
</trkpt>
<trkpt lat="44.8820200" lon="9.0185700">
<ele>436.107849</ele>
<time>2015-04-14T09:09:51.002Z</time>
</trkpt>
<trkpt lat="44.8819520" lon="9.0185340">
<ele>436.565063</ele>
<time>2015-04-14T09:10:00.998Z</time>
</trkpt>
<trkpt lat="44.8818910" lon="9.0184380">
<ele>436.107849</ele>
<time>2015-04-14T09:10:10.001Z</time>
</trkpt>
<trkpt lat="44.8818000" lon="9.0183900">
<ele>435.620148</ele>
<time>2015-04-14T09:10:19.004Z</time>
</trkpt>
<trkpt lat="44.8817000" lon="9.0183800">
<ele>436.565063</ele>
<time>2015-04-14T09:10:30.996Z</time>
</trkpt>
<trkpt lat="44.8816200" lon="9.0183000">
<ele>437.052734</ele>
<time>2015-04-14T09:10:41.002Z</time>
</trkpt>
<trkpt lat="44.8815480" lon="9.0182440">
<ele>438.028076</ele>
<time>2015-04-14T09:11:01.997Z</time>
</trkpt>
<trkpt lat="44.8815100" lon="9.0182440">
<ele>435.620148</ele>
<time>2015-04-14T09:21:05.000Z</time>
</trkpt>
<trkpt lat="44.8813810" lon="9.0182550">
<ele>434.187592</ele>
<time>2015-04-14T09:21:14.003Z</time>
</trkpt>
<trkpt lat="44.8812890" lon="9.0182550">
<ele>432.236877</ele>
<time>2015-04-14T09:21:22.997Z</time>
</trkpt>
<trkpt lat="44.8811980" lon="9.0182550">
<ele>430.804321</ele>
<time>2015-04-14T09:21:32.000Z</time>
</trkpt>
<trkpt lat="44.8810990" lon="9.0182870">
<ele>429.371735</ele>
<time>2015-04-14T09:21:41.996Z</time>
</trkpt>
<trkpt lat="44.8810070" lon="9.0183190">
<ele>426.963867</ele>
<time>2015-04-14T09:21:54.999Z</time>
</trkpt>
<trkpt lat="44.8809100" lon="9.0183200">
<ele>425.531281</ele>
<time>2015-04-14T09:22:03.000Z</time>
</trkpt>
<trkpt lat="44.8808100" lon="9.0183100">
<ele>424.555939</ele>
<time>2015-04-14T09:22:12.003Z</time>
</trkpt>
<trkpt lat="44.8807100" lon="9.0183000">
<ele>424.068268</ele>
<time>2015-04-14T09:22:20.997Z</time>
</trkpt>
<trkpt lat="44.8806110" lon="9.0183080">
<ele>423.611053</ele>
<time>2015-04-14T09:22:31.002Z</time>
</trkpt>
<trkpt lat="44.8805270" lon="9.0182760">
<ele>422.148010</ele>
<time>2015-04-14T09:22:39.996Z</time>
</trkpt>
<trkpt lat="44.8804430" lon="9.0182760">
<ele>421.660339</ele>
<time>2015-04-14T09:22:47.997Z</time>
</trkpt>
<trkpt lat="44.8803140" lon="9.0182440">
<ele>418.795197</ele>
<time>2015-04-14T09:22:55.004Z</time>
</trkpt>
<trkpt lat="44.8802000" lon="9.0182120">
<ele>418.307526</ele>
<time>2015-04-14T09:23:03.998Z</time>
</trkpt>
<trkpt lat="44.8801390" lon="9.0182230">
<ele>417.362640</ele>
<time>2015-04-14T09:23:21.002Z</time>
</trkpt>
<trkpt lat="44.8800850" lon="9.0181800">
<ele>416.874939</ele>
<time>2015-04-14T09:24:23.003Z</time>
</trkpt>
<trkpt lat="44.8800320" lon="9.0181150">
<ele>414.954742</ele>
<time>2015-04-14T09:24:53.001Z</time>
</trkpt>
<trkpt lat="44.8799330" lon="9.0180400">
<ele>414.467041</ele>
<time>2015-04-14T09:25:02.997Z</time>
</trkpt>
<trkpt lat="44.8798490" lon="9.0179440">
<ele>411.571442</ele>
<time>2015-04-14T09:25:13.002Z</time>
</trkpt>
<trkpt lat="44.8797880" lon="9.0178790">
<ele>409.651215</ele>
<time>2015-04-14T09:25:21.996Z</time>
</trkpt>
<trkpt lat="44.8797200" lon="9.0178150">
<ele>407.243286</ele>
<time>2015-04-14T09:25:30.999Z</time>
</trkpt>
<trkpt lat="44.8796430" lon="9.0177190">
<ele>405.323059</ele>
<time>2015-04-14T09:25:40.002Z</time>
</trkpt>
<trkpt lat="44.8795600" lon="9.0176100">
<ele>403.402802</ele>
<time>2015-04-14T09:25:53.999Z</time>
</trkpt>
<trkpt lat="44.8794760" lon="9.0175470">
<ele>401.482544</ele>
<time>2015-04-14T09:26:03.002Z</time>
</trkpt>
<trkpt lat="44.8794100" lon="9.0174700">
<ele>400.049988</ele>
<time>2015-04-14T09:26:11.996Z</time>
</trkpt>
<trkpt lat="44.8793700" lon="9.0174600">
<ele>398.617462</ele>
<time>2015-04-14T09:26:45.001Z</time>
</trkpt>
<trkpt lat="44.8793000" lon="9.0174200">
<ele>398.617462</ele>
<time>2015-04-14T09:27:04.000Z</time>
</trkpt>
<trkpt lat="44.8792200" lon="9.0175000">
<ele>396.666718</ele>
<time>2015-04-14T09:27:14.999Z</time>
</trkpt>
<trkpt lat="44.8791500" lon="9.0175900">
<ele>394.746460</ele>
<time>2015-04-14T09:27:24.002Z</time>
</trkpt>
<trkpt lat="44.8790700" lon="9.0176700">
<ele>394.289276</ele>
<time>2015-04-14T09:27:32.996Z</time>
</trkpt>
<trkpt lat="44.8789880" lon="9.0177610">
<ele>392.369049</ele>
<time>2015-04-14T09:27:41.999Z</time>
</trkpt>
<trkpt lat="44.8789120" lon="9.0178360">
<ele>390.418335</ele>
<time>2015-04-14T09:27:50.000Z</time>
</trkpt>
<trkpt lat="44.8788500" lon="9.0179400">
<ele>388.985748</ele>
<time>2015-04-14T09:27:59.003Z</time>
</trkpt>
<trkpt lat="44.8787900" lon="9.0179900">
<ele>387.553192</ele>
<time>2015-04-14T09:28:41.002Z</time>
</trkpt>
<trkpt lat="44.8787600" lon="9.0178400">
<ele>387.553192</ele>
<time>2015-04-14T09:29:13.004Z</time>
</trkpt>
<trkpt lat="44.8788000" lon="9.0177200">
<ele>387.065521</ele>
<time>2015-04-14T09:29:25.999Z</time>
</trkpt>
<trkpt lat="44.8788500" lon="9.0176100">
<ele>386.577850</ele>
<time>2015-04-14T09:29:36.997Z</time>
</trkpt>
<trkpt lat="44.8788900" lon="9.0175000">
<ele>386.577850</ele>
<time>2015-04-14T09:29:48.998Z</time>
</trkpt>
<trkpt lat="44.8789500" lon="9.0174180">
<ele>387.065521</ele>
<time>2015-04-14T09:29:56.999Z</time>
</trkpt>
<trkpt lat="44.8790000" lon="9.0173000">
<ele>386.120667</ele>
<time>2015-04-14T09:30:05.000Z</time>
</trkpt>
<trkpt lat="44.8790790" lon="9.0172580">
<ele>386.120667</ele>
<time>2015-04-14T09:30:18.003Z</time>
</trkpt>
<trkpt lat="44.8791700" lon="9.0171700">
<ele>384.657593</ele>
<time>2015-04-14T09:30:27.999Z</time>
</trkpt>
<trkpt lat="44.8792600" lon="9.0171400">
<ele>385.145264</ele>
<time>2015-04-14T09:31:08.003Z</time>
</trkpt>
<trkpt lat="44.8793500" lon="9.0171000">
<ele>383.712738</ele>
<time>2015-04-14T09:31:16.003Z</time>
</trkpt>
<trkpt lat="44.8794500" lon="9.0170600">
<ele>383.712738</ele>
<time>2015-04-14T09:31:24.004Z</time>
</trkpt>
<trkpt lat="44.8795400" lon="9.0170200">
<ele>382.249664</ele>
<time>2015-04-14T09:31:32.998Z</time>
</trkpt>
<trkpt lat="44.8796400" lon="9.0169700">
<ele>381.792480</ele>
<time>2015-04-14T09:31:42.001Z</time>
</trkpt>
<trkpt lat="44.8797200" lon="9.0169100">
<ele>382.249664</ele>
<time>2015-04-14T09:31:50.002Z</time>
</trkpt>
<trkpt lat="44.8798000" lon="9.0168400">
<ele>381.792480</ele>
<time>2015-04-14T09:31:57.000Z</time>
</trkpt>
<trkpt lat="44.8798490" lon="9.0167330">
<ele>381.304810</ele>
<time>2015-04-14T09:32:03.998Z</time>
</trkpt>
<trkpt lat="44.8799030" lon="9.0165930">
<ele>380.329468</ele>
<time>2015-04-14T09:32:11.999Z</time>
</trkpt>
<trkpt lat="44.8799640" lon="9.0164860">
<ele>379.872253</ele>
<time>2015-04-14T09:32:20.000Z</time>
</trkpt>
<trkpt lat="44.8800090" lon="9.0163900">
<ele>379.384552</ele>
<time>2015-04-14T09:32:26.998Z</time>
</trkpt>
<trkpt lat="44.8800630" lon="9.0162820">
<ele>379.384552</ele>
<time>2015-04-14T09:32:34.999Z</time>
</trkpt>
<trkpt lat="44.8801310" lon="9.0161540">
<ele>379.384552</ele>
<time>2015-04-14T09:32:42.999Z</time>
</trkpt>
<trkpt lat="44.8801920" lon="9.0160250">
<ele>378.896881</ele>
<time>2015-04-14T09:32:51.000Z</time>
</trkpt>
<trkpt lat="44.8802530" lon="9.0159070">
<ele>379.872253</ele>
<time>2015-04-14T09:32:59.001Z</time>
</trkpt>
<trkpt lat="44.8803100" lon="9.0158000">
<ele>379.384552</ele>
<time>2015-04-14T09:33:07.001Z</time>
</trkpt>
<trkpt lat="44.8803600" lon="9.0156900">
<ele>378.896881</ele>
<time>2015-04-14T09:33:16.004Z</time>
</trkpt>
<trkpt lat="44.8803830" lon="9.0156180">
<ele>378.896881</ele>
<time>2015-04-14T09:33:23.996Z</time>
</trkpt>
<trkpt lat="44.8804210" lon="9.0154680">
<ele>378.896881</ele>
<time>2015-04-14T09:33:32.999Z</time>
</trkpt>
<trkpt lat="44.8804130" lon="9.0153390">
<ele>378.896881</ele>
<time>2015-04-14T09:33:42.002Z</time>
</trkpt>
<trkpt lat="44.8804130" lon="9.0152000">
<ele>379.872253</ele>
<time>2015-04-14T09:33:50.996Z</time>
</trkpt>
<trkpt lat="44.8804060" lon="9.0150820">
<ele>381.304810</ele>
<time>2015-04-14T09:34:01.001Z</time>
</trkpt>
<trkpt lat="44.8803980" lon="9.0149320">
<ele>382.249664</ele>
<time>2015-04-14T09:34:10.004Z</time>
</trkpt>
<trkpt lat="44.8803830" lon="9.0147930">
<ele>381.304810</ele>
<time>2015-04-14T09:34:20.001Z</time>
</trkpt>
<trkpt lat="44.8803830" lon="9.0146420">
<ele>381.304810</ele>
<time>2015-04-14T09:34:29.004Z</time>
</trkpt>
<trkpt lat="44.8803800" lon="9.0145000">
<ele>380.817139</ele>
<time>2015-04-14T09:34:37.004Z</time>
</trkpt>
<trkpt lat="44.8803700" lon="9.0143600">
<ele>380.329468</ele>
<time>2015-04-14T09:34:44.996Z</time>
</trkpt>
<trkpt lat="44.8803680" lon="9.0142460">
<ele>380.329468</ele>
<time>2015-04-14T09:34:53.999Z</time>
</trkpt>
<trkpt lat="44.8803680" lon="9.0140850">
<ele>379.872253</ele>
<time>2015-04-14T09:35:03.002Z</time>
</trkpt>
<trkpt lat="44.8803830" lon="9.0139560">
<ele>378.896881</ele>
<time>2015-04-14T09:35:11.996Z</time>
</trkpt>
<trkpt lat="44.8804290" lon="9.0138170">
<ele>377.464325</ele>
<time>2015-04-14T09:35:34.996Z</time>
</trkpt>
<trkpt lat="44.8804900" lon="9.0137200">
<ele>376.488953</ele>
<time>2015-04-14T09:35:42.003Z</time>
</trkpt>
<trkpt lat="44.8805500" lon="9.0136200">
<ele>376.001282</ele>
<time>2015-04-14T09:35:49.001Z</time>
</trkpt>
<trkpt lat="44.8806200" lon="9.0135400">
<ele>374.081055</ele>
<time>2015-04-14T09:35:57.002Z</time>
</trkpt>
<trkpt lat="44.8806800" lon="9.0134400">
<ele>374.081055</ele>
<time>2015-04-14T09:36:05.996Z</time>
</trkpt>
<trkpt lat="44.8807180" lon="9.0134210">
<ele>372.160797</ele>
<time>2015-04-14T09:36:16.001Z</time>
</trkpt>
<trkpt lat="44.8807180" lon="9.0133780">
<ele>371.673126</ele>
<time>2015-04-14T09:37:18.002Z</time>
</trkpt>
<trkpt lat="44.8806650" lon="9.0133030">
<ele>370.240540</ele>
<time>2015-04-14T09:37:42.004Z</time>
</trkpt>
<trkpt lat="44.8805660" lon="9.0131850">
<ele>368.808014</ele>
<time>2015-04-14T09:37:52.000Z</time>
</trkpt>
<trkpt lat="44.8804900" lon="9.0131310">
<ele>367.375458</ele>
<time>2015-04-14T09:38:04.001Z</time>
</trkpt>
<trkpt lat="44.8803760" lon="9.0130240">
<ele>365.912415</ele>
<time>2015-04-14T09:38:13.998Z</time>
</trkpt>
<trkpt lat="44.8803150" lon="9.0129490">
<ele>364.967529</ele>
<time>2015-04-14T09:38:23.001Z</time>
</trkpt>
<trkpt lat="44.8802310" lon="9.0128840">
<ele>363.047272</ele>
<time>2015-04-14T09:38:32.004Z</time>
</trkpt>
<trkpt lat="44.8801700" lon="9.0127990">
<ele>360.639343</ele>
<time>2015-04-14T09:38:40.998Z</time>
</trkpt>
<trkpt lat="44.8801010" lon="9.0127450">
<ele>360.151672</ele>
<time>2015-04-14T09:38:50.001Z</time>
</trkpt>
<trkpt lat="44.8800100" lon="9.0126380">
<ele>359.176331</ele>
<time>2015-04-14T09:38:59.004Z</time>
</trkpt>
<trkpt lat="44.8799560" lon="9.0125630">
<ele>358.231445</ele>
<time>2015-04-14T09:39:07.998Z</time>
</trkpt>
<trkpt lat="44.8798900" lon="9.0124900">
<ele>356.798859</ele>
<time>2015-04-14T09:39:30.997Z</time>
</trkpt>
<trkpt lat="44.8798200" lon="9.0124000">
<ele>354.878662</ele>
<time>2015-04-14T09:39:40.000Z</time>
</trkpt>
<trkpt lat="44.8797400" lon="9.0122900">
<ele>353.903259</ele>
<time>2015-04-14T09:39:49.003Z</time>
</trkpt>
<trkpt lat="44.8796700" lon="9.0121800">
<ele>352.470734</ele>
<time>2015-04-14T09:39:57.004Z</time>
</trkpt>
<trkpt lat="44.8796000" lon="9.0120900">
<ele>351.983063</ele>
<time>2015-04-14T09:40:11.001Z</time>
</trkpt>
<trkpt lat="44.8795300" lon="9.0119400">
<ele>350.550476</ele>
<time>2015-04-14T09:40:26.000Z</time>
</trkpt>
<trkpt lat="44.8794900" lon="9.0118000">
<ele>350.550476</ele>
<time>2015-04-14T09:40:35.996Z</time>
</trkpt>
<trkpt lat="44.8794690" lon="9.0116620">
<ele>350.062805</ele>
<time>2015-04-14T09:41:25.996Z</time>
</trkpt>
<trkpt lat="44.8794690" lon="9.0114480">
<ele>348.142548</ele>
<time>2015-04-14T09:41:37.997Z</time>
</trkpt>
<trkpt lat="44.8794840" lon="9.0113090">
<ele>348.142548</ele>
<time>2015-04-14T09:42:15.002Z</time>
</trkpt>
<trkpt lat="44.8794990" lon="9.0111690">
<ele>347.654877</ele>
<time>2015-04-14T09:42:23.996Z</time>
</trkpt>
<trkpt lat="44.8795220" lon="9.0110510">
<ele>346.222321</ele>
<time>2015-04-14T09:42:34.001Z</time>
</trkpt>
<trkpt lat="44.8795600" lon="9.0109550">
<ele>344.759277</ele>
<time>2015-04-14T09:42:43.998Z</time>
</trkpt>
<trkpt lat="44.8795600" lon="9.0107700">
<ele>343.814392</ele>
<time>2015-04-14T09:42:53.001Z</time>
</trkpt>
<trkpt lat="44.8795680" lon="9.0106550">
<ele>343.326721</ele>
<time>2015-04-14T09:43:03.999Z</time>
</trkpt>
<trkpt lat="44.8795380" lon="9.0105260">
<ele>340.431122</ele>
<time>2015-04-14T09:43:17.003Z</time>
</trkpt>
<trkpt lat="44.8795100" lon="9.0103800">
<ele>338.053680</ele>
<time>2015-04-14T09:43:28.001Z</time>
</trkpt>
<trkpt lat="44.8794990" lon="9.0102470">
<ele>337.078339</ele>
<time>2015-04-14T09:43:37.998Z</time>
</trkpt>
<trkpt lat="44.8794920" lon="9.0101190">
<ele>334.670410</ele>
<time>2015-04-14T09:43:47.001Z</time>
</trkpt>
<trkpt lat="44.8794840" lon="9.0099690">
<ele>334.670410</ele>
<time>2015-04-14T09:43:56.997Z</time>
</trkpt>
<trkpt lat="44.8794540" lon="9.0098080">
<ele>333.237854</ele>
<time>2015-04-14T09:44:06.000Z</time>
</trkpt>
<trkpt lat="44.8794230" lon="9.0097010">
<ele>331.317596</ele>
<time>2015-04-14T09:44:14.001Z</time>
</trkpt>
<trkpt lat="44.8793930" lon="9.0095830">
<ele>329.854553</ele>
<time>2015-04-14T09:44:20.999Z</time>
</trkpt>
<trkpt lat="44.8793620" lon="9.0094650">
<ele>329.397339</ele>
<time>2015-04-14T09:44:29.000Z</time>
</trkpt>
<trkpt lat="44.8793400" lon="9.0093100">
<ele>327.477142</ele>
<time>2015-04-14T09:44:37.000Z</time>
</trkpt>
<trkpt lat="44.8793000" lon="9.0091900">
<ele>326.014069</ele>
<time>2015-04-14T09:44:46.003Z</time>
</trkpt>
<trkpt lat="44.8792940" lon="9.0091000">
<ele>325.069214</ele>
<time>2015-04-14T09:44:54.004Z</time>
</trkpt>
<trkpt lat="44.8792790" lon="9.0089610">
<ele>323.606140</ele>
<time>2015-04-14T09:45:01.002Z</time>
</trkpt>
<trkpt lat="44.8792630" lon="9.0088330">
<ele>321.685913</ele>
<time>2015-04-14T09:45:09.996Z</time>
</trkpt>
<trkpt lat="44.8792480" lon="9.0087040">
<ele>320.253357</ele>
<time>2015-04-14T09:45:21.004Z</time>
</trkpt>
<trkpt lat="44.8792400" lon="9.0085900">
<ele>316.900543</ele>
<time>2015-04-14T09:45:29.998Z</time>
</trkpt>
<trkpt lat="44.8792100" lon="9.0084500">
<ele>315.925201</ele>
<time>2015-04-14T09:45:39.001Z</time>
</trkpt>
<trkpt lat="44.8791800" lon="9.0083400">
<ele>315.437531</ele>
<time>2015-04-14T09:45:47.002Z</time>
</trkpt>
<trkpt lat="44.8791400" lon="9.0082200">
<ele>314.492645</ele>
<time>2015-04-14T09:45:55.996Z</time>
</trkpt>
<trkpt lat="44.8791000" lon="9.0080900">
<ele>313.060059</ele>
<time>2015-04-14T09:46:04.999Z</time>
</trkpt>
<trkpt lat="44.8790880" lon="9.0079640">
<ele>312.084717</ele>
<time>2015-04-14T09:46:12.999Z</time>
</trkpt>
<trkpt lat="44.8790700" lon="9.0078300">
<ele>310.652161</ele>
<time>2015-04-14T09:46:21.000Z</time>
</trkpt>
<trkpt lat="44.8790700" lon="9.0076800">
<ele>309.189117</ele>
<time>2015-04-14T09:46:30.003Z</time>
</trkpt>
<trkpt lat="44.8790700" lon="9.0075500">
<ele>308.244232</ele>
<time>2015-04-14T09:46:38.997Z</time>
</trkpt>
<trkpt lat="44.8790700" lon="9.0074300">
<ele>307.268860</ele>
<time>2015-04-14T09:47:13.998Z</time>
</trkpt>
<trkpt lat="44.8790700" lon="9.0073100">
<ele>305.836334</ele>
<time>2015-04-14T09:47:46.000Z</time>
</trkpt>
<trkpt lat="44.8790600" lon="9.0071700">
<ele>304.860962</ele>
<time>2015-04-14T09:47:54.001Z</time>
</trkpt>
<trkpt lat="44.8790500" lon="9.0070500">
<ele>303.916077</ele>
<time>2015-04-14T09:48:00.999Z</time>
</trkpt>
<trkpt lat="44.8790500" lon="9.0069200">
<ele>302.483521</ele>
<time>2015-04-14T09:48:09.000Z</time>
</trkpt>
<trkpt lat="44.8790400" lon="9.0067800">
<ele>301.508179</ele>
<time>2015-04-14T09:48:15.998Z</time>
</trkpt>
<trkpt lat="44.8790420" lon="9.0066460">
<ele>300.075592</ele>
<time>2015-04-14T09:48:23.999Z</time>
</trkpt>
<trkpt lat="44.8790350" lon="9.0065390">
<ele>298.612549</ele>
<time>2015-04-14T09:48:32.000Z</time>
</trkpt>
<trkpt lat="44.8790580" lon="9.0064420">
<ele>297.667664</ele>
<time>2015-04-14T09:48:40.000Z</time>
</trkpt>
<trkpt lat="44.8791200" lon="9.0063000">
<ele>296.692322</ele>
<time>2015-04-14T09:48:49.997Z</time>
</trkpt>
<trkpt lat="44.8791700" lon="9.0061900">
<ele>294.772064</ele>
<time>2015-04-14T09:48:59.000Z</time>
</trkpt>
<trkpt lat="44.8792200" lon="9.0060700">
<ele>293.827209</ele>
<time>2015-04-14T09:49:08.003Z</time>
</trkpt>
<trkpt lat="44.8792900" lon="9.0059700">
<ele>291.906952</ele>
<time>2015-04-14T09:49:39.003Z</time>
</trkpt>
<trkpt lat="44.8793600" lon="9.0058800">
<ele>290.443939</ele>
<time>2015-04-14T09:49:47.004Z</time>
</trkpt>
<trkpt lat="44.8794300" lon="9.0058000">
<ele>288.523682</ele>
<time>2015-04-14T09:49:55.998Z</time>
</trkpt>
<trkpt lat="44.8795100" lon="9.0057200">
<ele>285.658569</ele>
<time>2015-04-14T09:50:06.003Z</time>
</trkpt>
<trkpt lat="44.8795530" lon="9.0057130">
<ele>284.683197</ele>
<time>2015-04-14T09:50:22.004Z</time>
</trkpt>
<trkpt lat="44.8795990" lon="9.0056600">
<ele>284.683197</ele>
<time>2015-04-14T09:50:45.004Z</time>
</trkpt>
<trkpt lat="44.8796600" lon="9.0056300">
<ele>282.762970</ele>
<time>2015-04-14T09:50:55.000Z</time>
</trkpt>
<trkpt lat="44.8797400" lon="9.0056000">
<ele>280.842712</ele>
<time>2015-04-14T09:51:04.003Z</time>
</trkpt>
<trkpt lat="44.8798200" lon="9.0055500">
<ele>279.410156</ele>
<time>2015-04-14T09:51:12.997Z</time>
</trkpt>
<trkpt lat="44.8799100" lon="9.0055100">
<ele>278.922485</ele>
<time>2015-04-14T09:51:22.000Z</time>
</trkpt>
<trkpt lat="44.8800000" lon="9.0054600">
<ele>278.434814</ele>
<time>2015-04-14T09:51:32.999Z</time>
</trkpt>
<trkpt lat="44.8800900" lon="9.0054200">
<ele>277.489929</ele>
<time>2015-04-14T09:51:42.002Z</time>
</trkpt>
<trkpt lat="44.8801700" lon="9.0053500">
<ele>276.026886</ele>
<time>2015-04-14T09:51:55.999Z</time>
</trkpt>
<trkpt lat="44.8802600" lon="9.0053100">
<ele>274.594330</ele>
<time>2015-04-14T09:52:03.999Z</time>
</trkpt>
<trkpt lat="44.8803400" lon="9.0052700">
<ele>274.106628</ele>
<time>2015-04-14T09:52:12.000Z</time>
</trkpt>
<trkpt lat="44.8804300" lon="9.0052200">
<ele>273.618958</ele>
<time>2015-04-14T09:52:20.001Z</time>
</trkpt>
<trkpt lat="44.8805100" lon="9.0051800">
<ele>271.698730</ele>
<time>2015-04-14T09:52:28.001Z</time>
</trkpt>
<trkpt lat="44.8805900" lon="9.0051200">
<ele>271.241516</ele>
<time>2015-04-14T09:52:36.002Z</time>
</trkpt>
<trkpt lat="44.8806700" lon="9.0050500">
<ele>270.753845</ele>
<time>2015-04-14T09:52:44.003Z</time>
</trkpt>
<trkpt lat="44.8807400" lon="9.0049700">
<ele>270.266174</ele>
<time>2015-04-14T09:52:52.003Z</time>
</trkpt>
<trkpt lat="44.8808000" lon="9.0048700">
<ele>269.778473</ele>
<time>2015-04-14T09:53:00.004Z</time>
</trkpt>
<trkpt lat="44.8808600" lon="9.0047700">
<ele>268.833588</ele>
<time>2015-04-14T09:53:07.996Z</time>
</trkpt>
<trkpt lat="44.8809100" lon="9.0046700">
<ele>267.858246</ele>
<time>2015-04-14T09:53:15.996Z</time>
</trkpt>
<trkpt lat="44.8809500" lon="9.0045600">
<ele>266.913361</ele>
<time>2015-04-14T09:53:23.997Z</time>
</trkpt>
<trkpt lat="44.8810100" lon="9.0044500">
<ele>266.425659</ele>
<time>2015-04-14T09:53:31.998Z</time>
</trkpt>
<trkpt lat="44.8810500" lon="9.0043500">
<ele>265.450317</ele>
<time>2015-04-14T09:53:39.998Z</time>
</trkpt>
<trkpt lat="44.8811000" lon="9.0042600">
<ele>264.993134</ele>
<time>2015-04-14T09:53:58.998Z</time>
</trkpt>
<trkpt lat="44.8811500" lon="9.0041500">
<ele>264.505432</ele>
<time>2015-04-14T09:54:12.001Z</time>
</trkpt>
<trkpt lat="44.8811920" lon="9.0040200">
<ele>264.017761</ele>
<time>2015-04-14T09:54:20.002Z</time>
</trkpt>
<trkpt lat="44.8812450" lon="9.0039130">
<ele>263.530060</ele>
<time>2015-04-14T09:54:28.002Z</time>
</trkpt>
<trkpt lat="44.8812750" lon="9.0038050">
<ele>262.585205</ele>
<time>2015-04-14T09:54:36.003Z</time>
</trkpt>
<trkpt lat="44.8813060" lon="9.0036660">
<ele>261.609833</ele>
<time>2015-04-14T09:54:44.004Z</time>
</trkpt>
<trkpt lat="44.8813100" lon="9.0035300">
<ele>259.201935</ele>
<time>2015-04-14T09:54:52.998Z</time>
</trkpt>
<trkpt lat="44.8813000" lon="9.0033900">
<ele>258.257050</ele>
<time>2015-04-14T09:55:02.001Z</time>
</trkpt>
<trkpt lat="44.8812800" lon="9.0032600">
<ele>255.849121</ele>
<time>2015-04-14T09:55:11.004Z</time>
</trkpt>
<trkpt lat="44.8812830" lon="9.0031300">
<ele>254.416565</ele>
<time>2015-04-14T09:55:21.000Z</time>
</trkpt>
<trkpt lat="44.8812800" lon="9.0030000">
<ele>253.928879</ele>
<time>2015-04-14T09:55:30.003Z</time>
</trkpt>
<trkpt lat="44.8813000" lon="9.0028700">
<ele>251.520966</ele>
<time>2015-04-14T09:55:39.999Z</time>
</trkpt>
<trkpt lat="44.8813060" lon="9.0027340">
<ele>248.625366</ele>
<time>2015-04-14T09:55:49.996Z</time>
</trkpt>
<trkpt lat="44.8813290" lon="9.0026260">
<ele>246.705124</ele>
<time>2015-04-14T09:56:15.000Z</time>
</trkpt>
<trkpt lat="44.8813800" lon="9.0025100">
<ele>244.784866</ele>
<time>2015-04-14T09:56:24.996Z</time>
</trkpt>
<trkpt lat="44.8814200" lon="9.0023900">
<ele>241.919769</ele>
<time>2015-04-14T09:56:35.002Z</time>
</trkpt>
<trkpt lat="44.8814700" lon="9.0022800">
<ele>240.944397</ele>
<time>2015-04-14T09:56:44.998Z</time>
</trkpt>
<trkpt lat="44.8815270" lon="9.0021870">
<ele>239.024170</ele>
<time>2015-04-14T09:56:55.003Z</time>
</trkpt>
<trkpt lat="44.8815900" lon="9.0020800">
<ele>237.591599</ele>
<time>2015-04-14T09:57:03.997Z</time>
</trkpt>
<trkpt lat="44.8816600" lon="9.0019900">
<ele>235.671356</ele>
<time>2015-04-14T09:57:14.003Z</time>
</trkpt>
<trkpt lat="44.8817300" lon="9.0018800">
<ele>234.208328</ele>
<time>2015-04-14T09:57:22.997Z</time>
</trkpt>
<trkpt lat="44.8817900" lon="9.0017900">
<ele>231.800400</ele>
<time>2015-04-14T09:57:32.000Z</time>
</trkpt>
<trkpt lat="44.8818500" lon="9.0016900">
<ele>230.855530</ele>
<time>2015-04-14T09:57:41.003Z</time>
</trkpt>
<trkpt lat="44.8819200" lon="9.0015900">
<ele>229.880157</ele>
<time>2015-04-14T09:57:49.997Z</time>
</trkpt>
<trkpt lat="44.8819800" lon="9.0014900">
<ele>227.959930</ele>
<time>2015-04-14T09:57:59.000Z</time>
</trkpt>
<trkpt lat="44.8820400" lon="9.0013900">
<ele>227.015030</ele>
<time>2015-04-14T09:58:08.003Z</time>
</trkpt>
<trkpt lat="44.8821100" lon="9.0012900">
<ele>225.552002</ele>
<time>2015-04-14T09:58:16.997Z</time>
</trkpt>
<trkpt lat="44.8821700" lon="9.0012000">
<ele>224.119431</ele>
<time>2015-04-14T09:58:26.000Z</time>
</trkpt>
<trkpt lat="44.8822300" lon="9.0010900">
<ele>223.174561</ele>
<time>2015-04-14T09:58:35.003Z</time>
</trkpt>
<trkpt lat="44.8823000" lon="9.0009800">
<ele>221.711533</ele>
<time>2015-04-14T09:58:43.003Z</time>
</trkpt>
<trkpt lat="44.8823600" lon="9.0008800">
<ele>219.791275</ele>
<time>2015-04-14T09:58:51.004Z</time>
</trkpt>
<trkpt lat="44.8824200" lon="9.0007700">
<ele>217.871033</ele>
<time>2015-04-14T09:58:58.996Z</time>
</trkpt>
<trkpt lat="44.8825000" lon="9.0006700">
<ele>216.926163</ele>
<time>2015-04-14T09:59:06.996Z</time>
</trkpt>
<trkpt lat="44.8825600" lon="9.0005600">
<ele>215.950806</ele>
<time>2015-04-14T09:59:14.997Z</time>
</trkpt>
<trkpt lat="44.8826100" lon="9.0004700">
<ele>215.005920</ele>
<time>2015-04-14T09:59:22.998Z</time>
</trkpt>
<trkpt lat="44.8826800" lon="9.0003800">
<ele>213.542877</ele>
<time>2015-04-14T09:59:30.998Z</time>
</trkpt>
<trkpt lat="44.8827390" lon="9.0002790">
<ele>213.055206</ele>
<time>2015-04-14T09:59:38.999Z</time>
</trkpt>
<trkpt lat="44.8828000" lon="9.0001930">
<ele>212.110321</ele>
<time>2015-04-14T09:59:47.000Z</time>
</trkpt>
<trkpt lat="44.8828840" lon="9.0001180">
<ele>211.622635</ele>
<time>2015-04-14T09:59:55.000Z</time>
</trkpt>
<trkpt lat="44.8829670" lon="9.0000640">
<ele>211.134964</ele>
<time>2015-04-14T10:00:03.001Z</time>
</trkpt>
<trkpt lat="44.8830600" lon="9.0000200">
<ele>209.214722</ele>
<time>2015-04-14T10:00:11.002Z</time>
</trkpt>
<trkpt lat="44.8831500" lon="8.9999570">
<ele>209.214722</ele>
<time>2015-04-14T10:00:19.002Z</time>
</trkpt>
<trkpt lat="44.8832190" lon="8.9999040">
<ele>208.269836</ele>
<time>2015-04-14T10:00:26.001Z</time>
</trkpt>
<trkpt lat="44.8832870" lon="8.9998180">
<ele>208.269836</ele>
<time>2015-04-14T10:00:34.001Z</time>
</trkpt>
<trkpt lat="44.8833640" lon="8.9997320">
<ele>207.294479</ele>
<time>2015-04-14T10:00:41.000Z</time>
</trkpt>
<trkpt lat="44.8834170" lon="8.9996140">
<ele>206.349594</ele>
<time>2015-04-14T10:00:49.000Z</time>
</trkpt>
<trkpt lat="44.8834930" lon="8.9995070">
<ele>205.374237</ele>
<time>2015-04-14T10:00:57.001Z</time>
</trkpt>
<trkpt lat="44.8835540" lon="8.9994210">
<ele>204.886566</ele>
<time>2015-04-14T10:01:05.002Z</time>
</trkpt>
<trkpt lat="44.8836400" lon="8.9993000">
<ele>204.429367</ele>
<time>2015-04-14T10:01:13.002Z</time>
</trkpt>
<trkpt lat="44.8837000" lon="8.9992000">
<ele>204.886566</ele>
<time>2015-04-14T10:01:21.003Z</time>
</trkpt>
<trkpt lat="44.8837600" lon="8.9991000">
<ele>204.886566</ele>
<time>2015-04-14T10:01:30.999Z</time>
</trkpt>
<trkpt lat="44.8838200" lon="8.9990100">
<ele>204.429367</ele>
<time>2015-04-14T10:01:39.000Z</time>
</trkpt>
<trkpt lat="44.8839000" lon="8.9989500">
<ele>203.941666</ele>
<time>2015-04-14T10:01:47.001Z</time>
</trkpt>
<trkpt lat="44.8839510" lon="8.9988720">
<ele>203.941666</ele>
<time>2015-04-14T10:01:55.001Z</time>
</trkpt>
<trkpt lat="44.8840350" lon="8.9987760">
<ele>202.966324</ele>
<time>2015-04-14T10:02:03.002Z</time>
</trkpt>
<trkpt lat="44.8840660" lon="8.9987220">
<ele>202.021439</ele>
<time>2015-04-14T10:02:11.003Z</time>
</trkpt>
<trkpt lat="44.8841570" lon="8.9985930">
<ele>202.509125</ele>
<time>2015-04-14T10:02:19.003Z</time>
</trkpt>
<trkpt lat="44.8842180" lon="8.9984860">
<ele>202.021439</ele>
<time>2015-04-14T10:02:27.004Z</time>
</trkpt>
<trkpt lat="44.8842640" lon="8.9983580">
<ele>200.558395</ele>
<time>2015-04-14T10:02:34.996Z</time>
</trkpt>
<trkpt lat="44.8843100" lon="8.9982500">
<ele>200.558395</ele>
<time>2015-04-14T10:02:42.996Z</time>
</trkpt>
<trkpt lat="44.8843630" lon="8.9981220">
<ele>201.046066</ele>
<time>2015-04-14T10:02:50.997Z</time>
</trkpt>
<trkpt lat="44.8844200" lon="8.9979900">
<ele>199.613525</ele>
<time>2015-04-14T10:02:58.998Z</time>
</trkpt>
<trkpt lat="44.8844470" lon="8.9978750">
<ele>200.558395</ele>
<time>2015-04-14T10:03:06.998Z</time>
</trkpt>
<trkpt lat="44.8845100" lon="8.9977500">
<ele>199.613525</ele>
<time>2015-04-14T10:03:14.999Z</time>
</trkpt>
<trkpt lat="44.8845460" lon="8.9976180">
<ele>199.613525</ele>
<time>2015-04-14T10:03:23.000Z</time>
</trkpt>
<trkpt lat="44.8845840" lon="8.9975210">
<ele>199.125839</ele>
<time>2015-04-14T10:03:31.000Z</time>
</trkpt>
<trkpt lat="44.8846370" lon="8.9973710">
<ele>199.125839</ele>
<time>2015-04-14T10:03:39.001Z</time>
</trkpt>
<trkpt lat="44.8846680" lon="8.9972640">
<ele>199.125839</ele>
<time>2015-04-14T10:03:47.002Z</time>
</trkpt>
<trkpt lat="44.8847300" lon="8.9971300">
<ele>198.638168</ele>
<time>2015-04-14T10:03:55.002Z</time>
</trkpt>
<trkpt lat="44.8847700" lon="8.9969900">
<ele>198.638168</ele>
<time>2015-04-14T10:04:03.003Z</time>
</trkpt>
<trkpt lat="44.8848000" lon="8.9968800">
<ele>198.638168</ele>
<time>2015-04-14T10:04:10.001Z</time>
</trkpt>
<trkpt lat="44.8848400" lon="8.9967700">
<ele>198.638168</ele>
<time>2015-04-14T10:04:17.000Z</time>
</trkpt>
<trkpt lat="44.8848700" lon="8.9966400">
<ele>197.205597</ele>
<time>2015-04-14T10:04:23.998Z</time>
</trkpt>
<trkpt lat="44.8849000" lon="8.9965000">
<ele>196.260727</ele>
<time>2015-04-14T10:04:31.999Z</time>
</trkpt>
<trkpt lat="44.8849400" lon="8.9963700">
<ele>196.260727</ele>
<time>2015-04-14T10:04:39.999Z</time>
</trkpt>
<trkpt lat="44.8849700" lon="8.9962500">
<ele>194.797668</ele>
<time>2015-04-14T10:04:48.000Z</time>
</trkpt>
<trkpt lat="44.8850000" lon="8.9961200">
<ele>194.797668</ele>
<time>2015-04-14T10:04:56.001Z</time>
</trkpt>
<trkpt lat="44.8850300" lon="8.9960000">
<ele>194.797668</ele>
<time>2015-04-14T10:05:02.999Z</time>
</trkpt>
<trkpt lat="44.8850560" lon="8.9959130">
<ele>194.797668</ele>
<time>2015-04-14T10:05:09.997Z</time>
</trkpt>
<trkpt lat="44.8851000" lon="8.9957500">
<ele>194.797668</ele>
<time>2015-04-14T10:05:16.996Z</time>
</trkpt>
<trkpt lat="44.8851400" lon="8.9956300">
<ele>194.797668</ele>
<time>2015-04-14T10:05:24.003Z</time>
</trkpt>
<trkpt lat="44.8851800" lon="8.9955000">
<ele>194.309998</ele>
<time>2015-04-14T10:05:32.004Z</time>
</trkpt>
<trkpt lat="44.8852200" lon="8.9953900">
<ele>193.852798</ele>
<time>2015-04-14T10:05:39.002Z</time>
</trkpt>
<trkpt lat="44.8852600" lon="8.9952900">
<ele>193.852798</ele>
<time>2015-04-14T10:05:46.000Z</time>
</trkpt>
<trkpt lat="44.8853000" lon="8.9951700">
<ele>193.852798</ele>
<time>2015-04-14T10:05:54.001Z</time>
</trkpt>
<trkpt lat="44.8853380" lon="8.9950450">
<ele>193.852798</ele>
<time>2015-04-14T10:06:02.002Z</time>
</trkpt>
<trkpt lat="44.8853840" lon="8.9949270">
<ele>193.852798</ele>
<time>2015-04-14T10:06:10.002Z</time>
</trkpt>
<trkpt lat="44.8854220" lon="8.9947980">
<ele>193.852798</ele>
<time>2015-04-14T10:06:18.003Z</time>
</trkpt>
<trkpt lat="44.8854600" lon="8.9946590">
<ele>193.852798</ele>
<time>2015-04-14T10:06:26.004Z</time>
</trkpt>
<trkpt lat="44.8854980" lon="8.9945730">
<ele>193.365128</ele>
<time>2015-04-14T10:06:34.004Z</time>
</trkpt>
<trkpt lat="44.8855440" lon="8.9944230">
<ele>192.877441</ele>
<time>2015-04-14T10:06:41.996Z</time>
</trkpt>
<trkpt lat="44.8855900" lon="8.9943000">
<ele>192.877441</ele>
<time>2015-04-14T10:06:49.003Z</time>
</trkpt>
<trkpt lat="44.8856200" lon="8.9941900">
<ele>192.877441</ele>
<time>2015-04-14T10:06:56.002Z</time>
</trkpt>
<trkpt lat="44.8856500" lon="8.9940600">
<ele>192.877441</ele>
<time>2015-04-14T10:07:03.000Z</time>
</trkpt>
<trkpt lat="44.8856900" lon="8.9939300">
<ele>192.877441</ele>
<time>2015-04-14T10:07:11.001Z</time>
</trkpt>
<trkpt lat="44.8857100" lon="8.9938200">
<ele>192.389771</ele>
<time>2015-04-14T10:07:21.999Z</time>
</trkpt>
<trkpt lat="44.8857120" lon="8.9937150">
<ele>191.932556</ele>
<time>2015-04-14T10:08:18.004Z</time>
</trkpt>
<trkpt lat="44.8857190" lon="8.9937480">
<ele>191.932556</ele>
<time>2015-04-14T10:08:45.997Z</time>
</trkpt>
<trkpt lat="44.8857420" lon="8.9936620">
<ele>191.932556</ele>
<time>2015-04-14T10:08:55.000Z</time>
</trkpt>
<trkpt lat="44.8857900" lon="8.9935600">
<ele>191.932556</ele>
<time>2015-04-14T10:09:19.002Z</time>
</trkpt>
<trkpt lat="44.8858500" lon="8.9934800">
<ele>191.444870</ele>
<time>2015-04-14T10:09:27.003Z</time>
</trkpt>
<trkpt lat="44.8858940" lon="8.9933510">
<ele>191.444870</ele>
<time>2015-04-14T10:09:35.004Z</time>
</trkpt>
<trkpt lat="44.8859550" lon="8.9932330">
<ele>191.932556</ele>
<time>2015-04-14T10:09:43.004Z</time>
</trkpt>
<trkpt lat="44.8860160" lon="8.9931040">
<ele>191.444870</ele>
<time>2015-04-14T10:09:50.996Z</time>
</trkpt>
<trkpt lat="44.8860930" lon="8.9929860">
<ele>191.444870</ele>
<time>2015-04-14T10:09:58.997Z</time>
</trkpt>
<trkpt lat="44.8861380" lon="8.9928900">
<ele>191.444870</ele>
<time>2015-04-14T10:10:06.997Z</time>
</trkpt>
<trkpt lat="44.8861840" lon="8.9927830">
<ele>190.469528</ele>
<time>2015-04-14T10:10:14.998Z</time>
</trkpt>
<trkpt lat="44.8862220" lon="8.9926750">
<ele>190.469528</ele>
<time>2015-04-14T10:10:22.999Z</time>
</trkpt>
<trkpt lat="44.8862980" lon="8.9925680">
<ele>190.012329</ele>
<time>2015-04-14T10:10:29.997Z</time>
</trkpt>
<trkpt lat="44.8863440" lon="8.9924610">
<ele>189.524643</ele>
<time>2015-04-14T10:10:37.998Z</time>
</trkpt>
<trkpt lat="44.8864200" lon="8.9923500">
<ele>189.524643</ele>
<time>2015-04-14T10:10:45.998Z</time>
</trkpt>
<trkpt lat="44.8864800" lon="8.9922500">
<ele>189.524643</ele>
<time>2015-04-14T10:10:52.997Z</time>
</trkpt>
<trkpt lat="44.8865350" lon="8.9921390">
<ele>189.524643</ele>
<time>2015-04-14T10:11:00.997Z</time>
</trkpt>
<trkpt lat="44.8866030" lon="8.9920320">
<ele>188.549271</ele>
<time>2015-04-14T10:11:08.998Z</time>
</trkpt>
<trkpt lat="44.8866640" lon="8.9919140">
<ele>189.036957</ele>
<time>2015-04-14T10:11:16.999Z</time>
</trkpt>
<trkpt lat="44.8867250" lon="8.9918070">
<ele>188.549271</ele>
<time>2015-04-14T10:11:24.999Z</time>
</trkpt>
<trkpt lat="44.8867940" lon="8.9917000">
<ele>188.549271</ele>
<time>2015-04-14T10:11:33.000Z</time>
</trkpt>
<trkpt lat="44.8868550" lon="8.9915920">
<ele>189.524643</ele>
<time>2015-04-14T10:11:41.001Z</time>
</trkpt>
<trkpt lat="44.8869160" lon="8.9914960">
<ele>189.036957</ele>
<time>2015-04-14T10:11:47.999Z</time>
</trkpt>
<trkpt lat="44.8869920" lon="8.9913890">
<ele>189.524643</ele>
<time>2015-04-14T10:11:56.000Z</time>
</trkpt>
<trkpt lat="44.8870370" lon="8.9913030">
<ele>189.036957</ele>
<time>2015-04-14T10:12:04.000Z</time>
</trkpt>
<trkpt lat="44.8871210" lon="8.9911960">
<ele>189.036957</ele>
<time>2015-04-14T10:12:12.001Z</time>
</trkpt>
<trkpt lat="44.8871900" lon="8.9910780">
<ele>188.549271</ele>
<time>2015-04-14T10:12:20.002Z</time>
</trkpt>
<trkpt lat="44.8872580" lon="8.9909490">
<ele>188.549271</ele>
<time>2015-04-14T10:12:28.002Z</time>
</trkpt>
<trkpt lat="44.8873420" lon="8.9908200">
<ele>188.061600</ele>
<time>2015-04-14T10:12:36.003Z</time>
</trkpt>
<trkpt lat="44.8873730" lon="8.9907450">
<ele>188.061600</ele>
<time>2015-04-14T10:12:44.004Z</time>
</trkpt>
<trkpt lat="44.8874260" lon="8.9906270">
<ele>188.549271</ele>
<time>2015-04-14T10:12:51.002Z</time>
</trkpt>
<trkpt lat="44.8874870" lon="8.9905090">
<ele>187.604401</ele>
<time>2015-04-14T10:12:59.003Z</time>
</trkpt>
<trkpt lat="44.8875560" lon="8.9903920">
<ele>187.604401</ele>
<time>2015-04-14T10:13:07.003Z</time>
</trkpt>
<trkpt lat="44.8876010" lon="8.9903060">
<ele>187.604401</ele>
<time>2015-04-14T10:13:14.002Z</time>
</trkpt>
<trkpt lat="44.8876470" lon="8.9902090">
<ele>187.116730</ele>
<time>2015-04-14T10:13:22.002Z</time>
</trkpt>
<trkpt lat="44.8877080" lon="8.9901020">
<ele>188.061600</ele>
<time>2015-04-14T10:13:30.003Z</time>
</trkpt>
<trkpt lat="44.8877460" lon="8.9900160">
<ele>187.604401</ele>
<time>2015-04-14T10:13:38.004Z</time>
</trkpt>
<trkpt lat="44.8877840" lon="8.9899200">
<ele>187.604401</ele>
<time>2015-04-14T10:14:13.998Z</time>
</trkpt>
<trkpt lat="44.8878530" lon="8.9898130">
<ele>187.604401</ele>
<time>2015-04-14T10:14:25.999Z</time>
</trkpt>
<trkpt lat="44.8879060" lon="8.9897050">
<ele>188.061600</ele>
<time>2015-04-14T10:14:33.999Z</time>
</trkpt>
<trkpt lat="44.8879670" lon="8.9895770">
<ele>187.604401</ele>
<time>2015-04-14T10:14:42.000Z</time>
</trkpt>
<trkpt lat="44.8880280" lon="8.9894590">
<ele>187.116730</ele>
<time>2015-04-14T10:14:50.001Z</time>
</trkpt>
<trkpt lat="44.8881040" lon="8.9893510">
<ele>186.629044</ele>
<time>2015-04-14T10:15:15.998Z</time>
</trkpt>
<trkpt lat="44.8881350" lon="8.9892550">
<ele>186.141357</ele>
<time>2015-04-14T10:15:23.999Z</time>
</trkpt>
<trkpt lat="44.8881900" lon="8.9891700">
<ele>185.684158</ele>
<time>2015-04-14T10:15:30.997Z</time>
</trkpt>
<trkpt lat="44.8882410" lon="8.9890510">
<ele>185.684158</ele>
<time>2015-04-14T10:15:37.996Z</time>
</trkpt>
<trkpt lat="44.8882870" lon="8.9889440">
<ele>184.708801</ele>
<time>2015-04-14T10:15:45.003Z</time>
</trkpt>
<trkpt lat="44.8883180" lon="8.9888480">
<ele>185.196472</ele>
<time>2015-04-14T10:15:53.004Z</time>
</trkpt>
<trkpt lat="44.8883790" lon="8.9887190">
<ele>185.196472</ele>
<time>2015-04-14T10:16:01.004Z</time>
</trkpt>
<trkpt lat="44.8884390" lon="8.9885790">
<ele>185.684158</ele>
<time>2015-04-14T10:16:08.996Z</time>
</trkpt>
<trkpt lat="44.8885000" lon="8.9884610">
<ele>185.684158</ele>
<time>2015-04-14T10:16:16.997Z</time>
</trkpt>
<trkpt lat="44.8885390" lon="8.9883650">
<ele>186.141357</ele>
<time>2015-04-14T10:16:24.997Z</time>
</trkpt>
<trkpt lat="44.8885920" lon="8.9882580">
<ele>186.141357</ele>
<time>2015-04-14T10:16:32.998Z</time>
</trkpt>
<trkpt lat="44.8886450" lon="8.9881610">
<ele>186.141357</ele>
<time>2015-04-14T10:16:40.999Z</time>
</trkpt>
<trkpt lat="44.8887060" lon="8.9880430">
<ele>185.684158</ele>
<time>2015-04-14T10:16:48.999Z</time>
</trkpt>
<trkpt lat="44.8887590" lon="8.9879470">
<ele>186.141357</ele>
<time>2015-04-14T10:16:57.000Z</time>
</trkpt>
<trkpt lat="44.8888360" lon="8.9878400">
<ele>185.684158</ele>
<time>2015-04-14T10:17:05.001Z</time>
</trkpt>
<trkpt lat="44.8889000" lon="8.9877500">
<ele>185.196472</ele>
<time>2015-04-14T10:17:13.001Z</time>
</trkpt>
<trkpt lat="44.8889600" lon="8.9876300">
<ele>185.196472</ele>
<time>2015-04-14T10:17:21.002Z</time>
</trkpt>
<trkpt lat="44.8890030" lon="8.9875180">
<ele>184.708801</ele>
<time>2015-04-14T10:17:29.003Z</time>
</trkpt>
<trkpt lat="44.8890490" lon="8.9874000">
<ele>185.196472</ele>
<time>2015-04-14T10:17:37.003Z</time>
</trkpt>
<trkpt lat="44.8890950" lon="8.9872710">
<ele>184.708801</ele>
<time>2015-04-14T10:17:44.002Z</time>
</trkpt>
<trkpt lat="44.8891480" lon="8.9871430">
<ele>184.708801</ele>
<time>2015-04-14T10:17:52.002Z</time>
</trkpt>
<trkpt lat="44.8892010" lon="8.9870460">
<ele>184.221130</ele>
<time>2015-04-14T10:18:00.003Z</time>
</trkpt>
<trkpt lat="44.8892390" lon="8.9869280">
<ele>184.221130</ele>
<time>2015-04-14T10:18:08.004Z</time>
</trkpt>
<trkpt lat="44.8892700" lon="8.9868000">
<ele>184.708801</ele>
<time>2015-04-14T10:18:16.004Z</time>
</trkpt>
<trkpt lat="44.8892700" lon="8.9866700">
<ele>184.708801</ele>
<time>2015-04-14T10:18:23.996Z</time>
</trkpt>
<trkpt lat="44.8893000" lon="8.9865500">
<ele>184.708801</ele>
<time>2015-04-14T10:18:31.997Z</time>
</trkpt>
<trkpt lat="44.8893200" lon="8.9864200">
<ele>183.763931</ele>
<time>2015-04-14T10:18:39.997Z</time>
</trkpt>
<trkpt lat="44.8893400" lon="8.9863000">
<ele>184.221130</ele>
<time>2015-04-14T10:18:47.998Z</time>
</trkpt>
<trkpt lat="44.8893500" lon="8.9861700">
<ele>183.763931</ele>
<time>2015-04-14T10:18:55.999Z</time>
</trkpt>
<trkpt lat="44.8893300" lon="8.9860300">
<ele>184.221130</ele>
<time>2015-04-14T10:19:05.002Z</time>
</trkpt>
<trkpt lat="44.8893000" lon="8.9859000">
<ele>183.276230</ele>
<time>2015-04-14T10:19:13.002Z</time>
</trkpt>
<trkpt lat="44.8892600" lon="8.9857700">
<ele>183.276230</ele>
<time>2015-04-14T10:19:21.003Z</time>
</trkpt>
<trkpt lat="44.8892500" lon="8.9856600">
<ele>183.763931</ele>
<time>2015-04-14T10:19:29.004Z</time>
</trkpt>
<trkpt lat="44.8892500" lon="8.9855300">
<ele>183.763931</ele>
<time>2015-04-14T10:19:37.004Z</time>
</trkpt>
<trkpt lat="44.8892470" lon="8.9853950">
<ele>183.276230</ele>
<time>2015-04-14T10:19:44.996Z</time>
</trkpt>
<trkpt lat="44.8892700" lon="8.9852800">
<ele>183.276230</ele>
<time>2015-04-14T10:19:52.997Z</time>
</trkpt>
<trkpt lat="44.8892770" lon="8.9851590">
<ele>182.788559</ele>
<time>2015-04-14T10:20:02.000Z</time>
</trkpt>
<trkpt lat="44.8892930" lon="8.9850300">
<ele>182.300873</ele>
<time>2015-04-14T10:20:10.000Z</time>
</trkpt>
<trkpt lat="44.8893080" lon="8.9849120">
<ele>182.300873</ele>
<time>2015-04-14T10:20:18.001Z</time>
</trkpt>
<trkpt lat="44.8893150" lon="8.9847840">
<ele>181.356003</ele>
<time>2015-04-14T10:20:26.002Z</time>
</trkpt>
<trkpt lat="44.8893460" lon="8.9846660">
<ele>181.813202</ele>
<time>2015-04-14T10:20:56.000Z</time>
</trkpt>
<trkpt lat="44.8893600" lon="8.9845700">
<ele>182.300873</ele>
<time>2015-04-14T10:21:09.003Z</time>
</trkpt>
<trkpt lat="44.8893760" lon="8.9844300">
<ele>181.813202</ele>
<time>2015-04-14T10:21:18.999Z</time>
</trkpt>
<trkpt lat="44.8894100" lon="8.9842900">
<ele>180.868332</ele>
<time>2015-04-14T10:21:29.998Z</time>
</trkpt>
<trkpt lat="44.8894300" lon="8.9841600">
<ele>180.868332</ele>
<time>2015-04-14T10:21:40.003Z</time>
</trkpt>
<trkpt lat="44.8894450" lon="8.9840330">
<ele>180.868332</ele>
<time>2015-04-14T10:21:50.000Z</time>
</trkpt>
<trkpt lat="44.8894680" lon="8.9839050">
<ele>180.868332</ele>
<time>2015-04-14T10:22:00.998Z</time>
</trkpt>
<trkpt lat="44.8895200" lon="8.9837800">
<ele>180.868332</ele>
<time>2015-04-14T10:22:11.004Z</time>
</trkpt>
<trkpt lat="44.8895500" lon="8.9836600">
<ele>180.380630</ele>
<time>2015-04-14T10:22:26.003Z</time>
</trkpt>
<trkpt lat="44.8895740" lon="8.9835610">
<ele>179.892960</ele>
<time>2015-04-14T10:22:33.001Z</time>
</trkpt>
<trkpt lat="44.8896120" lon="8.9834440">
<ele>179.892960</ele>
<time>2015-04-14T10:22:41.002Z</time>
</trkpt>
<trkpt lat="44.8896600" lon="8.9833100">
<ele>179.892960</ele>
<time>2015-04-14T10:22:49.996Z</time>
</trkpt>
<trkpt lat="44.8896900" lon="8.9831700">
<ele>179.892960</ele>
<time>2015-04-14T10:22:58.999Z</time>
</trkpt>
<trkpt lat="44.8897200" lon="8.9830600">
<ele>179.892960</ele>
<time>2015-04-14T10:23:06.999Z</time>
</trkpt>
<trkpt lat="44.8897200" lon="8.9829200">
<ele>179.892960</ele>
<time>2015-04-14T10:23:16.002Z</time>
</trkpt>
<trkpt lat="44.8897400" lon="8.9827900">
<ele>179.892960</ele>
<time>2015-04-14T10:23:24.996Z</time>
</trkpt>
<trkpt lat="44.8897500" lon="8.9826400">
<ele>180.868332</ele>
<time>2015-04-14T10:23:33.999Z</time>
</trkpt>
<trkpt lat="44.8897700" lon="8.9825100">
<ele>181.356003</ele>
<time>2015-04-14T10:23:43.996Z</time>
</trkpt>
</trkseg>
</trk>
</gpx>