<?xml version="1.0" encoding="UTF-8" standalone="yes"?>
<gpx
 xmlns="http://www.topografix.com/GPX/1/1"
 creator="OziExplorer Version 3955t - http://www.oziexplorer.com"
 version="1.1"
 xmlns:xsi="http://www.w3.org/2001/XMLSchema-instance"
 xsi:schemaLocation="http://www.topografix.com/GPX/1/1 http://www.topografix.com/GPX/1/1/gpx.xsd">
<metadata>
 <time>2016-06-13T09:16:02Z</time>
 <bounds minlat="44.851341" minlon="8.979467" maxlat="44.885192" maxlon="8.994000"/>
</metadata>
<wpt lat="44.8851500" lon="8.9840000">
 <ele>181.000000</ele>
 <time>2016-05-25T10:27:38.200Z</time>
 <name>MONLEALE</name>
 <sym>Flag, Blue</sym>
</wpt>
<wpt lat="44.8793200" lon="8.9856400">
 <ele>210.000000</ele>
 <time>2016-05-25T10:27:38.200Z</time>
 <name>INIZIO ANELLO</name>
 <sym>Flag, Blue</sym>
</wpt>
<wpt lat="44.8719600" lon="8.9857100">
 <ele>311.000000</ele>
 <time>2016-05-25T10:27:38.200Z</time>
 <name>FRAZIONE CUSINASCO</name>
 <sym>Flag, Blue</sym>
</wpt>
<wpt lat="44.8668300" lon="8.9862100">
 <ele>390.000000</ele>
 <time>2016-05-25T10:27:38.200Z</time>
 <name>POGGIO DI MONLEALE</name>
 <sym>Flag, Blue</sym>
</wpt>
<wpt lat="44.8588800" lon="8.9940000">
 <ele>365.000000</ele>
 <time>2016-05-25T10:27:38.218Z</time>
 <name>OLMO CENTENARIO</name>
 <sym>Flag, Blue</sym>
</wpt>
<wpt lat="44.8524700" lon="8.9861800">
 <ele>422.000000</ele>
 <time>2016-05-25T10:27:38.218Z</time>
 <name>BORGATA CAFFARONE</name>
 <sym>Flag, Blue</sym>
</wpt>
<trk>
 <name>TRACCIA SENTIERO 154</name>
 <desc>ACTIVE LOG</desc>
<trkseg>
<trkpt lat="44.8851470" lon="8.9840560">
<ele>181.356003</ele>
<time>2016-05-24T07:07:44.999Z</time>
</trkpt>
<trkpt lat="44.8851000" lon="8.9839900">
<ele>181.813202</ele>
<time>2016-05-24T07:10:39.000Z</time>
</trkpt>
<trkpt lat="44.8849410" lon="8.9839700">
<ele>182.300873</ele>
<time>2016-05-24T07:10:49.999Z</time>
</trkpt>
<trkpt lat="44.8848650" lon="8.9840130">
<ele>182.300873</ele>
<time>2016-05-24T07:10:59.002Z</time>
</trkpt>
<trkpt lat="44.8848270" lon="8.9840130">
<ele>182.300873</ele>
<time>2016-05-24T07:11:07.996Z</time>
</trkpt>
<trkpt lat="44.8847810" lon="8.9840770">
<ele>182.300873</ele>
<time>2016-05-24T07:11:20.999Z</time>
</trkpt>
<trkpt lat="44.8847200" lon="8.9841310">
<ele>182.300873</ele>
<time>2016-05-24T07:11:29.000Z</time>
</trkpt>
<trkpt lat="44.8846440" lon="8.9842060">
<ele>182.788559</ele>
<time>2016-05-24T07:11:43.999Z</time>
</trkpt>
<trkpt lat="44.8845680" lon="8.9842810">
<ele>182.300873</ele>
<time>2016-05-24T07:11:51.999Z</time>
</trkpt>
<trkpt lat="44.8844910" lon="8.9843780">
<ele>182.788559</ele>
<time>2016-05-24T07:12:00.000Z</time>
</trkpt>
<trkpt lat="44.8844000" lon="8.9844420">
<ele>182.788559</ele>
<time>2016-05-24T07:12:09.003Z</time>
</trkpt>
<trkpt lat="44.8843240" lon="8.9845600">
<ele>182.788559</ele>
<time>2016-05-24T07:12:17.997Z</time>
</trkpt>
<trkpt lat="44.8842250" lon="8.9846350">
<ele>182.788559</ele>
<time>2016-05-24T07:12:27.000Z</time>
</trkpt>
<trkpt lat="44.8841410" lon="8.9847100">
<ele>183.276230</ele>
<time>2016-05-24T07:12:35.001Z</time>
</trkpt>
<trkpt lat="44.8840650" lon="8.9847960">
<ele>182.788559</ele>
<time>2016-05-24T07:12:43.001Z</time>
</trkpt>
<trkpt lat="44.8839730" lon="8.9848600">
<ele>182.300873</ele>
<time>2016-05-24T07:12:55.996Z</time>
</trkpt>
<trkpt lat="44.8839050" lon="8.9849350">
<ele>182.300873</ele>
<time>2016-05-24T07:13:03.996Z</time>
</trkpt>
<trkpt lat="44.8838280" lon="8.9849890">
<ele>182.788559</ele>
<time>2016-05-24T07:13:11.997Z</time>
</trkpt>
<trkpt lat="44.8837450" lon="8.9850640">
<ele>183.763931</ele>
<time>2016-05-24T07:13:19.998Z</time>
</trkpt>
<trkpt lat="44.8836680" lon="8.9851390">
<ele>184.708801</ele>
<time>2016-05-24T07:13:27.998Z</time>
</trkpt>
<trkpt lat="44.8835770" lon="8.9852140">
<ele>183.763931</ele>
<time>2016-05-24T07:13:35.999Z</time>
</trkpt>
<trkpt lat="44.8835160" lon="8.9853210">
<ele>184.708801</ele>
<time>2016-05-24T07:13:44.000Z</time>
</trkpt>
<trkpt lat="44.8834400" lon="8.9854290">
<ele>184.708801</ele>
<time>2016-05-24T07:13:52.000Z</time>
</trkpt>
<trkpt lat="44.8833560" lon="8.9855570">
<ele>185.196472</ele>
<time>2016-05-24T07:14:00.001Z</time>
</trkpt>
<trkpt lat="44.8833180" lon="8.9856110">
<ele>185.196472</ele>
<time>2016-05-24T07:14:06.999Z</time>
</trkpt>
<trkpt lat="44.8832420" lon="8.9857290">
<ele>185.196472</ele>
<time>2016-05-24T07:14:13.998Z</time>
</trkpt>
<trkpt lat="44.8831730" lon="8.9858150">
<ele>184.708801</ele>
<time>2016-05-24T07:14:21.998Z</time>
</trkpt>
<trkpt lat="44.8831050" lon="8.9859220">
<ele>183.763931</ele>
<time>2016-05-24T07:14:29.999Z</time>
</trkpt>
<trkpt lat="44.8830360" lon="8.9860290">
<ele>184.708801</ele>
<time>2016-05-24T07:14:36.997Z</time>
</trkpt>
<trkpt lat="44.8829670" lon="8.9861260">
<ele>184.708801</ele>
<time>2016-05-24T07:14:44.998Z</time>
</trkpt>
<trkpt lat="44.8829140" lon="8.9862220">
<ele>185.196472</ele>
<time>2016-05-24T07:14:52.999Z</time>
</trkpt>
<trkpt lat="44.8828610" lon="8.9863080">
<ele>184.708801</ele>
<time>2016-05-24T07:15:02.002Z</time>
</trkpt>
<trkpt lat="44.8827690" lon="8.9862970">
<ele>184.708801</ele>
<time>2016-05-24T07:15:11.998Z</time>
</trkpt>
<trkpt lat="44.8826850" lon="8.9862330">
<ele>185.196472</ele>
<time>2016-05-24T07:15:19.999Z</time>
</trkpt>
<trkpt lat="44.8826170" lon="8.9861680">
<ele>186.141357</ele>
<time>2016-05-24T07:15:27.999Z</time>
</trkpt>
<trkpt lat="44.8825180" lon="8.9860720">
<ele>185.684158</ele>
<time>2016-05-24T07:15:36.000Z</time>
</trkpt>
<trkpt lat="44.8824570" lon="8.9860400">
<ele>186.141357</ele>
<time>2016-05-24T07:15:44.001Z</time>
</trkpt>
<trkpt lat="44.8823650" lon="8.9859860">
<ele>188.061600</ele>
<time>2016-05-24T07:15:52.001Z</time>
</trkpt>
<trkpt lat="44.8822660" lon="8.9859430">
<ele>188.061600</ele>
<time>2016-05-24T07:16:01.998Z</time>
</trkpt>
<trkpt lat="44.8821980" lon="8.9859110">
<ele>188.549271</ele>
<time>2016-05-24T07:16:27.002Z</time>
</trkpt>
<trkpt lat="44.8820990" lon="8.9858580">
<ele>188.549271</ele>
<time>2016-05-24T07:16:35.003Z</time>
</trkpt>
<trkpt lat="44.8820150" lon="8.9858360">
<ele>188.549271</ele>
<time>2016-05-24T07:16:42.001Z</time>
</trkpt>
<trkpt lat="44.8819080" lon="8.9858040">
<ele>189.524643</ele>
<time>2016-05-24T07:16:50.002Z</time>
</trkpt>
<trkpt lat="44.8818390" lon="8.9857930">
<ele>190.469528</ele>
<time>2016-05-24T07:16:58.996Z</time>
</trkpt>
<trkpt lat="44.8817710" lon="8.9858360">
<ele>190.957199</ele>
<time>2016-05-24T07:17:09.001Z</time>
</trkpt>
<trkpt lat="44.8817250" lon="8.9858900">
<ele>190.469528</ele>
<time>2016-05-24T07:17:36.001Z</time>
</trkpt>
<trkpt lat="44.8816790" lon="8.9859860">
<ele>190.957199</ele>
<time>2016-05-24T07:17:44.002Z</time>
</trkpt>
<trkpt lat="44.8816030" lon="8.9860400">
<ele>191.932556</ele>
<time>2016-05-24T07:17:51.000Z</time>
</trkpt>
<trkpt lat="44.8815650" lon="8.9861470">
<ele>193.365128</ele>
<time>2016-05-24T07:17:59.001Z</time>
</trkpt>
<trkpt lat="44.8814510" lon="8.9862760">
<ele>194.797668</ele>
<time>2016-05-24T07:18:07.001Z</time>
</trkpt>
<trkpt lat="44.8813520" lon="8.9863510">
<ele>195.773041</ele>
<time>2016-05-24T07:18:15.002Z</time>
</trkpt>
<trkpt lat="44.8812530" lon="8.9863400">
<ele>196.260727</ele>
<time>2016-05-24T07:18:23.003Z</time>
</trkpt>
<trkpt lat="44.8811610" lon="8.9863400">
<ele>197.205597</ele>
<time>2016-05-24T07:18:31.003Z</time>
</trkpt>
<trkpt lat="44.8810700" lon="8.9863080">
<ele>198.180969</ele>
<time>2016-05-24T07:18:39.997Z</time>
</trkpt>
<trkpt lat="44.8809800" lon="8.9862400">
<ele>201.046066</ele>
<time>2016-05-24T07:18:49.000Z</time>
</trkpt>
<trkpt lat="44.8808900" lon="8.9861900">
<ele>200.558395</ele>
<time>2016-05-24T07:18:58.003Z</time>
</trkpt>
<trkpt lat="44.8808000" lon="8.9861500">
<ele>201.046066</ele>
<time>2016-05-24T07:19:06.997Z</time>
</trkpt>
<trkpt lat="44.8807100" lon="8.9861000">
<ele>202.021439</ele>
<time>2016-05-24T07:19:16.000Z</time>
</trkpt>
<trkpt lat="44.8806280" lon="8.9860720">
<ele>202.966324</ele>
<time>2016-05-24T07:19:25.003Z</time>
</trkpt>
<trkpt lat="44.8805440" lon="8.9860400">
<ele>203.941666</ele>
<time>2016-05-24T07:19:48.996Z</time>
</trkpt>
<trkpt lat="44.8804600" lon="8.9859760">
<ele>203.453995</ele>
<time>2016-05-24T07:19:56.997Z</time>
</trkpt>
<trkpt lat="44.8803690" lon="8.9859440">
<ele>203.941666</ele>
<time>2016-05-24T07:20:04.998Z</time>
</trkpt>
<trkpt lat="44.8802770" lon="8.9858900">
<ele>204.886566</ele>
<time>2016-05-24T07:20:12.998Z</time>
</trkpt>
<trkpt lat="44.8801930" lon="8.9858370">
<ele>205.861923</ele>
<time>2016-05-24T07:20:20.999Z</time>
</trkpt>
<trkpt lat="44.8801020" lon="8.9858150">
<ele>206.806793</ele>
<time>2016-05-24T07:20:27.997Z</time>
</trkpt>
<trkpt lat="44.8800030" lon="8.9858050">
<ele>208.269836</ele>
<time>2016-05-24T07:20:35.998Z</time>
</trkpt>
<trkpt lat="44.8799040" lon="8.9858150">
<ele>208.269836</ele>
<time>2016-05-24T07:20:43.999Z</time>
</trkpt>
<trkpt lat="44.8798120" lon="8.9858150">
<ele>207.782166</ele>
<time>2016-05-24T07:20:51.999Z</time>
</trkpt>
<trkpt lat="44.8796750" lon="8.9858260">
<ele>208.269836</ele>
<time>2016-05-24T07:21:00.000Z</time>
</trkpt>
<trkpt lat="44.8796450" lon="8.9858150">
<ele>209.214722</ele>
<time>2016-05-24T07:21:08.001Z</time>
</trkpt>
<trkpt lat="44.8795300" lon="8.9857730">
<ele>208.757523</ele>
<time>2016-05-24T07:21:14.999Z</time>
</trkpt>
<trkpt lat="44.8794390" lon="8.9857300">
<ele>209.214722</ele>
<time>2016-05-24T07:21:23.000Z</time>
</trkpt>
<trkpt lat="44.8793470" lon="8.9856870">
<ele>209.702393</ele>
<time>2016-05-24T07:21:31.000Z</time>
</trkpt>
<trkpt lat="44.8792640" lon="8.9857410">
<ele>210.190079</ele>
<time>2016-05-24T07:22:27.998Z</time>
</trkpt>
<trkpt lat="44.8791870" lon="8.9858480">
<ele>210.190079</ele>
<time>2016-05-24T07:22:38.997Z</time>
</trkpt>
<trkpt lat="44.8791110" lon="8.9859010">
<ele>210.190079</ele>
<time>2016-05-24T07:22:53.996Z</time>
</trkpt>
<trkpt lat="44.8790350" lon="8.9859870">
<ele>210.677765</ele>
<time>2016-05-24T07:23:01.003Z</time>
</trkpt>
<trkpt lat="44.8789510" lon="8.9860840">
<ele>210.677765</ele>
<time>2016-05-24T07:23:08.002Z</time>
</trkpt>
<trkpt lat="44.8788900" lon="8.9861370">
<ele>211.134964</ele>
<time>2016-05-24T07:23:15.000Z</time>
</trkpt>
<trkpt lat="44.8787910" lon="8.9862550">
<ele>210.677765</ele>
<time>2016-05-24T07:23:23.001Z</time>
</trkpt>
<trkpt lat="44.8787300" lon="8.9863090">
<ele>210.677765</ele>
<time>2016-05-24T07:23:33.999Z</time>
</trkpt>
<trkpt lat="44.8786460" lon="8.9863840">
<ele>210.677765</ele>
<time>2016-05-24T07:23:43.002Z</time>
</trkpt>
<trkpt lat="44.8785780" lon="8.9864800">
<ele>212.598007</ele>
<time>2016-05-24T07:23:52.999Z</time>
</trkpt>
<trkpt lat="44.8785090" lon="8.9865550">
<ele>212.110321</ele>
<time>2016-05-24T07:24:03.004Z</time>
</trkpt>
<trkpt lat="44.8784330" lon="8.9866200">
<ele>213.055206</ele>
<time>2016-05-24T07:24:11.998Z</time>
</trkpt>
<trkpt lat="44.8783500" lon="8.9866600">
<ele>214.030563</ele>
<time>2016-05-24T07:24:21.001Z</time>
</trkpt>
<trkpt lat="44.8782800" lon="8.9867300">
<ele>215.005920</ele>
<time>2016-05-24T07:24:30.004Z</time>
</trkpt>
<trkpt lat="44.8782000" lon="8.9867900">
<ele>215.463135</ele>
<time>2016-05-24T07:24:38.998Z</time>
</trkpt>
<trkpt lat="44.8781210" lon="8.9868230">
<ele>215.950806</ele>
<time>2016-05-24T07:24:49.997Z</time>
</trkpt>
<trkpt lat="44.8780140" lon="8.9868560">
<ele>216.926163</ele>
<time>2016-05-24T07:25:01.998Z</time>
</trkpt>
<trkpt lat="44.8779300" lon="8.9869200">
<ele>217.383362</ele>
<time>2016-05-24T07:25:28.998Z</time>
</trkpt>
<trkpt lat="44.8778230" lon="8.9869310">
<ele>216.926163</ele>
<time>2016-05-24T07:25:40.999Z</time>
</trkpt>
<trkpt lat="44.8777320" lon="8.9869840">
<ele>217.383362</ele>
<time>2016-05-24T07:25:51.004Z</time>
</trkpt>
<trkpt lat="44.8776710" lon="8.9870170">
<ele>218.358734</ele>
<time>2016-05-24T07:26:02.003Z</time>
</trkpt>
<trkpt lat="44.8775900" lon="8.9870700">
<ele>219.303604</ele>
<time>2016-05-24T07:26:13.001Z</time>
</trkpt>
<trkpt lat="44.8775000" lon="8.9871000">
<ele>219.303604</ele>
<time>2016-05-24T07:26:22.998Z</time>
</trkpt>
<trkpt lat="44.8774120" lon="8.9871670">
<ele>219.791275</ele>
<time>2016-05-24T07:26:33.996Z</time>
</trkpt>
<trkpt lat="44.8773360" lon="8.9872630">
<ele>219.791275</ele>
<time>2016-05-24T07:26:49.998Z</time>
</trkpt>
<trkpt lat="44.8772750" lon="8.9873810">
<ele>220.766632</ele>
<time>2016-05-24T07:27:00.996Z</time>
</trkpt>
<trkpt lat="44.8772140" lon="8.9874990">
<ele>221.711533</ele>
<time>2016-05-24T07:27:11.002Z</time>
</trkpt>
<trkpt lat="44.8771600" lon="8.9875850">
<ele>222.686874</ele>
<time>2016-05-24T07:27:19.996Z</time>
</trkpt>
<trkpt lat="44.8771300" lon="8.9876900">
<ele>223.174561</ele>
<time>2016-05-24T07:27:30.001Z</time>
</trkpt>
<trkpt lat="44.8770770" lon="8.9878100">
<ele>223.631760</ele>
<time>2016-05-24T07:27:41.000Z</time>
</trkpt>
<trkpt lat="44.8770300" lon="8.9879300">
<ele>225.552002</ele>
<time>2016-05-24T07:27:53.001Z</time>
</trkpt>
<trkpt lat="44.8769400" lon="8.9880240">
<ele>226.039673</ele>
<time>2016-05-24T07:28:03.999Z</time>
</trkpt>
<trkpt lat="44.8768790" lon="8.9881320">
<ele>226.527359</ele>
<time>2016-05-24T07:28:13.002Z</time>
</trkpt>
<trkpt lat="44.8768400" lon="8.9881960">
<ele>227.502731</ele>
<time>2016-05-24T07:28:39.000Z</time>
</trkpt>
<trkpt lat="44.8768000" lon="8.9882800">
<ele>227.502731</ele>
<time>2016-05-24T07:29:07.002Z</time>
</trkpt>
<trkpt lat="44.8767400" lon="8.9883700">
<ele>227.959930</ele>
<time>2016-05-24T07:29:16.999Z</time>
</trkpt>
<trkpt lat="44.8766730" lon="8.9884750">
<ele>229.422958</ele>
<time>2016-05-24T07:29:27.004Z</time>
</trkpt>
<trkpt lat="44.8766190" lon="8.9885500">
<ele>231.343201</ele>
<time>2016-05-24T07:29:38.003Z</time>
</trkpt>
<trkpt lat="44.8765900" lon="8.9886500">
<ele>230.855530</ele>
<time>2016-05-24T07:30:05.996Z</time>
</trkpt>
<trkpt lat="44.8765000" lon="8.9886300">
<ele>232.288071</ele>
<time>2016-05-24T07:32:13.998Z</time>
</trkpt>
<trkpt lat="44.8764100" lon="8.9886100">
<ele>233.751129</ele>
<time>2016-05-24T07:32:27.001Z</time>
</trkpt>
<trkpt lat="44.8763200" lon="8.9885600">
<ele>235.183670</ele>
<time>2016-05-24T07:32:38.000Z</time>
</trkpt>
<trkpt lat="44.8762400" lon="8.9885400">
<ele>237.103928</ele>
<time>2016-05-24T07:32:51.996Z</time>
</trkpt>
<trkpt lat="44.8761470" lon="8.9884960">
<ele>239.024170</ele>
<time>2016-05-24T07:33:14.003Z</time>
</trkpt>
<trkpt lat="44.8760400" lon="8.9884600">
<ele>241.919769</ele>
<time>2016-05-24T07:33:23.999Z</time>
</trkpt>
<trkpt lat="44.8759500" lon="8.9884500">
<ele>243.352325</ele>
<time>2016-05-24T07:33:34.998Z</time>
</trkpt>
<trkpt lat="44.8758570" lon="8.9884430">
<ele>245.760239</ele>
<time>2016-05-24T07:33:48.001Z</time>
</trkpt>
<trkpt lat="44.8757580" lon="8.9884320">
<ele>248.168167</ele>
<time>2016-05-24T07:34:01.004Z</time>
</trkpt>
<trkpt lat="44.8756800" lon="8.9884300">
<ele>250.545593</ele>
<time>2016-05-24T07:34:17.999Z</time>
</trkpt>
<trkpt lat="44.8755900" lon="8.9884000">
<ele>251.520966</ele>
<time>2016-05-24T07:34:31.996Z</time>
</trkpt>
<trkpt lat="44.8755200" lon="8.9883900">
<ele>254.873764</ele>
<time>2016-05-24T07:34:54.002Z</time>
</trkpt>
<trkpt lat="44.8754310" lon="8.9883350">
<ele>255.849121</ele>
<time>2016-05-24T07:35:21.002Z</time>
</trkpt>
<trkpt lat="44.8753620" lon="8.9882930">
<ele>259.201935</ele>
<time>2016-05-24T07:35:41.004Z</time>
</trkpt>
<trkpt lat="44.8752700" lon="8.9882400">
<ele>260.664978</ele>
<time>2016-05-24T07:36:24.998Z</time>
</trkpt>
<trkpt lat="44.8751600" lon="8.9882100">
<ele>262.585205</ele>
<time>2016-05-24T07:36:38.002Z</time>
</trkpt>
<trkpt lat="44.8750800" lon="8.9881700">
<ele>264.993134</ele>
<time>2016-05-24T07:36:50.996Z</time>
</trkpt>
<trkpt lat="44.8749800" lon="8.9881100">
<ele>266.425659</ele>
<time>2016-05-24T07:37:02.004Z</time>
</trkpt>
<trkpt lat="44.8749300" lon="8.9880400">
<ele>267.858246</ele>
<time>2016-05-24T07:37:44.996Z</time>
</trkpt>
<trkpt lat="44.8748440" lon="8.9879820">
<ele>267.858246</ele>
<time>2016-05-24T07:37:52.997Z</time>
</trkpt>
<trkpt lat="44.8747520" lon="8.9878850">
<ele>269.321259</ele>
<time>2016-05-24T07:38:02.000Z</time>
</trkpt>
<trkpt lat="44.8746680" lon="8.9878000">
<ele>269.778473</ele>
<time>2016-05-24T07:38:11.003Z</time>
</trkpt>
<trkpt lat="44.8746200" lon="8.9877000">
<ele>269.321259</ele>
<time>2016-05-24T07:38:41.001Z</time>
</trkpt>
<trkpt lat="44.8745300" lon="8.9876400">
<ele>271.241516</ele>
<time>2016-05-24T07:39:10.999Z</time>
</trkpt>
<trkpt lat="44.8744470" lon="8.9875420">
<ele>271.698730</ele>
<time>2016-05-24T07:39:20.002Z</time>
</trkpt>
<trkpt lat="44.8743600" lon="8.9875000">
<ele>272.674072</ele>
<time>2016-05-24T07:39:29.998Z</time>
</trkpt>
<trkpt lat="44.8742900" lon="8.9874200">
<ele>273.618958</ele>
<time>2016-05-24T07:39:40.003Z</time>
</trkpt>
<trkpt lat="44.8742000" lon="8.9873400">
<ele>274.594330</ele>
<time>2016-05-24T07:39:51.002Z</time>
</trkpt>
<trkpt lat="44.8741200" lon="8.9872800">
<ele>275.569672</ele>
<time>2016-05-24T07:40:03.003Z</time>
</trkpt>
<trkpt lat="44.8740300" lon="8.9872100">
<ele>276.026886</ele>
<time>2016-05-24T07:40:14.002Z</time>
</trkpt>
<trkpt lat="44.8739500" lon="8.9871400">
<ele>276.026886</ele>
<time>2016-05-24T07:40:25.000Z</time>
</trkpt>
<trkpt lat="44.8738700" lon="8.9870800">
<ele>277.489929</ele>
<time>2016-05-24T07:40:39.999Z</time>
</trkpt>
<trkpt lat="44.8737900" lon="8.9870100">
<ele>277.947113</ele>
<time>2016-05-24T07:40:50.998Z</time>
</trkpt>
<trkpt lat="44.8737160" lon="8.9869640">
<ele>278.922485</ele>
<time>2016-05-24T07:41:01.997Z</time>
</trkpt>
<trkpt lat="44.8736300" lon="8.9868900">
<ele>279.410156</ele>
<time>2016-05-24T07:41:13.004Z</time>
</trkpt>
<trkpt lat="44.8735500" lon="8.9868500">
<ele>280.842712</ele>
<time>2016-05-24T07:41:24.003Z</time>
</trkpt>
<trkpt lat="44.8734600" lon="8.9868000">
<ele>279.867371</ele>
<time>2016-05-24T07:41:36.004Z</time>
</trkpt>
<trkpt lat="44.8733600" lon="8.9867700">
<ele>281.330414</ele>
<time>2016-05-24T07:41:48.998Z</time>
</trkpt>
<trkpt lat="44.8732700" lon="8.9867500">
<ele>283.250641</ele>
<time>2016-05-24T07:42:03.004Z</time>
</trkpt>
<trkpt lat="44.8731520" lon="8.9867390">
<ele>284.683197</ele>
<time>2016-05-24T07:42:30.004Z</time>
</trkpt>
<trkpt lat="44.8730300" lon="8.9867500">
<ele>288.066467</ele>
<time>2016-05-24T07:42:49.003Z</time>
</trkpt>
<trkpt lat="44.8729310" lon="8.9867600">
<ele>289.499023</ele>
<time>2016-05-24T07:43:04.002Z</time>
</trkpt>
<trkpt lat="44.8728010" lon="8.9867280">
<ele>292.364166</ele>
<time>2016-05-24T07:43:28.998Z</time>
</trkpt>
<trkpt lat="44.8727170" lon="8.9866640">
<ele>294.772064</ele>
<time>2016-05-24T07:43:47.004Z</time>
</trkpt>
<trkpt lat="44.8726410" lon="8.9866000">
<ele>296.692322</ele>
<time>2016-05-24T07:44:05.001Z</time>
</trkpt>
<trkpt lat="44.8725700" lon="8.9865800">
<ele>298.612549</ele>
<time>2016-05-24T07:44:24.000Z</time>
</trkpt>
<trkpt lat="44.8724900" lon="8.9865300">
<ele>298.612549</ele>
<time>2016-05-24T07:45:19.002Z</time>
</trkpt>
<trkpt lat="44.8724100" lon="8.9864400">
<ele>299.100250</ele>
<time>2016-05-24T07:45:31.997Z</time>
</trkpt>
<trkpt lat="44.8723300" lon="8.9863900">
<ele>302.483521</ele>
<time>2016-05-24T07:46:01.001Z</time>
</trkpt>
<trkpt lat="44.8722600" lon="8.9863300">
<ele>303.916077</ele>
<time>2016-05-24T07:46:21.003Z</time>
</trkpt>
<trkpt lat="44.8721800" lon="8.9862600">
<ele>304.860962</ele>
<time>2016-05-24T07:46:33.997Z</time>
</trkpt>
<trkpt lat="44.8721400" lon="8.9861800">
<ele>306.811676</ele>
<time>2016-05-24T07:46:48.996Z</time>
</trkpt>
<trkpt lat="44.8720920" lon="8.9860640">
<ele>307.756561</ele>
<time>2016-05-24T07:47:16.999Z</time>
</trkpt>
<trkpt lat="44.8720310" lon="8.9859250">
<ele>308.244232</ele>
<time>2016-05-24T07:47:31.998Z</time>
</trkpt>
<trkpt lat="44.8719780" lon="8.9858170">
<ele>309.676788</ele>
<time>2016-05-24T07:47:46.997Z</time>
</trkpt>
<trkpt lat="44.8719400" lon="8.9857200">
<ele>310.652161</ele>
<time>2016-05-24T07:48:10.999Z</time>
</trkpt>
<trkpt lat="44.8719000" lon="8.9857500">
<ele>312.572388</ele>
<time>2016-05-24T07:50:05.004Z</time>
</trkpt>
<trkpt lat="44.8717500" lon="8.9857600">
<ele>314.004944</ele>
<time>2016-05-24T07:50:27.001Z</time>
</trkpt>
<trkpt lat="44.8716000" lon="8.9857600">
<ele>314.492645</ele>
<time>2016-05-24T07:50:51.003Z</time>
</trkpt>
<trkpt lat="44.8715200" lon="8.9857700">
<ele>315.437531</ele>
<time>2016-05-24T07:50:59.997Z</time>
</trkpt>
<trkpt lat="44.8714140" lon="8.9858500">
<ele>315.925201</ele>
<time>2016-05-24T07:51:19.999Z</time>
</trkpt>
<trkpt lat="44.8713100" lon="8.9858400">
<ele>316.412872</ele>
<time>2016-05-24T07:51:29.002Z</time>
</trkpt>
<trkpt lat="44.8712400" lon="8.9858900">
<ele>317.357758</ele>
<time>2016-05-24T07:51:40.000Z</time>
</trkpt>
<trkpt lat="44.8712240" lon="8.9859460">
<ele>317.357758</ele>
<time>2016-05-24T07:51:53.004Z</time>
</trkpt>
<trkpt lat="44.8712100" lon="8.9859800">
<ele>317.845459</ele>
<time>2016-05-24T07:52:31.002Z</time>
</trkpt>
<trkpt lat="44.8712600" lon="8.9861200">
<ele>318.820801</ele>
<time>2016-05-24T07:52:57.000Z</time>
</trkpt>
<trkpt lat="44.8712010" lon="8.9862360">
<ele>319.308472</ele>
<time>2016-05-24T07:53:20.000Z</time>
</trkpt>
<trkpt lat="44.8710940" lon="8.9863210">
<ele>319.308472</ele>
<time>2016-05-24T07:53:29.996Z</time>
</trkpt>
<trkpt lat="44.8710300" lon="8.9863800">
<ele>320.741058</ele>
<time>2016-05-24T07:53:38.999Z</time>
</trkpt>
<trkpt lat="44.8709870" lon="8.9864930">
<ele>321.685913</ele>
<time>2016-05-24T07:53:56.996Z</time>
</trkpt>
<trkpt lat="44.8709870" lon="8.9866430">
<ele>322.173615</ele>
<time>2016-05-24T07:54:43.998Z</time>
</trkpt>
<trkpt lat="44.8709720" lon="8.9868140">
<ele>321.685913</ele>
<time>2016-05-24T07:54:53.001Z</time>
</trkpt>
<trkpt lat="44.8709650" lon="8.9869430">
<ele>322.173615</ele>
<time>2016-05-24T07:55:08.000Z</time>
</trkpt>
<trkpt lat="44.8709420" lon="8.9870500">
<ele>322.173615</ele>
<time>2016-05-24T07:55:17.003Z</time>
</trkpt>
<trkpt lat="44.8709000" lon="8.9871700">
<ele>322.173615</ele>
<time>2016-05-24T07:55:25.997Z</time>
</trkpt>
<trkpt lat="44.8708600" lon="8.9873000">
<ele>322.173615</ele>
<time>2016-05-24T07:55:43.000Z</time>
</trkpt>
<trkpt lat="44.8708200" lon="8.9874100">
<ele>323.606140</ele>
<time>2016-05-24T07:55:53.999Z</time>
</trkpt>
<trkpt lat="44.8707600" lon="8.9875200">
<ele>323.606140</ele>
<time>2016-05-24T07:56:04.998Z</time>
</trkpt>
<trkpt lat="44.8707000" lon="8.9876200">
<ele>324.581512</ele>
<time>2016-05-24T07:56:16.999Z</time>
</trkpt>
<trkpt lat="44.8706500" lon="8.9877000">
<ele>323.606140</ele>
<time>2016-05-24T07:56:42.996Z</time>
</trkpt>
<trkpt lat="44.8705600" lon="8.9877200">
<ele>323.606140</ele>
<time>2016-05-24T07:57:16.001Z</time>
</trkpt>
<trkpt lat="44.8704770" lon="8.9877470">
<ele>324.093842</ele>
<time>2016-05-24T07:57:51.002Z</time>
</trkpt>
<trkpt lat="44.8704240" lon="8.9876930">
<ele>325.556885</ele>
<time>2016-05-24T07:58:56.001Z</time>
</trkpt>
<trkpt lat="44.8703320" lon="8.9876080">
<ele>326.989441</ele>
<time>2016-05-24T07:59:06.999Z</time>
</trkpt>
<trkpt lat="44.8702250" lon="8.9874900">
<ele>328.421997</ele>
<time>2016-05-24T07:59:17.998Z</time>
</trkpt>
<trkpt lat="44.8701190" lon="8.9873500">
<ele>330.829926</ele>
<time>2016-05-24T07:59:58.001Z</time>
</trkpt>
<trkpt lat="44.8700350" lon="8.9872650">
<ele>333.237854</ele>
<time>2016-05-24T08:00:14.996Z</time>
</trkpt>
<trkpt lat="44.8699280" lon="8.9871250">
<ele>334.670410</ele>
<time>2016-05-24T08:00:26.997Z</time>
</trkpt>
<trkpt lat="44.8698520" lon="8.9870180">
<ele>336.590668</ele>
<time>2016-05-24T08:00:38.998Z</time>
</trkpt>
<trkpt lat="44.8697990" lon="8.9869220">
<ele>338.510864</ele>
<time>2016-05-24T08:00:49.997Z</time>
</trkpt>
<trkpt lat="44.8697380" lon="8.9868150">
<ele>341.406464</ele>
<time>2016-05-24T08:01:04.002Z</time>
</trkpt>
<trkpt lat="44.8697070" lon="8.9867400">
<ele>342.839050</ele>
<time>2016-05-24T08:01:31.002Z</time>
</trkpt>
<trkpt lat="44.8696690" lon="8.9866650">
<ele>342.381866</ele>
<time>2016-05-24T08:04:18.998Z</time>
</trkpt>
<trkpt lat="44.8696160" lon="8.9865570">
<ele>344.759277</ele>
<time>2016-05-24T08:04:37.004Z</time>
</trkpt>
<trkpt lat="44.8695700" lon="8.9864500">
<ele>346.679535</ele>
<time>2016-05-24T08:04:48.003Z</time>
</trkpt>
<trkpt lat="44.8694900" lon="8.9862800">
<ele>347.167206</ele>
<time>2016-05-24T08:04:56.997Z</time>
</trkpt>
<trkpt lat="44.8694170" lon="8.9861820">
<ele>346.679535</ele>
<time>2016-05-24T08:05:04.998Z</time>
</trkpt>
<trkpt lat="44.8693180" lon="8.9860650">
<ele>347.167206</ele>
<time>2016-05-24T08:05:14.001Z</time>
</trkpt>
<trkpt lat="44.8692600" lon="8.9859700">
<ele>347.654877</ele>
<time>2016-05-24T08:05:23.997Z</time>
</trkpt>
<trkpt lat="44.8691800" lon="8.9858700">
<ele>349.575134</ele>
<time>2016-05-24T08:05:34.996Z</time>
</trkpt>
<trkpt lat="44.8691000" lon="8.9857800">
<ele>349.575134</ele>
<time>2016-05-24T08:05:45.001Z</time>
</trkpt>
<trkpt lat="44.8690200" lon="8.9856900">
<ele>352.470734</ele>
<time>2016-05-24T08:05:56.000Z</time>
</trkpt>
<trkpt lat="44.8689830" lon="8.9856470">
<ele>352.470734</ele>
<time>2016-05-24T08:06:25.998Z</time>
</trkpt>
<trkpt lat="44.8689140" lon="8.9856250">
<ele>353.415588</ele>
<time>2016-05-24T08:06:36.003Z</time>
</trkpt>
<trkpt lat="44.8688800" lon="8.9855900">
<ele>353.903259</ele>
<time>2016-05-24T08:06:51.002Z</time>
</trkpt>
<trkpt lat="44.8687800" lon="8.9855700">
<ele>353.903259</ele>
<time>2016-05-24T08:07:08.999Z</time>
</trkpt>
<trkpt lat="44.8686710" lon="8.9855720">
<ele>355.823517</ele>
<time>2016-05-24T08:07:18.002Z</time>
</trkpt>
<trkpt lat="44.8685790" lon="8.9855930">
<ele>356.311188</ele>
<time>2016-05-24T08:07:26.003Z</time>
</trkpt>
<trkpt lat="44.8684720" lon="8.9855930">
<ele>359.664001</ele>
<time>2016-05-24T08:07:34.003Z</time>
</trkpt>
<trkpt lat="44.8683810" lon="8.9856150">
<ele>360.639343</ele>
<time>2016-05-24T08:07:45.002Z</time>
</trkpt>
<trkpt lat="44.8682900" lon="8.9856150">
<ele>362.071930</ele>
<time>2016-05-24T08:08:01.997Z</time>
</trkpt>
<trkpt lat="44.8682290" lon="8.9856360">
<ele>363.504486</ele>
<time>2016-05-24T08:08:19.000Z</time>
</trkpt>
<trkpt lat="44.8681070" lon="8.9856470">
<ele>364.479858</ele>
<time>2016-05-24T08:08:28.997Z</time>
</trkpt>
<trkpt lat="44.8679600" lon="8.9856600">
<ele>366.887756</ele>
<time>2016-05-24T08:08:59.997Z</time>
</trkpt>
<trkpt lat="44.8678600" lon="8.9856900">
<ele>368.808014</ele>
<time>2016-05-24T08:09:13.000Z</time>
</trkpt>
<trkpt lat="44.8677800" lon="8.9856800">
<ele>370.728241</ele>
<time>2016-05-24T08:09:29.002Z</time>
</trkpt>
<trkpt lat="44.8676700" lon="8.9857200">
<ele>373.623840</ele>
<time>2016-05-24T08:09:46.999Z</time>
</trkpt>
<trkpt lat="44.8675700" lon="8.9857100">
<ele>374.568726</ele>
<time>2016-05-24T08:09:57.997Z</time>
</trkpt>
<trkpt lat="44.8674820" lon="8.9857220">
<ele>376.976654</ele>
<time>2016-05-24T08:10:12.996Z</time>
</trkpt>
<trkpt lat="44.8673900" lon="8.9857400">
<ele>379.384552</ele>
<time>2016-05-24T08:10:28.004Z</time>
</trkpt>
<trkpt lat="44.8673000" lon="8.9857700">
<ele>382.249664</ele>
<time>2016-05-24T08:10:44.999Z</time>
</trkpt>
<trkpt lat="44.8672200" lon="8.9858400">
<ele>384.657593</ele>
<time>2016-05-24T08:11:01.000Z</time>
</trkpt>
<trkpt lat="44.8671600" lon="8.9859500">
<ele>385.145264</ele>
<time>2016-05-24T08:11:11.999Z</time>
</trkpt>
<trkpt lat="44.8670800" lon="8.9860700">
<ele>385.632935</ele>
<time>2016-05-24T08:11:25.002Z</time>
</trkpt>
<trkpt lat="44.8670100" lon="8.9861600">
<ele>386.577850</ele>
<time>2016-05-24T08:11:38.999Z</time>
</trkpt>
<trkpt lat="44.8669300" lon="8.9862300">
<ele>388.498077</ele>
<time>2016-05-24T08:12:08.004Z</time>
</trkpt>
<trkpt lat="44.8668100" lon="8.9861800">
<ele>388.040863</ele>
<time>2016-05-24T08:13:52.003Z</time>
</trkpt>
<trkpt lat="44.8667800" lon="8.9860600">
<ele>390.418335</ele>
<time>2016-05-24T08:14:04.998Z</time>
</trkpt>
<trkpt lat="44.8667500" lon="8.9860120">
<ele>390.418335</ele>
<time>2016-05-24T08:15:18.999Z</time>
</trkpt>
<trkpt lat="44.8667040" lon="8.9859370">
<ele>389.961121</ele>
<time>2016-05-24T08:15:28.002Z</time>
</trkpt>
<trkpt lat="44.8666900" lon="8.9858000">
<ele>388.498077</ele>
<time>2016-05-24T08:15:59.003Z</time>
</trkpt>
<trkpt lat="44.8666510" lon="8.9857440">
<ele>388.040863</ele>
<time>2016-05-24T08:16:10.001Z</time>
</trkpt>
<trkpt lat="44.8666400" lon="8.9856400">
<ele>388.040863</ele>
<time>2016-05-24T08:16:44.000Z</time>
</trkpt>
<trkpt lat="44.8666430" lon="8.9856900">
<ele>387.553192</ele>
<time>2016-05-24T08:17:44.998Z</time>
</trkpt>
<trkpt lat="44.8666400" lon="8.9855500">
<ele>386.577850</ele>
<time>2016-05-24T08:17:55.003Z</time>
</trkpt>
<trkpt lat="44.8666130" lon="8.9854440">
<ele>385.632935</ele>
<time>2016-05-24T08:18:06.002Z</time>
</trkpt>
<trkpt lat="44.8665900" lon="8.9853400">
<ele>385.145264</ele>
<time>2016-05-24T08:18:37.002Z</time>
</trkpt>
<trkpt lat="44.8665600" lon="8.9852720">
<ele>384.657593</ele>
<time>2016-05-24T08:18:53.004Z</time>
</trkpt>
<trkpt lat="44.8665060" lon="8.9851650">
<ele>383.225067</ele>
<time>2016-05-24T08:19:00.002Z</time>
</trkpt>
<trkpt lat="44.8664600" lon="8.9850580">
<ele>382.737335</ele>
<time>2016-05-24T08:19:19.001Z</time>
</trkpt>
<trkpt lat="44.8664070" lon="8.9849400">
<ele>382.737335</ele>
<time>2016-05-24T08:19:26.000Z</time>
</trkpt>
<trkpt lat="44.8663380" lon="8.9848330">
<ele>382.249664</ele>
<time>2016-05-24T08:19:32.998Z</time>
</trkpt>
<trkpt lat="44.8662850" lon="8.9847470">
<ele>380.817139</ele>
<time>2016-05-24T08:19:42.001Z</time>
</trkpt>
<trkpt lat="44.8662240" lon="8.9846290">
<ele>380.329468</ele>
<time>2016-05-24T08:20:14.997Z</time>
</trkpt>
<trkpt lat="44.8661480" lon="8.9845220">
<ele>380.329468</ele>
<time>2016-05-24T08:20:24.000Z</time>
</trkpt>
<trkpt lat="44.8661020" lon="8.9844470">
<ele>379.872253</ele>
<time>2016-05-24T08:20:51.000Z</time>
</trkpt>
<trkpt lat="44.8660410" lon="8.9843290">
<ele>379.384552</ele>
<time>2016-05-24T08:21:03.001Z</time>
</trkpt>
<trkpt lat="44.8659880" lon="8.9842430">
<ele>378.896881</ele>
<time>2016-05-24T08:21:12.004Z</time>
</trkpt>
<trkpt lat="44.8659270" lon="8.9841360">
<ele>377.921539</ele>
<time>2016-05-24T08:21:20.998Z</time>
</trkpt>
<trkpt lat="44.8658660" lon="8.9840180">
<ele>376.001282</ele>
<time>2016-05-24T08:21:41.000Z</time>
</trkpt>
<trkpt lat="44.8658130" lon="8.9839540">
<ele>374.568726</ele>
<time>2016-05-24T08:21:50.996Z</time>
</trkpt>
<trkpt lat="44.8657400" lon="8.9838900">
<ele>375.544067</ele>
<time>2016-05-24T08:23:03.002Z</time>
</trkpt>
<trkpt lat="44.8656520" lon="8.9839330">
<ele>374.081055</ele>
<time>2016-05-24T08:23:12.998Z</time>
</trkpt>
<trkpt lat="44.8655610" lon="8.9839760">
<ele>371.215942</ele>
<time>2016-05-24T08:23:23.997Z</time>
</trkpt>
<trkpt lat="44.8654770" lon="8.9840080">
<ele>369.295685</ele>
<time>2016-05-24T08:23:34.002Z</time>
</trkpt>
<trkpt lat="44.8653780" lon="8.9840610">
<ele>367.832642</ele>
<time>2016-05-24T08:23:45.001Z</time>
</trkpt>
<trkpt lat="44.8653000" lon="8.9840800">
<ele>366.400085</ele>
<time>2016-05-24T08:23:56.000Z</time>
</trkpt>
<trkpt lat="44.8652200" lon="8.9841500">
<ele>363.992157</ele>
<time>2016-05-24T08:24:05.996Z</time>
</trkpt>
<trkpt lat="44.8651400" lon="8.9841800">
<ele>362.071930</ele>
<time>2016-05-24T08:24:16.001Z</time>
</trkpt>
<trkpt lat="44.8650500" lon="8.9842000">
<ele>361.127045</ele>
<time>2016-05-24T08:24:32.003Z</time>
</trkpt>
<trkpt lat="44.8649700" lon="8.9842400">
<ele>359.176331</ele>
<time>2016-05-24T08:24:40.997Z</time>
</trkpt>
<trkpt lat="44.8648700" lon="8.9842800">
<ele>358.231445</ele>
<time>2016-05-24T08:24:51.002Z</time>
</trkpt>
<trkpt lat="44.8647800" lon="8.9843300">
<ele>356.798859</ele>
<time>2016-05-24T08:25:00.998Z</time>
</trkpt>
<trkpt lat="44.8646900" lon="8.9843700">
<ele>355.823517</ele>
<time>2016-05-24T08:25:11.004Z</time>
</trkpt>
<trkpt lat="44.8646100" lon="8.9844400">
<ele>355.335846</ele>
<time>2016-05-24T08:25:19.998Z</time>
</trkpt>
<trkpt lat="44.8646100" lon="8.9845700">
<ele>355.823517</ele>
<time>2016-05-24T08:25:30.003Z</time>
</trkpt>
<trkpt lat="44.8646600" lon="8.9847000">
<ele>354.390930</ele>
<time>2016-05-24T08:25:42.997Z</time>
</trkpt>
<trkpt lat="44.8647000" lon="8.9848300">
<ele>354.390930</ele>
<time>2016-05-24T08:25:53.996Z</time>
</trkpt>
<trkpt lat="44.8647400" lon="8.9849500">
<ele>353.903259</ele>
<time>2016-05-24T08:26:02.999Z</time>
</trkpt>
<trkpt lat="44.8647500" lon="8.9850800">
<ele>352.470734</ele>
<time>2016-05-24T08:26:13.004Z</time>
</trkpt>
<trkpt lat="44.8647310" lon="8.9851760">
<ele>352.470734</ele>
<time>2016-05-24T08:26:23.001Z</time>
</trkpt>
<trkpt lat="44.8646310" lon="8.9852620">
<ele>350.062805</ele>
<time>2016-05-24T08:26:32.997Z</time>
</trkpt>
<trkpt lat="44.8645480" lon="8.9853050">
<ele>349.087463</ele>
<time>2016-05-24T08:26:43.002Z</time>
</trkpt>
<trkpt lat="44.8644490" lon="8.9853260">
<ele>347.167206</ele>
<time>2016-05-24T08:26:51.003Z</time>
</trkpt>
<trkpt lat="44.8643650" lon="8.9853480">
<ele>346.222321</ele>
<time>2016-05-24T08:26:58.001Z</time>
</trkpt>
<trkpt lat="44.8642660" lon="8.9853580">
<ele>344.759277</ele>
<time>2016-05-24T08:27:06.002Z</time>
</trkpt>
<trkpt lat="44.8641670" lon="8.9853800">
<ele>342.839050</ele>
<time>2016-05-24T08:27:14.996Z</time>
</trkpt>
<trkpt lat="44.8640830" lon="8.9853910">
<ele>339.973938</ele>
<time>2016-05-24T08:27:23.999Z</time>
</trkpt>
<trkpt lat="44.8639840" lon="8.9853910">
<ele>337.566010</ele>
<time>2016-05-24T08:27:32.000Z</time>
</trkpt>
<trkpt lat="44.8638770" lon="8.9854120">
<ele>335.645752</ele>
<time>2016-05-24T08:27:40.000Z</time>
</trkpt>
<trkpt lat="44.8637930" lon="8.9854340">
<ele>334.182739</ele>
<time>2016-05-24T08:27:49.003Z</time>
</trkpt>
<trkpt lat="44.8637200" lon="8.9854800">
<ele>333.237854</ele>
<time>2016-05-24T08:27:57.004Z</time>
</trkpt>
<trkpt lat="44.8636300" lon="8.9855300">
<ele>331.805267</ele>
<time>2016-05-24T08:28:05.998Z</time>
</trkpt>
<trkpt lat="44.8635600" lon="8.9856000">
<ele>331.317596</ele>
<time>2016-05-24T08:28:13.999Z</time>
</trkpt>
<trkpt lat="44.8634650" lon="8.9856690">
<ele>329.397339</ele>
<time>2016-05-24T08:28:23.002Z</time>
</trkpt>
<trkpt lat="44.8633890" lon="8.9857550">
<ele>327.477142</ele>
<time>2016-05-24T08:28:35.996Z</time>
</trkpt>
<trkpt lat="44.8633100" lon="8.9858100">
<ele>326.014069</ele>
<time>2016-05-24T08:28:44.999Z</time>
</trkpt>
<trkpt lat="44.8632300" lon="8.9858500">
<ele>324.093842</ele>
<time>2016-05-24T08:29:17.002Z</time>
</trkpt>
<trkpt lat="44.8631400" lon="8.9859000">
<ele>322.661285</ele>
<time>2016-05-24T08:29:29.996Z</time>
</trkpt>
<trkpt lat="44.8630500" lon="8.9859300">
<ele>319.765686</ele>
<time>2016-05-24T08:29:42.999Z</time>
</trkpt>
<trkpt lat="44.8629600" lon="8.9859700">
<ele>317.845459</ele>
<time>2016-05-24T08:30:03.001Z</time>
</trkpt>
<trkpt lat="44.8628700" lon="8.9859600">
<ele>315.437531</ele>
<time>2016-05-24T08:30:14.000Z</time>
</trkpt>
<trkpt lat="44.8627700" lon="8.9859900">
<ele>312.572388</ele>
<time>2016-05-24T08:30:24.998Z</time>
</trkpt>
<trkpt lat="44.8626800" lon="8.9860000">
<ele>311.109375</ele>
<time>2016-05-24T08:30:39.004Z</time>
</trkpt>
<trkpt lat="44.8625900" lon="8.9860500">
<ele>309.189117</ele>
<time>2016-05-24T08:30:54.003Z</time>
</trkpt>
<trkpt lat="44.8625000" lon="8.9860500">
<ele>307.756561</ele>
<time>2016-05-24T08:31:02.004Z</time>
</trkpt>
<trkpt lat="44.8624100" lon="8.9860500">
<ele>304.403778</ele>
<time>2016-05-24T08:31:10.998Z</time>
</trkpt>
<trkpt lat="44.8623300" lon="8.9861200">
<ele>302.940735</ele>
<time>2016-05-24T08:31:21.996Z</time>
</trkpt>
<trkpt lat="44.8622400" lon="8.9861700">
<ele>301.020477</ele>
<time>2016-05-24T08:31:35.000Z</time>
</trkpt>
<trkpt lat="44.8621400" lon="8.9862000">
<ele>299.100250</ele>
<time>2016-05-24T08:31:44.003Z</time>
</trkpt>
<trkpt lat="44.8620500" lon="8.9862100">
<ele>298.155365</ele>
<time>2016-05-24T08:31:53.999Z</time>
</trkpt>
<trkpt lat="44.8619500" lon="8.9862200">
<ele>297.179993</ele>
<time>2016-05-24T08:32:08.998Z</time>
</trkpt>
<trkpt lat="44.8619700" lon="8.9863500">
<ele>295.747437</ele>
<time>2016-05-24T08:32:20.999Z</time>
</trkpt>
<trkpt lat="44.8619700" lon="8.9864800">
<ele>293.827209</ele>
<time>2016-05-24T08:32:30.002Z</time>
</trkpt>
<trkpt lat="44.8618900" lon="8.9865600">
<ele>292.364166</ele>
<time>2016-05-24T08:32:49.001Z</time>
</trkpt>
<trkpt lat="44.8618000" lon="8.9865100">
<ele>290.443939</ele>
<time>2016-05-24T08:33:06.998Z</time>
</trkpt>
<trkpt lat="44.8617000" lon="8.9865400">
<ele>288.523682</ele>
<time>2016-05-24T08:33:21.004Z</time>
</trkpt>
<trkpt lat="44.8616200" lon="8.9865900">
<ele>285.170868</ele>
<time>2016-05-24T08:33:36.003Z</time>
</trkpt>
<trkpt lat="44.8614700" lon="8.9865200">
<ele>281.330414</ele>
<time>2016-05-24T08:34:07.997Z</time>
</trkpt>
<trkpt lat="44.8612200" lon="8.9866500">
<ele>279.410156</ele>
<time>2016-05-24T08:35:40.998Z</time>
</trkpt>
<trkpt lat="44.8611900" lon="8.9865700">
<ele>277.947113</ele>
<time>2016-05-24T08:36:54.999Z</time>
</trkpt>
<trkpt lat="44.8611300" lon="8.9865300">
<ele>276.026886</ele>
<time>2016-05-24T08:37:08.003Z</time>
</trkpt>
<trkpt lat="44.8610500" lon="8.9865400">
<ele>276.514557</ele>
<time>2016-05-24T08:37:17.999Z</time>
</trkpt>
<trkpt lat="44.8609800" lon="8.9866900">
<ele>276.514557</ele>
<time>2016-05-24T08:38:14.004Z</time>
</trkpt>
<trkpt lat="44.8609000" lon="8.9868100">
<ele>275.569672</ele>
<time>2016-05-24T08:38:25.996Z</time>
</trkpt>
<trkpt lat="44.8608600" lon="8.9869400">
<ele>276.514557</ele>
<time>2016-05-24T08:38:37.003Z</time>
</trkpt>
<trkpt lat="44.8607800" lon="8.9870200">
<ele>277.489929</ele>
<time>2016-05-24T08:38:47.000Z</time>
</trkpt>
<trkpt lat="44.8606800" lon="8.9870400">
<ele>278.922485</ele>
<time>2016-05-24T08:38:56.996Z</time>
</trkpt>
<trkpt lat="44.8605800" lon="8.9870600">
<ele>279.410156</ele>
<time>2016-05-24T08:39:07.001Z</time>
</trkpt>
<trkpt lat="44.8605000" lon="8.9871200">
<ele>280.842712</ele>
<time>2016-05-24T08:39:19.996Z</time>
</trkpt>
<trkpt lat="44.8605000" lon="8.9871900">
<ele>281.330414</ele>
<time>2016-05-24T08:39:39.004Z</time>
</trkpt>
<trkpt lat="44.8605700" lon="8.9873100">
<ele>280.842712</ele>
<time>2016-05-24T08:39:49.000Z</time>
</trkpt>
<trkpt lat="44.8606300" lon="8.9874200">
<ele>280.842712</ele>
<time>2016-05-24T08:39:58.003Z</time>
</trkpt>
<trkpt lat="44.8606700" lon="8.9875300">
<ele>279.867371</ele>
<time>2016-05-24T08:40:06.004Z</time>
</trkpt>
<trkpt lat="44.8607300" lon="8.9876300">
<ele>280.842712</ele>
<time>2016-05-24T08:40:14.998Z</time>
</trkpt>
<trkpt lat="44.8607900" lon="8.9877300">
<ele>282.275269</ele>
<time>2016-05-24T08:40:24.001Z</time>
</trkpt>
<trkpt lat="44.8608100" lon="8.9878400">
<ele>282.762970</ele>
<time>2016-05-24T08:40:40.996Z</time>
</trkpt>
<trkpt lat="44.8607200" lon="8.9879100">
<ele>284.683197</ele>
<time>2016-05-24T08:40:53.999Z</time>
</trkpt>
<trkpt lat="44.8606300" lon="8.9879600">
<ele>285.658569</ele>
<time>2016-05-24T08:41:08.998Z</time>
</trkpt>
<trkpt lat="44.8605600" lon="8.9880200">
<ele>289.499023</ele>
<time>2016-05-24T08:41:27.004Z</time>
</trkpt>
<trkpt lat="44.8604700" lon="8.9880800">
<ele>289.986725</ele>
<time>2016-05-24T08:41:47.999Z</time>
</trkpt>
<trkpt lat="44.8603900" lon="8.9881700">
<ele>293.827209</ele>
<time>2016-05-24T08:42:01.996Z</time>
</trkpt>
<trkpt lat="44.8603200" lon="8.9882500">
<ele>296.235138</ele>
<time>2016-05-24T08:42:13.997Z</time>
</trkpt>
<trkpt lat="44.8602400" lon="8.9883400">
<ele>297.667664</ele>
<time>2016-05-24T08:42:25.004Z</time>
</trkpt>
<trkpt lat="44.8601800" lon="8.9884800">
<ele>298.155365</ele>
<time>2016-05-24T08:42:47.002Z</time>
</trkpt>
<trkpt lat="44.8601400" lon="8.9885700">
<ele>299.100250</ele>
<time>2016-05-24T08:43:38.004Z</time>
</trkpt>
<trkpt lat="44.8600600" lon="8.9889000">
<ele>309.676788</ele>
<time>2016-05-24T08:44:59.004Z</time>
</trkpt>
<trkpt lat="44.8601400" lon="8.9890800">
<ele>310.652161</ele>
<time>2016-05-24T08:45:10.002Z</time>
</trkpt>
<trkpt lat="44.8601900" lon="8.9892100">
<ele>312.572388</ele>
<time>2016-05-24T08:45:22.997Z</time>
</trkpt>
<trkpt lat="44.8601800" lon="8.9895200">
<ele>321.685913</ele>
<time>2016-05-24T08:46:04.996Z</time>
</trkpt>
<trkpt lat="44.8602100" lon="8.9898100">
<ele>324.093842</ele>
<time>2016-05-24T08:46:40.999Z</time>
</trkpt>
<trkpt lat="44.8602900" lon="8.9899700">
<ele>326.989441</ele>
<time>2016-05-24T08:46:57.000Z</time>
</trkpt>
<trkpt lat="44.8602880" lon="8.9900640">
<ele>328.909668</ele>
<time>2016-05-24T08:47:44.002Z</time>
</trkpt>
<trkpt lat="44.8602600" lon="8.9901900">
<ele>330.342255</ele>
<time>2016-05-24T08:48:27.003Z</time>
</trkpt>
<trkpt lat="44.8602400" lon="8.9903400">
<ele>337.078339</ele>
<time>2016-05-24T08:49:06.997Z</time>
</trkpt>
<trkpt lat="44.8602900" lon="8.9904500">
<ele>338.510864</ele>
<time>2016-05-24T08:49:21.003Z</time>
</trkpt>
<trkpt lat="44.8603200" lon="8.9905700">
<ele>340.918793</ele>
<time>2016-05-24T08:49:35.000Z</time>
</trkpt>
<trkpt lat="44.8603500" lon="8.9906800">
<ele>343.326721</ele>
<time>2016-05-24T08:49:48.003Z</time>
</trkpt>
<trkpt lat="44.8603500" lon="8.9908100">
<ele>345.246948</ele>
<time>2016-05-24T08:50:02.000Z</time>
</trkpt>
<trkpt lat="44.8603300" lon="8.9909400">
<ele>347.167206</ele>
<time>2016-05-24T08:50:15.996Z</time>
</trkpt>
<trkpt lat="44.8603100" lon="8.9910800">
<ele>348.630249</ele>
<time>2016-05-24T08:50:29.000Z</time>
</trkpt>
<trkpt lat="44.8602600" lon="8.9911800">
<ele>351.007660</ele>
<time>2016-05-24T08:50:39.998Z</time>
</trkpt>
<trkpt lat="44.8601900" lon="8.9912900">
<ele>351.495331</ele>
<time>2016-05-24T08:50:50.004Z</time>
</trkpt>
<trkpt lat="44.8601000" lon="8.9913100">
<ele>352.927917</ele>
<time>2016-05-24T08:51:05.996Z</time>
</trkpt>
<trkpt lat="44.8600000" lon="8.9913500">
<ele>355.335846</ele>
<time>2016-05-24T08:51:20.002Z</time>
</trkpt>
<trkpt lat="44.8598920" lon="8.9914140">
<ele>357.256073</ele>
<time>2016-05-24T08:51:35.001Z</time>
</trkpt>
<trkpt lat="44.8598230" lon="8.9915320">
<ele>358.719116</ele>
<time>2016-05-24T08:51:48.997Z</time>
</trkpt>
<trkpt lat="44.8597600" lon="8.9915900">
<ele>360.639343</ele>
<time>2016-05-24T08:52:03.996Z</time>
</trkpt>
<trkpt lat="44.8596790" lon="8.9916610">
<ele>361.584259</ele>
<time>2016-05-24T08:52:17.000Z</time>
</trkpt>
<trkpt lat="44.8596100" lon="8.9917360">
<ele>363.504486</ele>
<time>2016-05-24T08:52:31.999Z</time>
</trkpt>
<trkpt lat="44.8595030" lon="8.9917790">
<ele>364.479858</ele>
<time>2016-05-24T08:52:54.998Z</time>
</trkpt>
<trkpt lat="44.8594100" lon="8.9917800">
<ele>368.320313</ele>
<time>2016-05-24T08:53:16.996Z</time>
</trkpt>
<trkpt lat="44.8593200" lon="8.9917900">
<ele>371.215942</ele>
<time>2016-05-24T08:53:29.999Z</time>
</trkpt>
<trkpt lat="44.8592000" lon="8.9917700">
<ele>373.136139</ele>
<time>2016-05-24T08:53:51.996Z</time>
</trkpt>
<trkpt lat="44.8591070" lon="8.9918320">
<ele>376.001282</ele>
<time>2016-05-24T08:54:10.002Z</time>
</trkpt>
<trkpt lat="44.8590380" lon="8.9919610">
<ele>377.921539</ele>
<time>2016-05-24T08:55:04.002Z</time>
</trkpt>
<trkpt lat="44.8589770" lon="8.9920680">
<ele>378.896881</ele>
<time>2016-05-24T08:55:15.001Z</time>
</trkpt>
<trkpt lat="44.8588800" lon="8.9920800">
<ele>379.384552</ele>
<time>2016-05-24T08:56:02.996Z</time>
</trkpt>
<trkpt lat="44.8589100" lon="8.9922100">
<ele>376.001282</ele>
<time>2016-05-24T08:56:29.003Z</time>
</trkpt>
<trkpt lat="44.8588600" lon="8.9923000">
<ele>375.544067</ele>
<time>2016-05-24T08:56:38.999Z</time>
</trkpt>
<trkpt lat="44.8588000" lon="8.9924300">
<ele>375.056396</ele>
<time>2016-05-24T08:56:47.000Z</time>
</trkpt>
<trkpt lat="44.8587300" lon="8.9925300">
<ele>374.081055</ele>
<time>2016-05-24T08:56:55.000Z</time>
</trkpt>
<trkpt lat="44.8586800" lon="8.9926200">
<ele>372.648468</ele>
<time>2016-05-24T08:57:03.001Z</time>
</trkpt>
<trkpt lat="44.8586700" lon="8.9927600">
<ele>371.673126</ele>
<time>2016-05-24T08:57:09.999Z</time>
</trkpt>
<trkpt lat="44.8586900" lon="8.9928900">
<ele>372.160797</ele>
<time>2016-05-24T08:57:16.998Z</time>
</trkpt>
<trkpt lat="44.8587400" lon="8.9930100">
<ele>371.215942</ele>
<time>2016-05-24T08:57:26.001Z</time>
</trkpt>
<trkpt lat="44.8587700" lon="8.9931300">
<ele>371.215942</ele>
<time>2016-05-24T08:57:45.000Z</time>
</trkpt>
<trkpt lat="44.8588000" lon="8.9932600">
<ele>370.728241</ele>
<time>2016-05-24T08:57:51.998Z</time>
</trkpt>
<trkpt lat="44.8588000" lon="8.9933800">
<ele>369.752869</ele>
<time>2016-05-24T08:57:58.997Z</time>
</trkpt>
<trkpt lat="44.8587900" lon="8.9935000">
<ele>368.320313</ele>
<time>2016-05-24T08:58:06.997Z</time>
</trkpt>
<trkpt lat="44.8588200" lon="8.9936400">
<ele>368.320313</ele>
<time>2016-05-24T08:58:18.998Z</time>
</trkpt>
<trkpt lat="44.8588500" lon="8.9937600">
<ele>366.400085</ele>
<time>2016-05-24T08:58:40.996Z</time>
</trkpt>
<trkpt lat="44.8588700" lon="8.9938900">
<ele>365.424713</ele>
<time>2016-05-24T08:58:51.001Z</time>
</trkpt>
<trkpt lat="44.8589000" lon="8.9940000">
<ele>365.424713</ele>
<time>2016-05-24T08:59:26.002Z</time>
</trkpt>
<trkpt lat="44.8588900" lon="8.9939300">
<ele>364.967529</ele>
<time>2016-05-24T09:00:06.998Z</time>
</trkpt>
<trkpt lat="44.8588600" lon="8.9938100">
<ele>364.967529</ele>
<time>2016-05-24T09:00:28.996Z</time>
</trkpt>
<trkpt lat="44.8588600" lon="8.9937400">
<ele>365.912415</ele>
<time>2016-05-24T09:00:55.996Z</time>
</trkpt>
<trkpt lat="44.8588100" lon="8.9936200">
<ele>368.320313</ele>
<time>2016-05-24T09:01:19.998Z</time>
</trkpt>
<trkpt lat="44.8588000" lon="8.9934700">
<ele>370.728241</ele>
<time>2016-05-24T09:01:29.001Z</time>
</trkpt>
<trkpt lat="44.8587800" lon="8.9933300">
<ele>370.728241</ele>
<time>2016-05-24T09:01:37.001Z</time>
</trkpt>
<trkpt lat="44.8587700" lon="8.9931800">
<ele>371.215942</ele>
<time>2016-05-24T09:01:46.004Z</time>
</trkpt>
<trkpt lat="44.8587400" lon="8.9930600">
<ele>371.673126</ele>
<time>2016-05-24T09:01:53.996Z</time>
</trkpt>
<trkpt lat="44.8587100" lon="8.9929400">
<ele>371.673126</ele>
<time>2016-05-24T09:02:02.999Z</time>
</trkpt>
<trkpt lat="44.8586700" lon="8.9928100">
<ele>371.673126</ele>
<time>2016-05-24T09:02:13.004Z</time>
</trkpt>
<trkpt lat="44.8586700" lon="8.9926600">
<ele>372.160797</ele>
<time>2016-05-24T09:02:21.998Z</time>
</trkpt>
<trkpt lat="44.8587200" lon="8.9925500">
<ele>374.081055</ele>
<time>2016-05-24T09:02:32.997Z</time>
</trkpt>
<trkpt lat="44.8587900" lon="8.9924300">
<ele>375.544067</ele>
<time>2016-05-24T09:02:42.000Z</time>
</trkpt>
<trkpt lat="44.8588500" lon="8.9923000">
<ele>376.488953</ele>
<time>2016-05-24T09:02:52.999Z</time>
</trkpt>
<trkpt lat="44.8589390" lon="8.9921220">
<ele>378.409210</ele>
<time>2016-05-24T09:03:09.000Z</time>
</trkpt>
<trkpt lat="44.8588000" lon="8.9920400">
<ele>381.304810</ele>
<time>2016-05-24T09:03:29.002Z</time>
</trkpt>
<trkpt lat="44.8587000" lon="8.9919500">
<ele>382.737335</ele>
<time>2016-05-24T09:03:45.003Z</time>
</trkpt>
<trkpt lat="44.8586300" lon="8.9918800">
<ele>383.712738</ele>
<time>2016-05-24T09:03:56.002Z</time>
</trkpt>
<trkpt lat="44.8585500" lon="8.9918100">
<ele>384.657593</ele>
<time>2016-05-24T09:04:07.000Z</time>
</trkpt>
<trkpt lat="44.8584800" lon="8.9917200">
<ele>385.145264</ele>
<time>2016-05-24T09:04:16.997Z</time>
</trkpt>
<trkpt lat="44.8584210" lon="8.9916390">
<ele>385.145264</ele>
<time>2016-05-24T09:04:38.001Z</time>
</trkpt>
<trkpt lat="44.8583300" lon="8.9915400">
<ele>384.169922</ele>
<time>2016-05-24T09:05:05.001Z</time>
</trkpt>
<trkpt lat="44.8582500" lon="8.9914300">
<ele>383.712738</ele>
<time>2016-05-24T09:05:14.004Z</time>
</trkpt>
<trkpt lat="44.8581900" lon="8.9913200">
<ele>384.657593</ele>
<time>2016-05-24T09:05:22.998Z</time>
</trkpt>
<trkpt lat="44.8581160" lon="8.9912320">
<ele>385.145264</ele>
<time>2016-05-24T09:05:32.001Z</time>
</trkpt>
<trkpt lat="44.8580480" lon="8.9910820">
<ele>385.145264</ele>
<time>2016-05-24T09:05:41.004Z</time>
</trkpt>
<trkpt lat="44.8580100" lon="8.9909700">
<ele>385.145264</ele>
<time>2016-05-24T09:05:49.004Z</time>
</trkpt>
<trkpt lat="44.8579300" lon="8.9908800">
<ele>385.145264</ele>
<time>2016-05-24T09:05:57.998Z</time>
</trkpt>
<trkpt lat="44.8578500" lon="8.9908200">
<ele>383.225067</ele>
<time>2016-05-24T09:06:07.001Z</time>
</trkpt>
<trkpt lat="44.8577700" lon="8.9907500">
<ele>381.792480</ele>
<time>2016-05-24T09:06:16.004Z</time>
</trkpt>
<trkpt lat="44.8576900" lon="8.9906700">
<ele>381.304810</ele>
<time>2016-05-24T09:06:24.998Z</time>
</trkpt>
<trkpt lat="44.8576100" lon="8.9906100">
<ele>380.817139</ele>
<time>2016-05-24T09:06:32.999Z</time>
</trkpt>
<trkpt lat="44.8575300" lon="8.9905400">
<ele>379.872253</ele>
<time>2016-05-24T09:06:41.000Z</time>
</trkpt>
<trkpt lat="44.8574600" lon="8.9904500">
<ele>379.872253</ele>
<time>2016-05-24T09:06:50.003Z</time>
</trkpt>
<trkpt lat="44.8574100" lon="8.9903900">
<ele>379.384552</ele>
<time>2016-05-24T09:07:28.001Z</time>
</trkpt>
<trkpt lat="44.8573200" lon="8.9903100">
<ele>379.872253</ele>
<time>2016-05-24T09:07:37.004Z</time>
</trkpt>
<trkpt lat="44.8572500" lon="8.9902300">
<ele>379.872253</ele>
<time>2016-05-24T09:07:45.998Z</time>
</trkpt>
<trkpt lat="44.8571700" lon="8.9901500">
<ele>379.384552</ele>
<time>2016-05-24T09:07:55.001Z</time>
</trkpt>
<trkpt lat="44.8570800" lon="8.9901100">
<ele>378.896881</ele>
<time>2016-05-24T09:08:04.004Z</time>
</trkpt>
<trkpt lat="44.8569900" lon="8.9900700">
<ele>378.409210</ele>
<time>2016-05-24T09:08:11.996Z</time>
</trkpt>
<trkpt lat="44.8569000" lon="8.9900500">
<ele>377.921539</ele>
<time>2016-05-24T09:08:19.997Z</time>
</trkpt>
<trkpt lat="44.8567900" lon="8.9900300">
<ele>376.976654</ele>
<time>2016-05-24T09:08:30.002Z</time>
</trkpt>
<trkpt lat="44.8566900" lon="8.9899900">
<ele>376.001282</ele>
<time>2016-05-24T09:08:38.996Z</time>
</trkpt>
<trkpt lat="44.8566000" lon="8.9899700">
<ele>375.056396</ele>
<time>2016-05-24T09:08:46.997Z</time>
</trkpt>
<trkpt lat="44.8565200" lon="8.9899300">
<ele>374.081055</ele>
<time>2016-05-24T09:08:57.002Z</time>
</trkpt>
<trkpt lat="44.8564200" lon="8.9899000">
<ele>372.648468</ele>
<time>2016-05-24T09:09:06.998Z</time>
</trkpt>
<trkpt lat="44.8563300" lon="8.9898700">
<ele>372.648468</ele>
<time>2016-05-24T09:09:14.999Z</time>
</trkpt>
<trkpt lat="44.8562300" lon="8.9898400">
<ele>371.215942</ele>
<time>2016-05-24T09:09:23.000Z</time>
</trkpt>
<trkpt lat="44.8561400" lon="8.9898000">
<ele>371.215942</ele>
<time>2016-05-24T09:09:31.000Z</time>
</trkpt>
<trkpt lat="44.8560400" lon="8.9897700">
<ele>370.240540</ele>
<time>2016-05-24T09:09:39.001Z</time>
</trkpt>
<trkpt lat="44.8559500" lon="8.9897300">
<ele>370.728241</ele>
<time>2016-05-24T09:09:48.004Z</time>
</trkpt>
<trkpt lat="44.8558500" lon="8.9897000">
<ele>369.752869</ele>
<time>2016-05-24T09:09:55.996Z</time>
</trkpt>
<trkpt lat="44.8557600" lon="8.9896600">
<ele>369.295685</ele>
<time>2016-05-24T09:10:03.996Z</time>
</trkpt>
<trkpt lat="44.8556700" lon="8.9896300">
<ele>369.295685</ele>
<time>2016-05-24T09:10:12.999Z</time>
</trkpt>
<trkpt lat="44.8555800" lon="8.9895900">
<ele>367.832642</ele>
<time>2016-05-24T09:10:30.003Z</time>
</trkpt>
<trkpt lat="44.8554900" lon="8.9895300">
<ele>368.808014</ele>
<time>2016-05-24T09:10:39.999Z</time>
</trkpt>
<trkpt lat="44.8554500" lon="8.9895000">
<ele>368.320313</ele>
<time>2016-05-24T09:11:13.998Z</time>
</trkpt>
<trkpt lat="44.8553730" lon="8.9894320">
<ele>368.808014</ele>
<time>2016-05-24T09:11:21.998Z</time>
</trkpt>
<trkpt lat="44.8552890" lon="8.9893470">
<ele>369.295685</ele>
<time>2016-05-24T09:11:29.999Z</time>
</trkpt>
<trkpt lat="44.8552120" lon="8.9892500">
<ele>369.295685</ele>
<time>2016-05-24T09:11:38.000Z</time>
</trkpt>
<trkpt lat="44.8551360" lon="8.9891430">
<ele>369.295685</ele>
<time>2016-05-24T09:11:46.000Z</time>
</trkpt>
<trkpt lat="44.8550680" lon="8.9890360">
<ele>371.215942</ele>
<time>2016-05-24T09:11:54.001Z</time>
</trkpt>
<trkpt lat="44.8550070" lon="8.9889400">
<ele>371.215942</ele>
<time>2016-05-24T09:12:02.002Z</time>
</trkpt>
<trkpt lat="44.8549150" lon="8.9888330">
<ele>372.160797</ele>
<time>2016-05-24T09:12:10.996Z</time>
</trkpt>
<trkpt lat="44.8548470" lon="8.9887360">
<ele>372.160797</ele>
<time>2016-05-24T09:12:19.999Z</time>
</trkpt>
<trkpt lat="44.8548010" lon="8.9886610">
<ele>373.136139</ele>
<time>2016-05-24T09:12:29.002Z</time>
</trkpt>
<trkpt lat="44.8547480" lon="8.9885860">
<ele>374.081055</ele>
<time>2016-05-24T09:12:42.998Z</time>
</trkpt>
<trkpt lat="44.8546940" lon="8.9884900">
<ele>373.623840</ele>
<time>2016-05-24T09:13:21.999Z</time>
</trkpt>
<trkpt lat="44.8546330" lon="8.9884040">
<ele>374.081055</ele>
<time>2016-05-24T09:13:31.002Z</time>
</trkpt>
<trkpt lat="44.8545570" lon="8.9882970">
<ele>375.544067</ele>
<time>2016-05-24T09:13:39.996Z</time>
</trkpt>
<trkpt lat="44.8544880" lon="8.9881790">
<ele>376.976654</ele>
<time>2016-05-24T09:13:48.999Z</time>
</trkpt>
<trkpt lat="44.8544050" lon="8.9880930">
<ele>377.464325</ele>
<time>2016-05-24T09:13:58.002Z</time>
</trkpt>
<trkpt lat="44.8543440" lon="8.9879970">
<ele>378.409210</ele>
<time>2016-05-24T09:14:06.996Z</time>
</trkpt>
<trkpt lat="44.8542750" lon="8.9878900">
<ele>379.872253</ele>
<time>2016-05-24T09:14:28.000Z</time>
</trkpt>
<trkpt lat="44.8541990" lon="8.9877720">
<ele>380.329468</ele>
<time>2016-05-24T09:14:45.997Z</time>
</trkpt>
<trkpt lat="44.8541380" lon="8.9876750">
<ele>381.304810</ele>
<time>2016-05-24T09:14:53.998Z</time>
</trkpt>
<trkpt lat="44.8540620" lon="8.9875900">
<ele>382.737335</ele>
<time>2016-05-24T09:15:01.999Z</time>
</trkpt>
<trkpt lat="44.8540310" lon="8.9875250">
<ele>382.249664</ele>
<time>2016-05-24T09:15:20.998Z</time>
</trkpt>
<trkpt lat="44.8539620" lon="8.9874080">
<ele>383.712738</ele>
<time>2016-05-24T09:15:28.999Z</time>
</trkpt>
<trkpt lat="44.8539550" lon="8.9872470">
<ele>384.169922</ele>
<time>2016-05-24T09:15:38.002Z</time>
</trkpt>
<trkpt lat="44.8539780" lon="8.9871400">
<ele>384.169922</ele>
<time>2016-05-24T09:16:02.004Z</time>
</trkpt>
<trkpt lat="44.8539930" lon="8.9870220">
<ele>385.632935</ele>
<time>2016-05-24T09:16:13.996Z</time>
</trkpt>
<trkpt lat="44.8539780" lon="8.9868720">
<ele>385.632935</ele>
<time>2016-05-24T09:16:24.001Z</time>
</trkpt>
<trkpt lat="44.8539400" lon="8.9867600">
<ele>387.065521</ele>
<time>2016-05-24T09:16:33.997Z</time>
</trkpt>
<trkpt lat="44.8538600" lon="8.9866600">
<ele>388.985748</ele>
<time>2016-05-24T09:16:44.996Z</time>
</trkpt>
<trkpt lat="44.8537720" lon="8.9866250">
<ele>390.906006</ele>
<time>2016-05-24T09:16:56.997Z</time>
</trkpt>
<trkpt lat="44.8536650" lon="8.9865830">
<ele>391.881348</ele>
<time>2016-05-24T09:17:08.998Z</time>
</trkpt>
<trkpt lat="44.8535810" lon="8.9865290">
<ele>393.801605</ele>
<time>2016-05-24T09:17:20.999Z</time>
</trkpt>
<trkpt lat="44.8534900" lon="8.9864860">
<ele>395.721863</ele>
<time>2016-05-24T09:17:33.000Z</time>
</trkpt>
<trkpt lat="44.8533910" lon="8.9864330">
<ele>399.074646</ele>
<time>2016-05-24T09:17:45.001Z</time>
</trkpt>
<trkpt lat="44.8533150" lon="8.9863790">
<ele>400.049988</ele>
<time>2016-05-24T09:17:54.997Z</time>
</trkpt>
<trkpt lat="44.8532100" lon="8.9863100">
<ele>400.994873</ele>
<time>2016-05-24T09:18:35.001Z</time>
</trkpt>
<trkpt lat="44.8531010" lon="8.9862930">
<ele>405.323059</ele>
<time>2016-05-24T09:19:02.001Z</time>
</trkpt>
<trkpt lat="44.8530020" lon="8.9862720">
<ele>406.298401</ele>
<time>2016-05-24T09:19:18.002Z</time>
</trkpt>
<trkpt lat="44.8528650" lon="8.9862180">
<ele>410.138885</ele>
<time>2016-05-24T09:20:16.996Z</time>
</trkpt>
<trkpt lat="44.8528000" lon="8.9861400">
<ele>411.571442</ele>
<time>2016-05-24T09:20:32.997Z</time>
</trkpt>
<trkpt lat="44.8527300" lon="8.9860700">
<ele>413.034485</ele>
<time>2016-05-24T09:20:44.998Z</time>
</trkpt>
<trkpt lat="44.8526700" lon="8.9859900">
<ele>414.954742</ele>
<time>2016-05-24T09:20:58.001Z</time>
</trkpt>
<trkpt lat="44.8525800" lon="8.9859400">
<ele>416.874939</ele>
<time>2016-05-24T09:21:13.000Z</time>
</trkpt>
<trkpt lat="44.8525200" lon="8.9859700">
<ele>417.819855</ele>
<time>2016-05-24T09:21:41.003Z</time>
</trkpt>
<trkpt lat="44.8524900" lon="8.9861100">
<ele>419.282867</ele>
<time>2016-05-24T09:21:56.002Z</time>
</trkpt>
<trkpt lat="44.8524080" lon="8.9861220">
<ele>420.715454</ele>
<time>2016-05-24T09:22:12.003Z</time>
</trkpt>
<trkpt lat="44.8524500" lon="8.9861500">
<ele>421.203125</ele>
<time>2016-05-24T09:23:07.999Z</time>
</trkpt>
<trkpt lat="44.8524530" lon="8.9862610">
<ele>422.148010</ele>
<time>2016-05-24T09:23:21.002Z</time>
</trkpt>
<trkpt lat="44.8525400" lon="8.9863800">
<ele>422.635681</ele>
<time>2016-05-24T09:23:30.998Z</time>
</trkpt>
<trkpt lat="44.8525200" lon="8.9865200">
<ele>423.123352</ele>
<time>2016-05-24T09:23:41.997Z</time>
</trkpt>
<trkpt lat="44.8525400" lon="8.9866700">
<ele>422.635681</ele>
<time>2016-05-24T09:24:08.997Z</time>
</trkpt>
<trkpt lat="44.8525520" lon="8.9868400">
<ele>422.635681</ele>
<time>2016-05-24T09:24:26.001Z</time>
</trkpt>
<trkpt lat="44.8525140" lon="8.9869790">
<ele>420.227753</ele>
<time>2016-05-24T09:24:35.004Z</time>
</trkpt>
<trkpt lat="44.8524600" lon="8.9870800">
<ele>417.819855</ele>
<time>2016-05-24T09:25:05.002Z</time>
</trkpt>
<trkpt lat="44.8524000" lon="8.9871800">
<ele>417.362640</ele>
<time>2016-05-24T09:25:13.996Z</time>
</trkpt>
<trkpt lat="44.8523100" lon="8.9872700">
<ele>417.362640</ele>
<time>2016-05-24T09:25:29.997Z</time>
</trkpt>
<trkpt lat="44.8522300" lon="8.9873200">
<ele>416.387268</ele>
<time>2016-05-24T09:25:37.998Z</time>
</trkpt>
<trkpt lat="44.8521300" lon="8.9873500">
<ele>415.899597</ele>
<time>2016-05-24T09:25:47.001Z</time>
</trkpt>
<trkpt lat="44.8520400" lon="8.9873700">
<ele>414.467041</ele>
<time>2016-05-24T09:25:56.004Z</time>
</trkpt>
<trkpt lat="44.8519500" lon="8.9873900">
<ele>414.467041</ele>
<time>2016-05-24T09:26:04.004Z</time>
</trkpt>
<trkpt lat="44.8518500" lon="8.9874100">
<ele>413.491669</ele>
<time>2016-05-24T09:26:11.996Z</time>
</trkpt>
<trkpt lat="44.8517600" lon="8.9874200">
<ele>413.034485</ele>
<time>2016-05-24T09:26:19.003Z</time>
</trkpt>
<trkpt lat="44.8516690" lon="8.9874300">
<ele>413.034485</ele>
<time>2016-05-24T09:26:27.997Z</time>
</trkpt>
<trkpt lat="44.8515770" lon="8.9874510">
<ele>412.546814</ele>
<time>2016-05-24T09:26:35.998Z</time>
</trkpt>
<trkpt lat="44.8514630" lon="8.9874400">
<ele>411.571442</ele>
<time>2016-05-24T09:26:45.001Z</time>
</trkpt>
<trkpt lat="44.8513900" lon="8.9874100">
<ele>410.626556</ele>
<time>2016-05-24T09:26:54.004Z</time>
</trkpt>
<trkpt lat="44.8513410" lon="8.9873760">
<ele>409.651215</ele>
<time>2016-05-24T09:27:44.004Z</time>
</trkpt>
<trkpt lat="44.8514020" lon="8.9871510">
<ele>408.706329</ele>
<time>2016-05-24T09:29:55.003Z</time>
</trkpt>
<trkpt lat="44.8514170" lon="8.9870330">
<ele>409.163513</ele>
<time>2016-05-24T09:30:06.002Z</time>
</trkpt>
<trkpt lat="44.8514700" lon="8.9869260">
<ele>408.706329</ele>
<time>2016-05-24T09:30:14.996Z</time>
</trkpt>
<trkpt lat="44.8515010" lon="8.9868190">
<ele>408.706329</ele>
<time>2016-05-24T09:30:23.999Z</time>
</trkpt>
<trkpt lat="44.8515100" lon="8.9867000">
<ele>408.218658</ele>
<time>2016-05-24T09:30:33.002Z</time>
</trkpt>
<trkpt lat="44.8515600" lon="8.9865800">
<ele>408.706329</ele>
<time>2016-05-24T09:30:41.996Z</time>
</trkpt>
<trkpt lat="44.8516000" lon="8.9864600">
<ele>408.218658</ele>
<time>2016-05-24T09:30:50.999Z</time>
</trkpt>
<trkpt lat="44.8516380" lon="8.9863370">
<ele>408.218658</ele>
<time>2016-05-24T09:31:00.002Z</time>
</trkpt>
<trkpt lat="44.8516840" lon="8.9862080">
<ele>407.730957</ele>
<time>2016-05-24T09:31:09.998Z</time>
</trkpt>
<trkpt lat="44.8517060" lon="8.9861010">
<ele>408.218658</ele>
<time>2016-05-24T09:31:20.004Z</time>
</trkpt>
<trkpt lat="44.8517900" lon="8.9859720">
<ele>408.706329</ele>
<time>2016-05-24T09:31:28.998Z</time>
</trkpt>
<trkpt lat="44.8518440" lon="8.9858870">
<ele>407.730957</ele>
<time>2016-05-24T09:31:36.998Z</time>
</trkpt>
<trkpt lat="44.8519200" lon="8.9858000">
<ele>408.218658</ele>
<time>2016-05-24T09:31:44.999Z</time>
</trkpt>
<trkpt lat="44.8519900" lon="8.9857000">
<ele>408.218658</ele>
<time>2016-05-24T09:31:53.000Z</time>
</trkpt>
<trkpt lat="44.8520400" lon="8.9856100">
<ele>407.730957</ele>
<time>2016-05-24T09:32:01.000Z</time>
</trkpt>
<trkpt lat="44.8521000" lon="8.9854900">
<ele>407.730957</ele>
<time>2016-05-24T09:32:14.997Z</time>
</trkpt>
<trkpt lat="44.8521600" lon="8.9853600">
<ele>407.730957</ele>
<time>2016-05-24T09:32:22.998Z</time>
</trkpt>
<trkpt lat="44.8522000" lon="8.9852500">
<ele>407.730957</ele>
<time>2016-05-24T09:32:30.998Z</time>
</trkpt>
<trkpt lat="44.8522200" lon="8.9851300">
<ele>407.730957</ele>
<time>2016-05-24T09:32:38.999Z</time>
</trkpt>
<trkpt lat="44.8522500" lon="8.9850000">
<ele>407.243286</ele>
<time>2016-05-24T09:32:48.002Z</time>
</trkpt>
<trkpt lat="44.8522500" lon="8.9848600">
<ele>406.298401</ele>
<time>2016-05-24T09:32:57.998Z</time>
</trkpt>
<trkpt lat="44.8522500" lon="8.9847000">
<ele>406.298401</ele>
<time>2016-05-24T09:33:08.004Z</time>
</trkpt>
<trkpt lat="44.8522930" lon="8.9845470">
<ele>405.810730</ele>
<time>2016-05-24T09:33:16.004Z</time>
</trkpt>
<trkpt lat="44.8523240" lon="8.9844190">
<ele>405.323059</ele>
<time>2016-05-24T09:33:23.996Z</time>
</trkpt>
<trkpt lat="44.8523620" lon="8.9843110">
<ele>403.890472</ele>
<time>2016-05-24T09:33:31.997Z</time>
</trkpt>
<trkpt lat="44.8524000" lon="8.9841900">
<ele>402.915131</ele>
<time>2016-05-24T09:33:39.997Z</time>
</trkpt>
<trkpt lat="44.8524610" lon="8.9840650">
<ele>401.482544</ele>
<time>2016-05-24T09:33:47.998Z</time>
</trkpt>
<trkpt lat="44.8525060" lon="8.9839680">
<ele>400.994873</ele>
<time>2016-05-24T09:33:55.999Z</time>
</trkpt>
<trkpt lat="44.8525700" lon="8.9838700">
<ele>400.537659</ele>
<time>2016-05-24T09:34:03.999Z</time>
</trkpt>
<trkpt lat="44.8526500" lon="8.9838000">
<ele>399.562317</ele>
<time>2016-05-24T09:34:12.000Z</time>
</trkpt>
<trkpt lat="44.8527300" lon="8.9837400">
<ele>398.129730</ele>
<time>2016-05-24T09:34:21.003Z</time>
</trkpt>
<trkpt lat="44.8528200" lon="8.9836700">
<ele>398.129730</ele>
<time>2016-05-24T09:34:29.997Z</time>
</trkpt>
<trkpt lat="44.8529000" lon="8.9835900">
<ele>396.666718</ele>
<time>2016-05-24T09:34:39.000Z</time>
</trkpt>
<trkpt lat="44.8529800" lon="8.9835300">
<ele>395.721863</ele>
<time>2016-05-24T09:34:47.001Z</time>
</trkpt>
<trkpt lat="44.8530600" lon="8.9834400">
<ele>395.721863</ele>
<time>2016-05-24T09:34:56.004Z</time>
</trkpt>
<trkpt lat="44.8531300" lon="8.9833500">
<ele>395.234131</ele>
<time>2016-05-24T09:35:04.004Z</time>
</trkpt>
<trkpt lat="44.8532100" lon="8.9832600">
<ele>394.289276</ele>
<time>2016-05-24T09:35:11.996Z</time>
</trkpt>
<trkpt lat="44.8532800" lon="8.9831700">
<ele>392.826263</ele>
<time>2016-05-24T09:35:19.997Z</time>
</trkpt>
<trkpt lat="44.8533500" lon="8.9830900">
<ele>393.313934</ele>
<time>2016-05-24T09:35:27.004Z</time>
</trkpt>
<trkpt lat="44.8534300" lon="8.9830200">
<ele>391.881348</ele>
<time>2016-05-24T09:35:34.002Z</time>
</trkpt>
<trkpt lat="44.8535100" lon="8.9829400">
<ele>391.393677</ele>
<time>2016-05-24T09:35:42.003Z</time>
</trkpt>
<trkpt lat="44.8536000" lon="8.9828600">
<ele>390.906006</ele>
<time>2016-05-24T09:35:50.004Z</time>
</trkpt>
<trkpt lat="44.8536800" lon="8.9827800">
<ele>389.961121</ele>
<time>2016-05-24T09:35:58.004Z</time>
</trkpt>
<trkpt lat="44.8537600" lon="8.9827100">
<ele>388.985748</ele>
<time>2016-05-24T09:36:05.003Z</time>
</trkpt>
<trkpt lat="44.8538400" lon="8.9826400">
<ele>388.040863</ele>
<time>2016-05-24T09:36:12.001Z</time>
</trkpt>
<trkpt lat="44.8539100" lon="8.9825600">
<ele>387.065521</ele>
<time>2016-05-24T09:36:18.999Z</time>
</trkpt>
<trkpt lat="44.8539700" lon="8.9824600">
<ele>385.632935</ele>
<time>2016-05-24T09:36:25.998Z</time>
</trkpt>
<trkpt lat="44.8540100" lon="8.9823500">
<ele>383.712738</ele>
<time>2016-05-24T09:36:32.996Z</time>
</trkpt>
<trkpt lat="44.8540500" lon="8.9822300">
<ele>383.225067</ele>
<time>2016-05-24T09:36:40.997Z</time>
</trkpt>
<trkpt lat="44.8540600" lon="8.9820700">
<ele>383.225067</ele>
<time>2016-05-24T09:36:48.997Z</time>
</trkpt>
<trkpt lat="44.8540600" lon="8.9819200">
<ele>382.737335</ele>
<time>2016-05-24T09:36:56.998Z</time>
</trkpt>
<trkpt lat="44.8540600" lon="8.9817900">
<ele>382.737335</ele>
<time>2016-05-24T09:37:03.996Z</time>
</trkpt>
<trkpt lat="44.8540500" lon="8.9816400">
<ele>382.737335</ele>
<time>2016-05-24T09:37:11.997Z</time>
</trkpt>
<trkpt lat="44.8540400" lon="8.9815000">
<ele>384.169922</ele>
<time>2016-05-24T09:37:19.998Z</time>
</trkpt>
<trkpt lat="44.8540500" lon="8.9813700">
<ele>385.632935</ele>
<time>2016-05-24T09:37:27.998Z</time>
</trkpt>
<trkpt lat="44.8540500" lon="8.9812400">
<ele>386.577850</ele>
<time>2016-05-24T09:37:37.001Z</time>
</trkpt>
<trkpt lat="44.8540900" lon="8.9811400">
<ele>386.577850</ele>
<time>2016-05-24T09:38:32.004Z</time>
</trkpt>
<trkpt lat="44.8541600" lon="8.9811100">
<ele>388.040863</ele>
<time>2016-05-24T09:38:55.997Z</time>
</trkpt>
<trkpt lat="44.8541900" lon="8.9809900">
<ele>387.553192</ele>
<time>2016-05-24T09:39:07.998Z</time>
</trkpt>
<trkpt lat="44.8542300" lon="8.9808600">
<ele>386.577850</ele>
<time>2016-05-24T09:39:17.001Z</time>
</trkpt>
<trkpt lat="44.8542800" lon="8.9807600">
<ele>384.657593</ele>
<time>2016-05-24T09:39:44.001Z</time>
</trkpt>
<trkpt lat="44.8543200" lon="8.9806400">
<ele>383.712738</ele>
<time>2016-05-24T09:39:57.997Z</time>
</trkpt>
<trkpt lat="44.8543700" lon="8.9805300">
<ele>384.169922</ele>
<time>2016-05-24T09:40:07.000Z</time>
</trkpt>
<trkpt lat="44.8544200" lon="8.9804000">
<ele>383.225067</ele>
<time>2016-05-24T09:40:16.997Z</time>
</trkpt>
<trkpt lat="44.8544720" lon="8.9802820">
<ele>382.737335</ele>
<time>2016-05-24T09:40:27.002Z</time>
</trkpt>
<trkpt lat="44.8545100" lon="8.9801750">
<ele>380.329468</ele>
<time>2016-05-24T09:40:35.003Z</time>
</trkpt>
<trkpt lat="44.8545200" lon="8.9800400">
<ele>379.384552</ele>
<time>2016-05-24T09:40:43.003Z</time>
</trkpt>
<trkpt lat="44.8545300" lon="8.9799200">
<ele>378.409210</ele>
<time>2016-05-24T09:40:51.004Z</time>
</trkpt>
<trkpt lat="44.8545300" lon="8.9797900">
<ele>377.464325</ele>
<time>2016-05-24T09:40:59.998Z</time>
</trkpt>
<trkpt lat="44.8545400" lon="8.9796600">
<ele>376.976654</ele>
<time>2016-05-24T09:41:09.001Z</time>
</trkpt>
<trkpt lat="44.8545400" lon="8.9795200">
<ele>376.001282</ele>
<time>2016-05-24T09:41:18.004Z</time>
</trkpt>
<trkpt lat="44.8545940" lon="8.9794670">
<ele>375.056396</ele>
<time>2016-05-24T09:41:26.998Z</time>
</trkpt>
<trkpt lat="44.8546400" lon="8.9795210">
<ele>375.056396</ele>
<time>2016-05-24T09:41:36.001Z</time>
</trkpt>
<trkpt lat="44.8547230" lon="8.9795850">
<ele>375.056396</ele>
<time>2016-05-24T09:41:45.997Z</time>
</trkpt>
<trkpt lat="44.8547920" lon="8.9796600">
<ele>375.056396</ele>
<time>2016-05-24T09:41:55.000Z</time>
</trkpt>
<trkpt lat="44.8548680" lon="8.9797140">
<ele>374.568726</ele>
<time>2016-05-24T09:42:04.997Z</time>
</trkpt>
<trkpt lat="44.8549520" lon="8.9798000">
<ele>374.081055</ele>
<time>2016-05-24T09:42:15.002Z</time>
</trkpt>
<trkpt lat="44.8550300" lon="8.9798400">
<ele>373.136139</ele>
<time>2016-05-24T09:42:23.003Z</time>
</trkpt>
<trkpt lat="44.8551100" lon="8.9799000">
<ele>372.648468</ele>
<time>2016-05-24T09:42:31.003Z</time>
</trkpt>
<trkpt lat="44.8552100" lon="8.9799300">
<ele>369.295685</ele>
<time>2016-05-24T09:42:39.004Z</time>
</trkpt>
<trkpt lat="44.8553100" lon="8.9799300">
<ele>367.375458</ele>
<time>2016-05-24T09:42:47.998Z</time>
</trkpt>
<trkpt lat="44.8554100" lon="8.9799300">
<ele>365.912415</ele>
<time>2016-05-24T09:42:55.999Z</time>
</trkpt>
<trkpt lat="44.8555100" lon="8.9799300">
<ele>364.967529</ele>
<time>2016-05-24T09:43:03.999Z</time>
</trkpt>
<trkpt lat="44.8556100" lon="8.9799300">
<ele>364.479858</ele>
<time>2016-05-24T09:43:12.000Z</time>
</trkpt>
<trkpt lat="44.8557000" lon="8.9799200">
<ele>363.047272</ele>
<time>2016-05-24T09:43:20.001Z</time>
</trkpt>
<trkpt lat="44.8557680" lon="8.9799710">
<ele>362.071930</ele>
<time>2016-05-24T09:43:33.997Z</time>
</trkpt>
<trkpt lat="44.8557800" lon="8.9800800">
<ele>362.559601</ele>
<time>2016-05-24T09:43:47.001Z</time>
</trkpt>
<trkpt lat="44.8558000" lon="8.9800700">
<ele>362.559601</ele>
<time>2016-05-24T09:45:50.000Z</time>
</trkpt>
<trkpt lat="44.8558000" lon="8.9801900">
<ele>363.047272</ele>
<time>2016-05-24T09:46:30.003Z</time>
</trkpt>
<trkpt lat="44.8558600" lon="8.9803000">
<ele>362.559601</ele>
<time>2016-05-24T09:46:38.997Z</time>
</trkpt>
<trkpt lat="44.8559400" lon="8.9803900">
<ele>362.071930</ele>
<time>2016-05-24T09:46:49.002Z</time>
</trkpt>
<trkpt lat="44.8560200" lon="8.9804600">
<ele>362.559601</ele>
<time>2016-05-24T09:47:00.001Z</time>
</trkpt>
<trkpt lat="44.8561200" lon="8.9805600">
<ele>361.584259</ele>
<time>2016-05-24T09:47:12.002Z</time>
</trkpt>
<trkpt lat="44.8561940" lon="8.9806030">
<ele>361.584259</ele>
<time>2016-05-24T09:47:24.003Z</time>
</trkpt>
<trkpt lat="44.8563010" lon="8.9806990">
<ele>362.071930</ele>
<time>2016-05-24T09:47:32.997Z</time>
</trkpt>
<trkpt lat="44.8564000" lon="8.9807850">
<ele>362.071930</ele>
<time>2016-05-24T09:47:43.996Z</time>
</trkpt>
<trkpt lat="44.8564920" lon="8.9808920">
<ele>362.559601</ele>
<time>2016-05-24T09:47:54.001Z</time>
</trkpt>
<trkpt lat="44.8565600" lon="8.9809990">
<ele>362.559601</ele>
<time>2016-05-24T09:48:06.002Z</time>
</trkpt>
<trkpt lat="44.8566370" lon="8.9811490">
<ele>360.639343</ele>
<time>2016-05-24T09:48:17.001Z</time>
</trkpt>
<trkpt lat="44.8566970" lon="8.9813100">
<ele>360.639343</ele>
<time>2016-05-24T09:48:26.997Z</time>
</trkpt>
<trkpt lat="44.8567360" lon="8.9814380">
<ele>360.151672</ele>
<time>2016-05-24T09:48:37.996Z</time>
</trkpt>
<trkpt lat="44.8567810" lon="8.9815780">
<ele>361.127045</ele>
<time>2016-05-24T09:48:49.997Z</time>
</trkpt>
<trkpt lat="44.8568100" lon="8.9817000">
<ele>361.584259</ele>
<time>2016-05-24T09:49:00.002Z</time>
</trkpt>
<trkpt lat="44.8569100" lon="8.9817000">
<ele>360.151672</ele>
<time>2016-05-24T09:49:08.996Z</time>
</trkpt>
<trkpt lat="44.8570200" lon="8.9817400">
<ele>359.176331</ele>
<time>2016-05-24T09:49:39.003Z</time>
</trkpt>
<trkpt lat="44.8571200" lon="8.9817900">
<ele>359.176331</ele>
<time>2016-05-24T09:49:51.004Z</time>
</trkpt>
<trkpt lat="44.8572100" lon="8.9818400">
<ele>359.176331</ele>
<time>2016-05-24T09:50:01.000Z</time>
</trkpt>
<trkpt lat="44.8573000" lon="8.9818800">
<ele>359.176331</ele>
<time>2016-05-24T09:50:10.003Z</time>
</trkpt>
<trkpt lat="44.8573900" lon="8.9819200">
<ele>359.664001</ele>
<time>2016-05-24T09:50:20.000Z</time>
</trkpt>
<trkpt lat="44.8574800" lon="8.9819700">
<ele>358.231445</ele>
<time>2016-05-24T09:50:29.003Z</time>
</trkpt>
<trkpt lat="44.8575500" lon="8.9820000">
<ele>355.823517</ele>
<time>2016-05-24T09:50:52.996Z</time>
</trkpt>
<trkpt lat="44.8576500" lon="8.9820600">
<ele>355.823517</ele>
<time>2016-05-24T09:51:03.001Z</time>
</trkpt>
<trkpt lat="44.8577300" lon="8.9821200">
<ele>356.311188</ele>
<time>2016-05-24T09:51:12.004Z</time>
</trkpt>
<trkpt lat="44.8578100" lon="8.9821800">
<ele>357.256073</ele>
<time>2016-05-24T09:51:22.000Z</time>
</trkpt>
<trkpt lat="44.8578900" lon="8.9822400">
<ele>357.743744</ele>
<time>2016-05-24T09:51:31.003Z</time>
</trkpt>
<trkpt lat="44.8579800" lon="8.9823000">
<ele>357.743744</ele>
<time>2016-05-24T09:51:39.997Z</time>
</trkpt>
<trkpt lat="44.8580700" lon="8.9823600">
<ele>357.256073</ele>
<time>2016-05-24T09:51:49.000Z</time>
</trkpt>
<trkpt lat="44.8581600" lon="8.9824400">
<ele>356.798859</ele>
<time>2016-05-24T09:51:58.003Z</time>
</trkpt>
<trkpt lat="44.8582400" lon="8.9825100">
<ele>356.798859</ele>
<time>2016-05-24T09:52:05.002Z</time>
</trkpt>
<trkpt lat="44.8583300" lon="8.9825800">
<ele>356.798859</ele>
<time>2016-05-24T09:52:13.002Z</time>
</trkpt>
<trkpt lat="44.8584100" lon="8.9826200">
<ele>356.311188</ele>
<time>2016-05-24T09:52:21.003Z</time>
</trkpt>
<trkpt lat="44.8585000" lon="8.9826300">
<ele>354.878662</ele>
<time>2016-05-24T09:52:29.004Z</time>
</trkpt>
<trkpt lat="44.8586000" lon="8.9826300">
<ele>352.470734</ele>
<time>2016-05-24T09:52:37.004Z</time>
</trkpt>
<trkpt lat="44.8586900" lon="8.9826300">
<ele>351.495331</ele>
<time>2016-05-24T09:52:44.996Z</time>
</trkpt>
<trkpt lat="44.8587900" lon="8.9826400">
<ele>351.007660</ele>
<time>2016-05-24T09:52:52.997Z</time>
</trkpt>
<trkpt lat="44.8588800" lon="8.9826600">
<ele>349.575134</ele>
<time>2016-05-24T09:53:00.997Z</time>
</trkpt>
<trkpt lat="44.8589800" lon="8.9827000">
<ele>348.142548</ele>
<time>2016-05-24T09:53:08.998Z</time>
</trkpt>
<trkpt lat="44.8590800" lon="8.9827200">
<ele>347.167206</ele>
<time>2016-05-24T09:53:16.999Z</time>
</trkpt>
<trkpt lat="44.8591600" lon="8.9827500">
<ele>346.679535</ele>
<time>2016-05-24T09:53:24.999Z</time>
</trkpt>
<trkpt lat="44.8592600" lon="8.9827700">
<ele>344.302063</ele>
<time>2016-05-24T09:53:34.002Z</time>
</trkpt>
<trkpt lat="44.8593600" lon="8.9827800">
<ele>342.381866</ele>
<time>2016-05-24T09:53:45.001Z</time>
</trkpt>
<trkpt lat="44.8594490" lon="8.9827980">
<ele>340.918793</ele>
<time>2016-05-24T09:53:54.004Z</time>
</trkpt>
<trkpt lat="44.8595560" lon="8.9827980">
<ele>340.431122</ele>
<time>2016-05-24T09:54:01.996Z</time>
</trkpt>
<trkpt lat="44.8596550" lon="8.9827450">
<ele>338.510864</ele>
<time>2016-05-24T09:54:12.001Z</time>
</trkpt>
<trkpt lat="44.8597460" lon="8.9827230">
<ele>335.645752</ele>
<time>2016-05-24T09:54:23.000Z</time>
</trkpt>
<trkpt lat="44.8598070" lon="8.9827130">
<ele>331.317596</ele>
<time>2016-05-24T09:54:35.001Z</time>
</trkpt>
<trkpt lat="44.8599000" lon="8.9826400">
<ele>328.909668</ele>
<time>2016-05-24T09:54:47.002Z</time>
</trkpt>
<trkpt lat="44.8600100" lon="8.9826600">
<ele>327.477142</ele>
<time>2016-05-24T09:55:00.998Z</time>
</trkpt>
<trkpt lat="44.8601000" lon="8.9826600">
<ele>326.989441</ele>
<time>2016-05-24T09:55:08.999Z</time>
</trkpt>
<trkpt lat="44.8601800" lon="8.9826480">
<ele>324.581512</ele>
<time>2016-05-24T09:55:17.000Z</time>
</trkpt>
<trkpt lat="44.8603020" lon="8.9826480">
<ele>321.685913</ele>
<time>2016-05-24T09:55:42.004Z</time>
</trkpt>
<trkpt lat="44.8603800" lon="8.9826600">
<ele>319.308472</ele>
<time>2016-05-24T09:55:54.998Z</time>
</trkpt>
<trkpt lat="44.8604700" lon="8.9826500">
<ele>316.900543</ele>
<time>2016-05-24T09:56:06.999Z</time>
</trkpt>
<trkpt lat="44.8605600" lon="8.9826300">
<ele>313.517273</ele>
<time>2016-05-24T09:56:19.000Z</time>
</trkpt>
<trkpt lat="44.8606400" lon="8.9826400">
<ele>310.652161</ele>
<time>2016-05-24T09:56:32.997Z</time>
</trkpt>
<trkpt lat="44.8607400" lon="8.9826100">
<ele>307.268860</ele>
<time>2016-05-24T09:56:43.002Z</time>
</trkpt>
<trkpt lat="44.8608300" lon="8.9826000">
<ele>306.324005</ele>
<time>2016-05-24T09:56:51.996Z</time>
</trkpt>
<trkpt lat="44.8609200" lon="8.9825900">
<ele>303.916077</ele>
<time>2016-05-24T09:57:03.997Z</time>
</trkpt>
<trkpt lat="44.8610000" lon="8.9826400">
<ele>301.020477</ele>
<time>2016-05-24T09:57:14.996Z</time>
</trkpt>
<trkpt lat="44.8610400" lon="8.9827700">
<ele>300.563263</ele>
<time>2016-05-24T09:57:22.997Z</time>
</trkpt>
<trkpt lat="44.8610800" lon="8.9828800">
<ele>300.075592</ele>
<time>2016-05-24T09:57:32.000Z</time>
</trkpt>
<trkpt lat="44.8611500" lon="8.9829900">
<ele>299.100250</ele>
<time>2016-05-24T09:58:09.998Z</time>
</trkpt>
<trkpt lat="44.8612200" lon="8.9828800">
<ele>299.587921</ele>
<time>2016-05-24T09:58:20.997Z</time>
</trkpt>
<trkpt lat="44.8611900" lon="8.9827400">
<ele>299.100250</ele>
<time>2016-05-24T09:58:30.000Z</time>
</trkpt>
<trkpt lat="44.8611600" lon="8.9826100">
<ele>299.100250</ele>
<time>2016-05-24T09:58:39.003Z</time>
</trkpt>
<trkpt lat="44.8611400" lon="8.9824800">
<ele>300.075592</ele>
<time>2016-05-24T09:58:50.002Z</time>
</trkpt>
<trkpt lat="44.8611900" lon="8.9823800">
<ele>300.563263</ele>
<time>2016-05-24T09:58:59.998Z</time>
</trkpt>
<trkpt lat="44.8612600" lon="8.9822900">
<ele>301.508179</ele>
<time>2016-05-24T09:59:09.001Z</time>
</trkpt>
<trkpt lat="44.8613300" lon="8.9822000">
<ele>301.995850</ele>
<time>2016-05-24T09:59:18.997Z</time>
</trkpt>
<trkpt lat="44.8614000" lon="8.9821200">
<ele>302.483521</ele>
<time>2016-05-24T09:59:29.003Z</time>
</trkpt>
<trkpt lat="44.8614530" lon="8.9820260">
<ele>302.940735</ele>
<time>2016-05-24T09:59:40.001Z</time>
</trkpt>
<trkpt lat="44.8615100" lon="8.9819300">
<ele>304.403778</ele>
<time>2016-05-24T09:59:51.000Z</time>
</trkpt>
<trkpt lat="44.8615900" lon="8.9818800">
<ele>304.403778</ele>
<time>2016-05-24T10:00:00.996Z</time>
</trkpt>
<trkpt lat="44.8616800" lon="8.9818400">
<ele>307.268860</ele>
<time>2016-05-24T10:00:12.997Z</time>
</trkpt>
<trkpt lat="44.8617800" lon="8.9818000">
<ele>310.164459</ele>
<time>2016-05-24T10:00:24.998Z</time>
</trkpt>
<trkpt lat="44.8618700" lon="8.9817600">
<ele>311.597046</ele>
<time>2016-05-24T10:00:35.997Z</time>
</trkpt>
<trkpt lat="44.8619500" lon="8.9816900">
<ele>312.084717</ele>
<time>2016-05-24T10:00:46.996Z</time>
</trkpt>
<trkpt lat="44.8620300" lon="8.9816300">
<ele>314.492645</ele>
<time>2016-05-24T10:00:58.003Z</time>
</trkpt>
<trkpt lat="44.8621240" lon="8.9815440">
<ele>315.437531</ele>
<time>2016-05-24T10:01:09.002Z</time>
</trkpt>
<trkpt lat="44.8622000" lon="8.9815000">
<ele>317.845459</ele>
<time>2016-05-24T10:01:21.996Z</time>
</trkpt>
<trkpt lat="44.8622800" lon="8.9814400">
<ele>320.253357</ele>
<time>2016-05-24T10:01:39.000Z</time>
</trkpt>
<trkpt lat="44.8623700" lon="8.9813900">
<ele>320.741058</ele>
<time>2016-05-24T10:01:48.996Z</time>
</trkpt>
<trkpt lat="44.8624600" lon="8.9813400">
<ele>321.685913</ele>
<time>2016-05-24T10:01:59.002Z</time>
</trkpt>
<trkpt lat="44.8625400" lon="8.9813000">
<ele>322.661285</ele>
<time>2016-05-24T10:02:08.998Z</time>
</trkpt>
<trkpt lat="44.8626300" lon="8.9812600">
<ele>322.661285</ele>
<time>2016-05-24T10:02:19.003Z</time>
</trkpt>
<trkpt lat="44.8627200" lon="8.9812100">
<ele>323.606140</ele>
<time>2016-05-24T10:02:29.000Z</time>
</trkpt>
<trkpt lat="44.8628100" lon="8.9811700">
<ele>326.014069</ele>
<time>2016-05-24T10:02:41.001Z</time>
</trkpt>
<trkpt lat="44.8629000" lon="8.9811300">
<ele>328.421997</ele>
<time>2016-05-24T10:02:54.004Z</time>
</trkpt>
<trkpt lat="44.8629900" lon="8.9810900">
<ele>329.397339</ele>
<time>2016-05-24T10:03:05.996Z</time>
</trkpt>
<trkpt lat="44.8630700" lon="8.9810400">
<ele>330.342255</ele>
<time>2016-05-24T10:03:18.999Z</time>
</trkpt>
<trkpt lat="44.8631600" lon="8.9810100">
<ele>332.750153</ele>
<time>2016-05-24T10:03:29.998Z</time>
</trkpt>
<trkpt lat="44.8632500" lon="8.9809600">
<ele>334.670410</ele>
<time>2016-05-24T10:03:43.001Z</time>
</trkpt>
<trkpt lat="44.8633050" lon="8.9808790">
<ele>337.078339</ele>
<time>2016-05-24T10:03:55.002Z</time>
</trkpt>
<trkpt lat="44.8633280" lon="8.9807830">
<ele>336.590668</ele>
<time>2016-05-24T10:04:22.002Z</time>
</trkpt>
<trkpt lat="44.8633660" lon="8.9806320">
<ele>338.510864</ele>
<time>2016-05-24T10:04:34.003Z</time>
</trkpt>
<trkpt lat="44.8634110" lon="8.9805150">
<ele>339.973938</ele>
<time>2016-05-24T10:04:45.002Z</time>
</trkpt>
<trkpt lat="44.8634200" lon="8.9804500">
<ele>341.894135</ele>
<time>2016-05-24T10:04:54.998Z</time>
</trkpt>
<trkpt lat="44.8635100" lon="8.9804200">
<ele>341.894135</ele>
<time>2016-05-24T10:05:05.997Z</time>
</trkpt>
<trkpt lat="44.8636000" lon="8.9803800">
<ele>342.381866</ele>
<time>2016-05-24T10:05:17.998Z</time>
</trkpt>
<trkpt lat="44.8637000" lon="8.9803300">
<ele>343.814392</ele>
<time>2016-05-24T10:05:28.997Z</time>
</trkpt>
<trkpt lat="44.8637770" lon="8.9802680">
<ele>344.302063</ele>
<time>2016-05-24T10:05:39.002Z</time>
</trkpt>
<trkpt lat="44.8638600" lon="8.9802300">
<ele>345.734650</ele>
<time>2016-05-24T10:05:48.998Z</time>
</trkpt>
<trkpt lat="44.8639100" lon="8.9801600">
<ele>345.734650</ele>
<time>2016-05-24T10:06:10.002Z</time>
</trkpt>
<trkpt lat="44.8640100" lon="8.9801300">
<ele>347.167206</ele>
<time>2016-05-24T10:06:26.004Z</time>
</trkpt>
<trkpt lat="44.8641000" lon="8.9800800">
<ele>348.630249</ele>
<time>2016-05-24T10:06:37.002Z</time>
</trkpt>
<trkpt lat="44.8641800" lon="8.9800400">
<ele>349.575134</ele>
<time>2016-05-24T10:06:46.999Z</time>
</trkpt>
<trkpt lat="44.8642700" lon="8.9799900">
<ele>350.550476</ele>
<time>2016-05-24T10:06:57.997Z</time>
</trkpt>
<trkpt lat="44.8643600" lon="8.9799400">
<ele>351.495331</ele>
<time>2016-05-24T10:07:08.003Z</time>
</trkpt>
<trkpt lat="44.8644400" lon="8.9798610">
<ele>351.983063</ele>
<time>2016-05-24T10:07:17.999Z</time>
</trkpt>
<trkpt lat="44.8645320" lon="8.9798070">
<ele>353.415588</ele>
<time>2016-05-24T10:07:28.004Z</time>
</trkpt>
<trkpt lat="44.8646230" lon="8.9797530">
<ele>355.823517</ele>
<time>2016-05-24T10:07:39.003Z</time>
</trkpt>
<trkpt lat="44.8647070" lon="8.9797000">
<ele>357.743744</ele>
<time>2016-05-24T10:07:51.004Z</time>
</trkpt>
<trkpt lat="44.8648060" lon="8.9796250">
<ele>359.664001</ele>
<time>2016-05-24T10:08:03.998Z</time>
</trkpt>
<trkpt lat="44.8648900" lon="8.9795920">
<ele>361.127045</ele>
<time>2016-05-24T10:08:15.999Z</time>
</trkpt>
<trkpt lat="44.8649700" lon="8.9795800">
<ele>362.071930</ele>
<time>2016-05-24T10:08:28.000Z</time>
</trkpt>
<trkpt lat="44.8650600" lon="8.9795600">
<ele>363.504486</ele>
<time>2016-05-24T10:08:52.002Z</time>
</trkpt>
<trkpt lat="44.8650200" lon="8.9795200">
<ele>363.504486</ele>
<time>2016-05-24T10:09:45.000Z</time>
</trkpt>
<trkpt lat="44.8650570" lon="8.9795820">
<ele>363.504486</ele>
<time>2016-05-24T10:11:04.004Z</time>
</trkpt>
<trkpt lat="44.8651030" lon="8.9797210">
<ele>363.504486</ele>
<time>2016-05-24T10:11:20.999Z</time>
</trkpt>
<trkpt lat="44.8651410" lon="8.9798280">
<ele>363.504486</ele>
<time>2016-05-24T10:11:33.000Z</time>
</trkpt>
<trkpt lat="44.8651870" lon="8.9799670">
<ele>363.992157</ele>
<time>2016-05-24T10:11:43.999Z</time>
</trkpt>
<trkpt lat="44.8652170" lon="8.9800850">
<ele>363.992157</ele>
<time>2016-05-24T10:11:53.002Z</time>
</trkpt>
<trkpt lat="44.8652780" lon="8.9802030">
<ele>364.479858</ele>
<time>2016-05-24T10:12:01.002Z</time>
</trkpt>
<trkpt lat="44.8653170" lon="8.9803210">
<ele>363.992157</ele>
<time>2016-05-24T10:12:09.003Z</time>
</trkpt>
<trkpt lat="44.8653620" lon="8.9804500">
<ele>364.967529</ele>
<time>2016-05-24T10:12:17.004Z</time>
</trkpt>
<trkpt lat="44.8654000" lon="8.9805780">
<ele>364.967529</ele>
<time>2016-05-24T10:12:25.004Z</time>
</trkpt>
<trkpt lat="44.8654400" lon="8.9806500">
<ele>364.479858</ele>
<time>2016-05-24T10:12:32.996Z</time>
</trkpt>
<trkpt lat="44.8654690" lon="8.9807710">
<ele>364.967529</ele>
<time>2016-05-24T10:12:40.997Z</time>
</trkpt>
<trkpt lat="44.8654920" lon="8.9809000">
<ele>364.479858</ele>
<time>2016-05-24T10:12:48.997Z</time>
</trkpt>
<trkpt lat="44.8655220" lon="8.9810280">
<ele>364.967529</ele>
<time>2016-05-24T10:12:56.998Z</time>
</trkpt>
<trkpt lat="44.8655530" lon="8.9811350">
<ele>365.424713</ele>
<time>2016-05-24T10:13:04.999Z</time>
</trkpt>
<trkpt lat="44.8655760" lon="8.9812750">
<ele>365.424713</ele>
<time>2016-05-24T10:13:12.999Z</time>
</trkpt>
<trkpt lat="44.8655990" lon="8.9814250">
<ele>365.912415</ele>
<time>2016-05-24T10:13:21.000Z</time>
</trkpt>
<trkpt lat="44.8656290" lon="8.9815860">
<ele>366.400085</ele>
<time>2016-05-24T10:13:29.001Z</time>
</trkpt>
<trkpt lat="44.8656520" lon="8.9817030">
<ele>366.887756</ele>
<time>2016-05-24T10:13:37.001Z</time>
</trkpt>
<trkpt lat="44.8656750" lon="8.9818320">
<ele>367.832642</ele>
<time>2016-05-24T10:13:45.002Z</time>
</trkpt>
<trkpt lat="44.8656900" lon="8.9819500">
<ele>367.375458</ele>
<time>2016-05-24T10:13:53.003Z</time>
</trkpt>
<trkpt lat="44.8657130" lon="8.9820680">
<ele>366.400085</ele>
<time>2016-05-24T10:14:08.002Z</time>
</trkpt>
<trkpt lat="44.8657440" lon="8.9822180">
<ele>366.400085</ele>
<time>2016-05-24T10:14:16.002Z</time>
</trkpt>
<trkpt lat="44.8657740" lon="8.9823570">
<ele>365.912415</ele>
<time>2016-05-24T10:14:24.003Z</time>
</trkpt>
<trkpt lat="44.8658120" lon="8.9825180">
<ele>364.967529</ele>
<time>2016-05-24T10:14:32.004Z</time>
</trkpt>
<trkpt lat="44.8658600" lon="8.9825500">
<ele>364.967529</ele>
<time>2016-05-24T10:14:40.004Z</time>
</trkpt>
<trkpt lat="44.8659600" lon="8.9826300">
<ele>363.992157</ele>
<time>2016-05-24T10:15:02.002Z</time>
</trkpt>
<trkpt lat="44.8660500" lon="8.9826800">
<ele>363.992157</ele>
<time>2016-05-24T10:15:10.996Z</time>
</trkpt>
<trkpt lat="44.8661300" lon="8.9827400">
<ele>363.047272</ele>
<time>2016-05-24T10:15:18.996Z</time>
</trkpt>
<trkpt lat="44.8662200" lon="8.9828000">
<ele>363.047272</ele>
<time>2016-05-24T10:15:26.997Z</time>
</trkpt>
<trkpt lat="44.8663100" lon="8.9828500">
<ele>363.047272</ele>
<time>2016-05-24T10:15:34.998Z</time>
</trkpt>
<trkpt lat="44.8664000" lon="8.9828800">
<ele>361.584259</ele>
<time>2016-05-24T10:15:42.998Z</time>
</trkpt>
<trkpt lat="44.8665000" lon="8.9829000">
<ele>362.071930</ele>
<time>2016-05-24T10:15:50.999Z</time>
</trkpt>
<trkpt lat="44.8665900" lon="8.9828930">
<ele>361.127045</ele>
<time>2016-05-24T10:15:59.000Z</time>
</trkpt>
<trkpt lat="44.8666960" lon="8.9829030">
<ele>362.071930</ele>
<time>2016-05-24T10:16:07.000Z</time>
</trkpt>
<trkpt lat="44.8668030" lon="8.9828930">
<ele>361.127045</ele>
<time>2016-05-24T10:16:15.001Z</time>
</trkpt>
<trkpt lat="44.8669020" lon="8.9828930">
<ele>361.127045</ele>
<time>2016-05-24T10:16:23.002Z</time>
</trkpt>
<trkpt lat="44.8670090" lon="8.9828710">
<ele>360.151672</ele>
<time>2016-05-24T10:16:31.002Z</time>
</trkpt>
<trkpt lat="44.8670930" lon="8.9828180">
<ele>359.176331</ele>
<time>2016-05-24T10:16:38.001Z</time>
</trkpt>
<trkpt lat="44.8671760" lon="8.9827320">
<ele>358.231445</ele>
<time>2016-05-24T10:16:46.001Z</time>
</trkpt>
<trkpt lat="44.8672600" lon="8.9826250">
<ele>356.311188</ele>
<time>2016-05-24T10:16:54.002Z</time>
</trkpt>
<trkpt lat="44.8673300" lon="8.9826100">
<ele>354.878662</ele>
<time>2016-05-24T10:17:02.003Z</time>
</trkpt>
<trkpt lat="44.8674130" lon="8.9826780">
<ele>353.903259</ele>
<time>2016-05-24T10:17:11.999Z</time>
</trkpt>
<trkpt lat="44.8674660" lon="8.9827320">
<ele>352.470734</ele>
<time>2016-05-24T10:17:22.998Z</time>
</trkpt>
<trkpt lat="44.8675420" lon="8.9828280">
<ele>351.983063</ele>
<time>2016-05-24T10:17:30.998Z</time>
</trkpt>
<trkpt lat="44.8676100" lon="8.9828900">
<ele>350.550476</ele>
<time>2016-05-24T10:17:37.997Z</time>
</trkpt>
<trkpt lat="44.8676900" lon="8.9829600">
<ele>349.087463</ele>
<time>2016-05-24T10:17:45.004Z</time>
</trkpt>
<trkpt lat="44.8677800" lon="8.9830000">
<ele>348.142548</ele>
<time>2016-05-24T10:17:52.996Z</time>
</trkpt>
<trkpt lat="44.8678780" lon="8.9830210">
<ele>347.654877</ele>
<time>2016-05-24T10:18:01.999Z</time>
</trkpt>
<trkpt lat="44.8679770" lon="8.9830750">
<ele>346.679535</ele>
<time>2016-05-24T10:18:09.999Z</time>
</trkpt>
<trkpt lat="44.8680700" lon="8.9831100">
<ele>346.222321</ele>
<time>2016-05-24T10:18:18.000Z</time>
</trkpt>
<trkpt lat="44.8681700" lon="8.9831400">
<ele>345.246948</ele>
<time>2016-05-24T10:18:26.001Z</time>
</trkpt>
<trkpt lat="44.8682700" lon="8.9831700">
<ele>345.246948</ele>
<time>2016-05-24T10:18:32.999Z</time>
</trkpt>
<trkpt lat="44.8683700" lon="8.9831900">
<ele>344.302063</ele>
<time>2016-05-24T10:18:41.000Z</time>
</trkpt>
<trkpt lat="44.8684700" lon="8.9832200">
<ele>344.302063</ele>
<time>2016-05-24T10:18:49.000Z</time>
</trkpt>
<trkpt lat="44.8685640" lon="8.9832780">
<ele>344.759277</ele>
<time>2016-05-24T10:18:57.001Z</time>
</trkpt>
<trkpt lat="44.8686400" lon="8.9833320">
<ele>344.759277</ele>
<time>2016-05-24T10:19:05.002Z</time>
</trkpt>
<trkpt lat="44.8687160" lon="8.9834390">
<ele>344.302063</ele>
<time>2016-05-24T10:19:13.002Z</time>
</trkpt>
<trkpt lat="44.8687850" lon="8.9835570">
<ele>344.302063</ele>
<time>2016-05-24T10:19:21.003Z</time>
</trkpt>
<trkpt lat="44.8688400" lon="8.9836100">
<ele>344.302063</ele>
<time>2016-05-24T10:19:29.997Z</time>
</trkpt>
<trkpt lat="44.8689070" lon="8.9837280">
<ele>343.814392</ele>
<time>2016-05-24T10:19:37.998Z</time>
</trkpt>
<trkpt lat="44.8689700" lon="8.9838200">
<ele>345.246948</ele>
<time>2016-05-24T10:19:45.998Z</time>
</trkpt>
<trkpt lat="44.8690440" lon="8.9839320">
<ele>344.759277</ele>
<time>2016-05-24T10:19:52.003Z</time>
</trkpt>
<trkpt lat="44.8691200" lon="8.9839850">
<ele>343.814392</ele>
<time>2016-05-24T10:20:00.004Z</time>
</trkpt>
<trkpt lat="44.8692000" lon="8.9839400">
<ele>342.381866</ele>
<time>2016-05-24T10:20:07.002Z</time>
</trkpt>
<trkpt lat="44.8693000" lon="8.9839000">
<ele>341.894135</ele>
<time>2016-05-24T10:20:15.003Z</time>
</trkpt>
<trkpt lat="44.8693900" lon="8.9838600">
<ele>339.486267</ele>
<time>2016-05-24T10:20:22.001Z</time>
</trkpt>
<trkpt lat="44.8694700" lon="8.9838300">
<ele>338.998535</ele>
<time>2016-05-24T10:20:29.000Z</time>
</trkpt>
<trkpt lat="44.8695540" lon="8.9837710">
<ele>337.566010</ele>
<time>2016-05-24T10:20:37.000Z</time>
</trkpt>
<trkpt lat="44.8696080" lon="8.9836210">
<ele>336.102936</ele>
<time>2016-05-24T10:20:45.001Z</time>
</trkpt>
<trkpt lat="44.8696690" lon="8.9834920">
<ele>334.670410</ele>
<time>2016-05-24T10:20:53.002Z</time>
</trkpt>
<trkpt lat="44.8697600" lon="8.9834170">
<ele>334.182739</ele>
<time>2016-05-24T10:21:01.002Z</time>
</trkpt>
<trkpt lat="44.8698290" lon="8.9833530">
<ele>332.750153</ele>
<time>2016-05-24T10:21:09.003Z</time>
</trkpt>
<trkpt lat="44.8698970" lon="8.9832780">
<ele>331.805267</ele>
<time>2016-05-24T10:21:17.004Z</time>
</trkpt>
<trkpt lat="44.8699700" lon="8.9832100">
<ele>330.829926</ele>
<time>2016-05-24T10:21:27.000Z</time>
</trkpt>
<trkpt lat="44.8700500" lon="8.9831200">
<ele>329.397339</ele>
<time>2016-05-24T10:21:36.003Z</time>
</trkpt>
<trkpt lat="44.8701300" lon="8.9830300">
<ele>327.477142</ele>
<time>2016-05-24T10:22:00.998Z</time>
</trkpt>
<trkpt lat="44.8702000" lon="8.9829500">
<ele>325.556885</ele>
<time>2016-05-24T10:22:10.001Z</time>
</trkpt>
<trkpt lat="44.8702800" lon="8.9828500">
<ele>324.581512</ele>
<time>2016-05-24T10:22:18.002Z</time>
</trkpt>
<trkpt lat="44.8703500" lon="8.9827700">
<ele>323.606140</ele>
<time>2016-05-24T10:22:26.003Z</time>
</trkpt>
<trkpt lat="44.8704200" lon="8.9827000">
<ele>322.173615</ele>
<time>2016-05-24T10:22:34.003Z</time>
</trkpt>
<trkpt lat="44.8705000" lon="8.9826100">
<ele>320.741058</ele>
<time>2016-05-24T10:22:42.997Z</time>
</trkpt>
<trkpt lat="44.8705800" lon="8.9825200">
<ele>318.333130</ele>
<time>2016-05-24T10:22:52.000Z</time>
</trkpt>
<trkpt lat="44.8706600" lon="8.9824400">
<ele>316.412872</ele>
<time>2016-05-24T10:23:01.003Z</time>
</trkpt>
<trkpt lat="44.8707400" lon="8.9823700">
<ele>314.492645</ele>
<time>2016-05-24T10:23:09.997Z</time>
</trkpt>
<trkpt lat="44.8708100" lon="8.9822900">
<ele>313.517273</ele>
<time>2016-05-24T10:23:17.998Z</time>
</trkpt>
<trkpt lat="44.8708900" lon="8.9822100">
<ele>312.084717</ele>
<time>2016-05-24T10:23:25.999Z</time>
</trkpt>
<trkpt lat="44.8709700" lon="8.9821200">
<ele>310.164459</ele>
<time>2016-05-24T10:23:33.999Z</time>
</trkpt>
<trkpt lat="44.8710400" lon="8.9820300">
<ele>309.676788</ele>
<time>2016-05-24T10:23:42.000Z</time>
</trkpt>
<trkpt lat="44.8711200" lon="8.9819700">
<ele>308.244232</ele>
<time>2016-05-24T10:23:50.001Z</time>
</trkpt>
<trkpt lat="44.8712200" lon="8.9819800">
<ele>307.268860</ele>
<time>2016-05-24T10:23:59.004Z</time>
</trkpt>
<trkpt lat="44.8712540" lon="8.9820660">
<ele>306.324005</ele>
<time>2016-05-24T10:24:25.001Z</time>
</trkpt>
<trkpt lat="44.8712840" lon="8.9821840">
<ele>305.836334</ele>
<time>2016-05-24T10:24:34.004Z</time>
</trkpt>
<trkpt lat="44.8713150" lon="8.9823020">
<ele>305.836334</ele>
<time>2016-05-24T10:24:41.003Z</time>
</trkpt>
<trkpt lat="44.8713370" lon="8.9824410">
<ele>305.348633</ele>
<time>2016-05-24T10:24:48.001Z</time>
</trkpt>
<trkpt lat="44.8713600" lon="8.9825590">
<ele>305.348633</ele>
<time>2016-05-24T10:24:56.002Z</time>
</trkpt>
<trkpt lat="44.8713980" lon="8.9826880">
<ele>305.348633</ele>
<time>2016-05-24T10:25:04.002Z</time>
</trkpt>
<trkpt lat="44.8714400" lon="8.9828100">
<ele>305.836334</ele>
<time>2016-05-24T10:25:12.003Z</time>
</trkpt>
<trkpt lat="44.8714440" lon="8.9829560">
<ele>304.860962</ele>
<time>2016-05-24T10:25:24.997Z</time>
</trkpt>
<trkpt lat="44.8714700" lon="8.9830700">
<ele>304.860962</ele>
<time>2016-05-24T10:25:32.998Z</time>
</trkpt>
<trkpt lat="44.8714670" lon="8.9832130">
<ele>304.403778</ele>
<time>2016-05-24T10:25:40.999Z</time>
</trkpt>
<trkpt lat="44.8714700" lon="8.9833400">
<ele>303.916077</ele>
<time>2016-05-24T10:25:48.999Z</time>
</trkpt>
<trkpt lat="44.8714500" lon="8.9834700">
<ele>303.428406</ele>
<time>2016-05-24T10:25:57.000Z</time>
</trkpt>
<trkpt lat="44.8714200" lon="8.9835900">
<ele>302.940735</ele>
<time>2016-05-24T10:26:05.001Z</time>
</trkpt>
<trkpt lat="44.8713990" lon="8.9838350">
<ele>301.995850</ele>
<time>2016-05-24T10:26:14.004Z</time>
</trkpt>
<trkpt lat="44.8714600" lon="8.9838240">
<ele>300.563263</ele>
<time>2016-05-24T10:26:22.004Z</time>
</trkpt>
<trkpt lat="44.8715510" lon="8.9837600">
<ele>301.020477</ele>
<time>2016-05-24T10:26:29.996Z</time>
</trkpt>
<trkpt lat="44.8716400" lon="8.9836600">
<ele>298.155365</ele>
<time>2016-05-24T10:26:37.997Z</time>
</trkpt>
<trkpt lat="44.8717300" lon="8.9836300">
<ele>297.179993</ele>
<time>2016-05-24T10:26:45.997Z</time>
</trkpt>
<trkpt lat="44.8718020" lon="8.9836630">
<ele>297.667664</ele>
<time>2016-05-24T10:26:53.998Z</time>
</trkpt>
<trkpt lat="44.8718410" lon="8.9837700">
<ele>295.747437</ele>
<time>2016-05-24T10:27:01.999Z</time>
</trkpt>
<trkpt lat="44.8718600" lon="8.9839000">
<ele>295.259766</ele>
<time>2016-05-24T10:27:11.002Z</time>
</trkpt>
<trkpt lat="44.8718710" lon="8.9840060">
<ele>293.827209</ele>
<time>2016-05-24T10:27:19.002Z</time>
</trkpt>
<trkpt lat="44.8719170" lon="8.9841450">
<ele>293.827209</ele>
<time>2016-05-24T10:27:27.003Z</time>
</trkpt>
<trkpt lat="44.8720010" lon="8.9842740">
<ele>291.419281</ele>
<time>2016-05-24T10:27:35.997Z</time>
</trkpt>
<trkpt lat="44.8720620" lon="8.9843920">
<ele>289.986725</ele>
<time>2016-05-24T10:28:09.002Z</time>
</trkpt>
<trkpt lat="44.8721230" lon="8.9844880">
<ele>289.986725</ele>
<time>2016-05-24T10:28:17.003Z</time>
</trkpt>
<trkpt lat="44.8721700" lon="8.9845100">
<ele>288.523682</ele>
<time>2016-05-24T10:28:25.003Z</time>
</trkpt>
<trkpt lat="44.8722520" lon="8.9845310">
<ele>288.066467</ele>
<time>2016-05-24T10:28:33.997Z</time>
</trkpt>
<trkpt lat="44.8723360" lon="8.9845100">
<ele>286.115753</ele>
<time>2016-05-24T10:28:41.998Z</time>
</trkpt>
<trkpt lat="44.8724280" lon="8.9844880">
<ele>284.683197</ele>
<time>2016-05-24T10:28:49.999Z</time>
</trkpt>
<trkpt lat="44.8725190" lon="8.9844670">
<ele>284.195526</ele>
<time>2016-05-24T10:28:59.002Z</time>
</trkpt>
<trkpt lat="44.8726100" lon="8.9845000">
<ele>283.738342</ele>
<time>2016-05-24T10:29:11.003Z</time>
</trkpt>
<trkpt lat="44.8727100" lon="8.9844800">
<ele>282.762970</ele>
<time>2016-05-24T10:29:34.002Z</time>
</trkpt>
<trkpt lat="44.8728300" lon="8.9844900">
<ele>281.818085</ele>
<time>2016-05-24T10:29:42.996Z</time>
</trkpt>
<trkpt lat="44.8729200" lon="8.9845100">
<ele>280.355042</ele>
<time>2016-05-24T10:29:50.004Z</time>
</trkpt>
<trkpt lat="44.8730100" lon="8.9845100">
<ele>279.410156</ele>
<time>2016-05-24T10:29:57.002Z</time>
</trkpt>
<trkpt lat="44.8731000" lon="8.9845000">
<ele>278.434814</ele>
<time>2016-05-24T10:30:10.999Z</time>
</trkpt>
<trkpt lat="44.8732050" lon="8.9844880">
<ele>277.002228</ele>
<time>2016-05-24T10:30:18.999Z</time>
</trkpt>
<trkpt lat="44.8733190" lon="8.9844660">
<ele>276.514557</ele>
<time>2016-05-24T10:30:27.000Z</time>
</trkpt>
<trkpt lat="44.8734030" lon="8.9844450">
<ele>275.569672</ele>
<time>2016-05-24T10:30:35.001Z</time>
</trkpt>
<trkpt lat="44.8734790" lon="8.9844450">
<ele>274.594330</ele>
<time>2016-05-24T10:30:43.001Z</time>
</trkpt>
<trkpt lat="44.8735550" lon="8.9844450">
<ele>273.618958</ele>
<time>2016-05-24T10:30:52.004Z</time>
</trkpt>
<trkpt lat="44.8736240" lon="8.9844560">
<ele>273.161774</ele>
<time>2016-05-24T10:31:00.998Z</time>
</trkpt>
<trkpt lat="44.8736700" lon="8.9844560">
<ele>273.161774</ele>
<time>2016-05-24T10:36:00.003Z</time>
</trkpt>
<trkpt lat="44.8737500" lon="8.9844900">
<ele>273.161774</ele>
<time>2016-05-24T10:36:20.998Z</time>
</trkpt>
<trkpt lat="44.8738400" lon="8.9845300">
<ele>271.698730</ele>
<time>2016-05-24T10:36:28.999Z</time>
</trkpt>
<trkpt lat="44.8739400" lon="8.9845800">
<ele>270.753845</ele>
<time>2016-05-24T10:36:39.997Z</time>
</trkpt>
<trkpt lat="44.8740400" lon="8.9846300">
<ele>269.778473</ele>
<time>2016-05-24T10:36:50.996Z</time>
</trkpt>
<trkpt lat="44.8741300" lon="8.9846700">
<ele>268.345917</ele>
<time>2016-05-24T10:36:57.001Z</time>
</trkpt>
<trkpt lat="44.8742200" lon="8.9847100">
<ele>268.833588</ele>
<time>2016-05-24T10:37:02.997Z</time>
</trkpt>
<trkpt lat="44.8743000" lon="8.9847700">
<ele>267.858246</ele>
<time>2016-05-24T10:37:09.002Z</time>
</trkpt>
<trkpt lat="44.8743900" lon="8.9848300">
<ele>267.370575</ele>
<time>2016-05-24T10:37:16.000Z</time>
</trkpt>
<trkpt lat="44.8744780" lon="8.9848630">
<ele>265.937988</ele>
<time>2016-05-24T10:37:22.999Z</time>
</trkpt>
<trkpt lat="44.8745610" lon="8.9848840">
<ele>264.505432</ele>
<time>2016-05-24T10:37:29.997Z</time>
</trkpt>
<trkpt lat="44.8746600" lon="8.9848700">
<ele>261.609833</ele>
<time>2016-05-24T10:37:37.998Z</time>
</trkpt>
<trkpt lat="44.8747100" lon="8.9847500">
<ele>259.689606</ele>
<time>2016-05-24T10:37:45.998Z</time>
</trkpt>
<trkpt lat="44.8747140" lon="8.9845840">
<ele>258.744720</ele>
<time>2016-05-24T10:37:53.999Z</time>
</trkpt>
<trkpt lat="44.8747210" lon="8.9844880">
<ele>257.281677</ele>
<time>2016-05-24T10:38:02.000Z</time>
</trkpt>
<trkpt lat="44.8747140" lon="8.9843370">
<ele>257.281677</ele>
<time>2016-05-24T10:38:10.000Z</time>
</trkpt>
<trkpt lat="44.8747290" lon="8.9842090">
<ele>256.824463</ele>
<time>2016-05-24T10:38:16.999Z</time>
</trkpt>
<trkpt lat="44.8747370" lon="8.9840910">
<ele>256.336792</ele>
<time>2016-05-24T10:38:23.997Z</time>
</trkpt>
<trkpt lat="44.8747590" lon="8.9839620">
<ele>255.849121</ele>
<time>2016-05-24T10:38:31.998Z</time>
</trkpt>
<trkpt lat="44.8748360" lon="8.9838230">
<ele>253.928879</ele>
<time>2016-05-24T10:38:39.998Z</time>
</trkpt>
<trkpt lat="44.8749350" lon="8.9837370">
<ele>251.520966</ele>
<time>2016-05-24T10:38:47.999Z</time>
</trkpt>
<trkpt lat="44.8750110" lon="8.9836510">
<ele>251.033279</ele>
<time>2016-05-24T10:38:56.000Z</time>
</trkpt>
<trkpt lat="44.8750790" lon="8.9835660">
<ele>251.520966</ele>
<time>2016-05-24T10:39:02.998Z</time>
</trkpt>
<trkpt lat="44.8751500" lon="8.9835000">
<ele>251.033279</ele>
<time>2016-05-24T10:39:09.996Z</time>
</trkpt>
<trkpt lat="44.8752100" lon="8.9834100">
<ele>249.600723</ele>
<time>2016-05-24T10:39:17.004Z</time>
</trkpt>
<trkpt lat="44.8752700" lon="8.9833000">
<ele>247.680466</ele>
<time>2016-05-24T10:39:24.002Z</time>
</trkpt>
<trkpt lat="44.8753000" lon="8.9831690">
<ele>247.192795</ele>
<time>2016-05-24T10:39:31.000Z</time>
</trkpt>
<trkpt lat="44.8753230" lon="8.9830510">
<ele>245.760239</ele>
<time>2016-05-24T10:39:37.999Z</time>
</trkpt>
<trkpt lat="44.8753400" lon="8.9829400">
<ele>243.352325</ele>
<time>2016-05-24T10:39:44.997Z</time>
</trkpt>
<trkpt lat="44.8753460" lon="8.9827940">
<ele>242.864639</ele>
<time>2016-05-24T10:39:52.004Z</time>
</trkpt>
<trkpt lat="44.8753690" lon="8.9826540">
<ele>241.919769</ele>
<time>2016-05-24T10:39:59.003Z</time>
</trkpt>
<trkpt lat="44.8754450" lon="8.9825790">
<ele>241.432068</ele>
<time>2016-05-24T10:40:06.001Z</time>
</trkpt>
<trkpt lat="44.8755440" lon="8.9825040">
<ele>240.944397</ele>
<time>2016-05-24T10:40:14.002Z</time>
</trkpt>
<trkpt lat="44.8756360" lon="8.9824830">
<ele>239.511841</ele>
<time>2016-05-24T10:40:21.000Z</time>
</trkpt>
<trkpt lat="44.8757400" lon="8.9825600">
<ele>238.536469</ele>
<time>2016-05-24T10:40:38.004Z</time>
</trkpt>
<trkpt lat="44.8758100" lon="8.9826300">
<ele>238.048798</ele>
<time>2016-05-24T10:40:46.004Z</time>
</trkpt>
<trkpt lat="44.8758800" lon="8.9827300">
<ele>237.591599</ele>
<time>2016-05-24T10:40:53.003Z</time>
</trkpt>
<trkpt lat="44.8759250" lon="8.9828360">
<ele>237.103928</ele>
<time>2016-05-24T10:41:00.001Z</time>
</trkpt>
<trkpt lat="44.8759860" lon="8.9829760">
<ele>235.671356</ele>
<time>2016-05-24T10:41:06.999Z</time>
</trkpt>
<trkpt lat="44.8760550" lon="8.9830620">
<ele>235.671356</ele>
<time>2016-05-24T10:41:13.998Z</time>
</trkpt>
<trkpt lat="44.8761080" lon="8.9831690">
<ele>234.695999</ele>
<time>2016-05-24T10:41:20.996Z</time>
</trkpt>
<trkpt lat="44.8761770" lon="8.9832970">
<ele>234.208328</ele>
<time>2016-05-24T10:41:28.003Z</time>
</trkpt>
<trkpt lat="44.8762300" lon="8.9833830">
<ele>233.263443</ele>
<time>2016-05-24T10:41:35.002Z</time>
</trkpt>
<trkpt lat="44.8762990" lon="8.9834790">
<ele>232.288071</ele>
<time>2016-05-24T10:41:44.998Z</time>
</trkpt>
<trkpt lat="44.8763600" lon="8.9836080">
<ele>231.343201</ele>
<time>2016-05-24T10:41:52.999Z</time>
</trkpt>
<trkpt lat="44.8764210" lon="8.9837260">
<ele>231.343201</ele>
<time>2016-05-24T10:41:59.997Z</time>
</trkpt>
<trkpt lat="44.8764820" lon="8.9837900">
<ele>230.367844</ele>
<time>2016-05-24T10:42:07.004Z</time>
</trkpt>
<trkpt lat="44.8765600" lon="8.9838300">
<ele>229.422958</ele>
<time>2016-05-24T10:42:14.996Z</time>
</trkpt>
<trkpt lat="44.8766340" lon="8.9838970">
<ele>228.935272</ele>
<time>2016-05-24T10:42:22.003Z</time>
</trkpt>
<trkpt lat="44.8767260" lon="8.9839620">
<ele>227.502731</ele>
<time>2016-05-24T10:42:29.002Z</time>
</trkpt>
<trkpt lat="44.8768250" lon="8.9840260">
<ele>226.527359</ele>
<time>2016-05-24T10:42:36.000Z</time>
</trkpt>
<trkpt lat="44.8769010" lon="8.9840900">
<ele>226.039673</ele>
<time>2016-05-24T10:42:42.998Z</time>
</trkpt>
<trkpt lat="44.8769850" lon="8.9841440">
<ele>225.552002</ele>
<time>2016-05-24T10:42:49.997Z</time>
</trkpt>
<trkpt lat="44.8770610" lon="8.9841970">
<ele>224.607132</ele>
<time>2016-05-24T10:42:57.004Z</time>
</trkpt>
<trkpt lat="44.8771450" lon="8.9842510">
<ele>224.119431</ele>
<time>2016-05-24T10:43:04.002Z</time>
</trkpt>
<trkpt lat="44.8772670" lon="8.9843470">
<ele>224.119431</ele>
<time>2016-05-24T10:43:11.001Z</time>
</trkpt>
<trkpt lat="44.8773280" lon="8.9843900">
<ele>223.174561</ele>
<time>2016-05-24T10:43:19.001Z</time>
</trkpt>
<trkpt lat="44.8774270" lon="8.9844550">
<ele>222.686874</ele>
<time>2016-05-24T10:43:27.002Z</time>
</trkpt>
<trkpt lat="44.8775030" lon="8.9845190">
<ele>222.686874</ele>
<time>2016-05-24T10:43:35.003Z</time>
</trkpt>
<trkpt lat="44.8775870" lon="8.9845830">
<ele>222.199203</ele>
<time>2016-05-24T10:43:42.001Z</time>
</trkpt>
<trkpt lat="44.8776700" lon="8.9846500">
<ele>221.254333</ele>
<time>2016-05-24T10:43:50.002Z</time>
</trkpt>
<trkpt lat="44.8777390" lon="8.9847010">
<ele>220.766632</ele>
<time>2016-05-24T10:43:58.002Z</time>
</trkpt>
<trkpt lat="44.8778380" lon="8.9847760">
<ele>219.303604</ele>
<time>2016-05-24T10:44:06.003Z</time>
</trkpt>
<trkpt lat="44.8779370" lon="8.9848400">
<ele>219.303604</ele>
<time>2016-05-24T10:44:14.004Z</time>
</trkpt>
<trkpt lat="44.8780100" lon="8.9849100">
<ele>218.846405</ele>
<time>2016-05-24T10:44:21.002Z</time>
</trkpt>
<trkpt lat="44.8780820" lon="8.9849260">
<ele>217.871033</ele>
<time>2016-05-24T10:44:28.000Z</time>
</trkpt>
<trkpt lat="44.8781890" lon="8.9849900">
<ele>217.871033</ele>
<time>2016-05-24T10:44:36.001Z</time>
</trkpt>
<trkpt lat="44.8782800" lon="8.9850440">
<ele>217.383362</ele>
<time>2016-05-24T10:44:44.002Z</time>
</trkpt>
<trkpt lat="44.8783720" lon="8.9850980">
<ele>216.438477</ele>
<time>2016-05-24T10:44:52.002Z</time>
</trkpt>
<trkpt lat="44.8784860" lon="8.9851510">
<ele>216.438477</ele>
<time>2016-05-24T10:45:00.003Z</time>
</trkpt>
<trkpt lat="44.8785700" lon="8.9852100">
<ele>217.871033</ele>
<time>2016-05-24T10:45:08.004Z</time>
</trkpt>
<trkpt lat="44.8786700" lon="8.9852600">
<ele>215.005920</ele>
<time>2016-05-24T10:45:16.004Z</time>
</trkpt>
<trkpt lat="44.8787500" lon="8.9853000">
<ele>214.518234</ele>
<time>2016-05-24T10:45:23.003Z</time>
</trkpt>
<trkpt lat="44.8788300" lon="8.9853500">
<ele>214.030563</ele>
<time>2016-05-24T10:45:30.001Z</time>
</trkpt>
<trkpt lat="44.8789200" lon="8.9854000">
<ele>213.055206</ele>
<time>2016-05-24T10:45:36.999Z</time>
</trkpt>
<trkpt lat="44.8790000" lon="8.9854500">
<ele>213.055206</ele>
<time>2016-05-24T10:45:43.998Z</time>
</trkpt>
<trkpt lat="44.8790880" lon="8.9854730">
<ele>212.598007</ele>
<time>2016-05-24T10:45:50.996Z</time>
</trkpt>
<trkpt lat="44.8791650" lon="8.9855150">
<ele>212.110321</ele>
<time>2016-05-24T10:45:58.003Z</time>
</trkpt>
<trkpt lat="44.8792480" lon="8.9855480">
<ele>212.110321</ele>
<time>2016-05-24T10:46:06.004Z</time>
</trkpt>
<trkpt lat="44.8793250" lon="8.9855800">
<ele>211.622635</ele>
<time>2016-05-24T10:46:13.996Z</time>
</trkpt>
<trkpt lat="44.8794540" lon="8.9856550">
<ele>211.134964</ele>
<time>2016-05-24T10:46:21.996Z</time>
</trkpt>
<trkpt lat="44.8795380" lon="8.9856980">
<ele>211.134964</ele>
<time>2016-05-24T10:46:29.004Z</time>
</trkpt>
<trkpt lat="44.8796070" lon="8.9857080">
<ele>210.677765</ele>
<time>2016-05-24T10:46:37.004Z</time>
</trkpt>
<trkpt lat="44.8797280" lon="8.9857300">
<ele>210.190079</ele>
<time>2016-05-24T10:46:44.996Z</time>
</trkpt>
<trkpt lat="44.8798200" lon="8.9857400">
<ele>209.702393</ele>
<time>2016-05-24T10:46:52.003Z</time>
</trkpt>
<trkpt lat="44.8799190" lon="8.9857400">
<ele>208.757523</ele>
<time>2016-05-24T10:46:59.002Z</time>
</trkpt>
<trkpt lat="44.8800030" lon="8.9857300">
<ele>208.269836</ele>
<time>2016-05-24T10:47:06.000Z</time>
</trkpt>
<trkpt lat="44.8801170" lon="8.9857400">
<ele>208.269836</ele>
<time>2016-05-24T10:47:12.998Z</time>
</trkpt>
<trkpt lat="44.8802090" lon="8.9857720">
<ele>207.294479</ele>
<time>2016-05-24T10:47:19.997Z</time>
</trkpt>
<trkpt lat="44.8803000" lon="8.9858050">
<ele>206.349594</ele>
<time>2016-05-24T10:47:27.004Z</time>
</trkpt>
<trkpt lat="44.8803840" lon="8.9858690">
<ele>205.861923</ele>
<time>2016-05-24T10:47:34.002Z</time>
</trkpt>
<trkpt lat="44.8804600" lon="8.9859120">
<ele>205.374237</ele>
<time>2016-05-24T10:47:41.001Z</time>
</trkpt>
<trkpt lat="44.8805670" lon="8.9859440">
<ele>204.429367</ele>
<time>2016-05-24T10:47:47.999Z</time>
</trkpt>
<trkpt lat="44.8806580" lon="8.9859870">
<ele>203.453995</ele>
<time>2016-05-24T10:47:56.000Z</time>
</trkpt>
<trkpt lat="44.8807500" lon="8.9860510">
<ele>202.509125</ele>
<time>2016-05-24T10:48:04.000Z</time>
</trkpt>
<trkpt lat="44.8808410" lon="8.9861050">
<ele>202.509125</ele>
<time>2016-05-24T10:48:10.999Z</time>
</trkpt>
<trkpt lat="44.8809330" lon="8.9861580">
<ele>201.046066</ele>
<time>2016-05-24T10:48:18.999Z</time>
</trkpt>
<trkpt lat="44.8809940" lon="8.9862120">
<ele>200.101196</ele>
<time>2016-05-24T10:48:25.998Z</time>
</trkpt>
<trkpt lat="44.8810770" lon="8.9862330">
<ele>199.613525</ele>
<time>2016-05-24T10:48:32.996Z</time>
</trkpt>
<trkpt lat="44.8811610" lon="8.9862760">
<ele>198.638168</ele>
<time>2016-05-24T10:48:40.003Z</time>
</trkpt>
<trkpt lat="44.8812450" lon="8.9862650">
<ele>197.693268</ele>
<time>2016-05-24T10:48:47.002Z</time>
</trkpt>
<trkpt lat="44.8813670" lon="8.9862440">
<ele>196.717926</ele>
<time>2016-05-24T10:48:54.000Z</time>
</trkpt>
<trkpt lat="44.8814580" lon="8.9861690">
<ele>195.285370</ele>
<time>2016-05-24T10:49:02.001Z</time>
</trkpt>
<trkpt lat="44.8815190" lon="8.9860830">
<ele>194.309998</ele>
<time>2016-05-24T10:49:08.999Z</time>
</trkpt>
<trkpt lat="44.8815730" lon="8.9859650">
<ele>193.365128</ele>
<time>2016-05-24T10:49:15.997Z</time>
</trkpt>
<trkpt lat="44.8816180" lon="8.9859110">
<ele>192.877441</ele>
<time>2016-05-24T10:49:22.996Z</time>
</trkpt>
<trkpt lat="44.8816950" lon="8.9857940">
<ele>191.444870</ele>
<time>2016-05-24T10:49:30.003Z</time>
</trkpt>
<trkpt lat="44.8817630" lon="8.9857290">
<ele>190.469528</ele>
<time>2016-05-24T10:49:45.002Z</time>
</trkpt>
<trkpt lat="44.8818320" lon="8.9856760">
<ele>190.469528</ele>
<time>2016-05-24T10:49:53.003Z</time>
</trkpt>
<trkpt lat="44.8819230" lon="8.9856970">
<ele>189.524643</ele>
<time>2016-05-24T10:50:01.997Z</time>
</trkpt>
<trkpt lat="44.8820380" lon="8.9857400">
<ele>189.036957</ele>
<time>2016-05-24T10:50:09.997Z</time>
</trkpt>
<trkpt lat="44.8821750" lon="8.9858040">
<ele>188.549271</ele>
<time>2016-05-24T10:50:16.996Z</time>
</trkpt>
<trkpt lat="44.8822740" lon="8.9858470">
<ele>188.061600</ele>
<time>2016-05-24T10:50:24.996Z</time>
</trkpt>
<trkpt lat="44.8823730" lon="8.9859010">
<ele>187.604401</ele>
<time>2016-05-24T10:50:32.997Z</time>
</trkpt>
<trkpt lat="44.8824490" lon="8.9859220">
<ele>187.116730</ele>
<time>2016-05-24T10:50:40.998Z</time>
</trkpt>
<trkpt lat="44.8825100" lon="8.9859970">
<ele>186.629044</ele>
<time>2016-05-24T10:50:48.998Z</time>
</trkpt>
<trkpt lat="44.8826170" lon="8.9860720">
<ele>186.141357</ele>
<time>2016-05-24T10:50:55.997Z</time>
</trkpt>
<trkpt lat="44.8826550" lon="8.9861260">
<ele>185.684158</ele>
<time>2016-05-24T10:51:03.997Z</time>
</trkpt>
<trkpt lat="44.8827390" lon="8.9862010">
<ele>185.196472</ele>
<time>2016-05-24T10:51:11.998Z</time>
</trkpt>
<trkpt lat="44.8828150" lon="8.9862540">
<ele>185.196472</ele>
<time>2016-05-24T10:51:19.999Z</time>
</trkpt>
<trkpt lat="44.8828610" lon="8.9861790">
<ele>185.196472</ele>
<time>2016-05-24T10:51:29.002Z</time>
</trkpt>
<trkpt lat="44.8829220" lon="8.9860830">
<ele>185.196472</ele>
<time>2016-05-24T10:51:37.996Z</time>
</trkpt>
<trkpt lat="44.8829830" lon="8.9859970">
<ele>184.221130</ele>
<time>2016-05-24T10:51:46.999Z</time>
</trkpt>
<trkpt lat="44.8830820" lon="8.9858570">
<ele>184.221130</ele>
<time>2016-05-24T10:51:56.002Z</time>
</trkpt>
<trkpt lat="44.8831430" lon="8.9857610">
<ele>184.221130</ele>
<time>2016-05-24T10:52:04.002Z</time>
</trkpt>
<trkpt lat="44.8832040" lon="8.9856750">
<ele>185.196472</ele>
<time>2016-05-24T10:52:12.996Z</time>
</trkpt>
<trkpt lat="44.8832570" lon="8.9855890">
<ele>184.708801</ele>
<time>2016-05-24T10:52:21.999Z</time>
</trkpt>
<trkpt lat="44.8833030" lon="8.9855250">
<ele>184.708801</ele>
<time>2016-05-24T10:52:30.000Z</time>
</trkpt>
<trkpt lat="44.8833640" lon="8.9854390">
<ele>184.708801</ele>
<time>2016-05-24T10:52:38.001Z</time>
</trkpt>
<trkpt lat="44.8834470" lon="8.9853110">
<ele>183.763931</ele>
<time>2016-05-24T10:52:47.004Z</time>
</trkpt>
<trkpt lat="44.8835010" lon="8.9852250">
<ele>184.221130</ele>
<time>2016-05-24T10:52:54.002Z</time>
</trkpt>
<trkpt lat="44.8835690" lon="8.9851390">
<ele>183.763931</ele>
<time>2016-05-24T10:53:02.003Z</time>
</trkpt>
<trkpt lat="44.8836530" lon="8.9850640">
<ele>184.708801</ele>
<time>2016-05-24T10:53:10.003Z</time>
</trkpt>
<trkpt lat="44.8837290" lon="8.9849890">
<ele>183.763931</ele>
<time>2016-05-24T10:53:18.004Z</time>
</trkpt>
<trkpt lat="44.8838130" lon="8.9849140">
<ele>182.788559</ele>
<time>2016-05-24T10:53:25.996Z</time>
</trkpt>
<trkpt lat="44.8838670" lon="8.9848390">
<ele>184.221130</ele>
<time>2016-05-24T10:53:33.996Z</time>
</trkpt>
<trkpt lat="44.8839500" lon="8.9847640">
<ele>183.276230</ele>
<time>2016-05-24T10:53:41.997Z</time>
</trkpt>
<trkpt lat="44.8840720" lon="8.9846670">
<ele>182.788559</ele>
<time>2016-05-24T10:53:49.998Z</time>
</trkpt>
<trkpt lat="44.8841560" lon="8.9845810">
<ele>183.276230</ele>
<time>2016-05-24T10:53:57.998Z</time>
</trkpt>
<trkpt lat="44.8842250" lon="8.9845060">
<ele>183.763931</ele>
<time>2016-05-24T10:54:05.999Z</time>
</trkpt>
<trkpt lat="44.8843160" lon="8.9844100">
<ele>181.813202</ele>
<time>2016-05-24T10:54:14.000Z</time>
</trkpt>
<trkpt lat="44.8844080" lon="8.9843130">
<ele>182.300873</ele>
<time>2016-05-24T10:54:22.000Z</time>
</trkpt>
<trkpt lat="44.8845070" lon="8.9842170">
<ele>181.813202</ele>
<time>2016-05-24T10:54:30.001Z</time>
</trkpt>
<trkpt lat="44.8845600" lon="8.9841850">
<ele>182.788559</ele>
<time>2016-05-24T10:54:38.002Z</time>
</trkpt>
<trkpt lat="44.8846670" lon="8.9840670">
<ele>182.788559</ele>
<time>2016-05-24T10:54:46.996Z</time>
</trkpt>
<trkpt lat="44.8847280" lon="8.9839920">
<ele>182.300873</ele>
<time>2016-05-24T10:54:54.996Z</time>
</trkpt>
<trkpt lat="44.8847890" lon="8.9839380">
<ele>182.300873</ele>
<time>2016-05-24T10:55:02.004Z</time>
</trkpt>
<trkpt lat="44.8848950" lon="8.9838520">
<ele>181.813202</ele>
<time>2016-05-24T10:55:09.002Z</time>
</trkpt>
<trkpt lat="44.8849710" lon="8.9838310">
<ele>181.356003</ele>
<time>2016-05-24T10:55:17.003Z</time>
</trkpt>
<trkpt lat="44.8850550" lon="8.9838950">
<ele>181.356003</ele>
<time>2016-05-24T10:55:26.999Z</time>
</trkpt>
<trkpt lat="44.8851700" lon="8.9839920">
<ele>181.356003</ele>
<time>2016-05-24T10:56:47.999Z</time>
</trkpt>
<trkpt lat="44.8851920" lon="8.9840130">
<ele>182.300873</ele>
<time>2016-05-24T10:59:51.003Z</time>
</trkpt>
</trkseg>
</trk>
</gpx>