<?xml version="1.0" encoding="UTF-8" standalone="yes"?>
<gpx
 xmlns="http://www.topografix.com/GPX/1/1"
 creator="OziExplorer Version 3955k - http://www.oziexplorer.com"
 version="1.1"
 xmlns:xsi="http://www.w3.org/2001/XMLSchema-instance"
 xsi:schemaLocation="http://www.topografix.com/GPX/1/1 http://www.topografix.com/GPX/1/1/gpx.xsd">
<metadata>
 <time>2014-03-20T14:34:43Z</time>
 <bounds minlat="44.672990" minlon="9.172500" maxlat="44.764570" maxlon="9.214525"/>
</metadata>
<wpt lat="44.7645600" lon="9.1737000">
 <ele>780.000000</ele>
 <time>2010-11-26T08:06:45.076Z</time>
 <name>SELVAPIANA</name>
 <cmt>SELVAPIANA</cmt>
 <desc>SELVAPIANA</desc>
 <sym>Flag, Blue</sym>
</wpt>
<wpt lat="44.7582300" lon="9.1895200">
 <ele>991.000000</ele>
 <time>2010-11-26T08:06:45.076Z</time>
 <name>BIVACCO PIAN DEI LAGHI</name>
 <cmt>BIVACCO PIAN DEI LAGHI</cmt>
 <desc>BIVACCO PIAN DEI LAGHI</desc>
 <sym>Flag, Blue</sym>
</wpt>
<wpt lat="44.7529000" lon="9.2123700">
 <ele>1374.000000</ele>
 <time>2010-11-26T08:06:45.076Z</time>
 <name>PIAN DELLA MORRA</name>
 <cmt>PIAN DELLA MORRA</cmt>
 <desc>PIAN DELLA MORRA</desc>
 <sym>Flag, Blue</sym>
</wpt>
<wpt lat="44.7286000" lon="9.2074700">
 <ele>1532.000000</ele>
 <time>2010-11-26T08:06:45.073Z</time>
 <name>MONTE BAGNOLO</name>
 <cmt>MONTE BAGNOLO CON CIPPO E BIVACCO</cmt>
 <desc>MONTE BAGNOLO CON CIPPO E BIVACCO</desc>
 <sym>Flag, Blue</sym>
</wpt>
<wpt lat="44.7205400" lon="9.2033900">
 <ele>1482.000000</ele>
 <time>2010-11-26T08:06:45.073Z</time>
 <name>COLLE DELLA SEPPA</name>
 <cmt>COLLE DELLA SEPPA E BIVIO CON SENTIERO 110</cmt>
 <desc>COLLE DELLA SEPPA E BIVIO CON SENTIERO 110</desc>
 <sym>Flag, Blue</sym>
</wpt>
<wpt lat="44.7162300" lon="9.2027900">
 <ele>1549.000000</ele>
 <time>2010-11-26T08:06:45.073Z</time>
 <name>MONTE GARAVE'</name>
 <cmt>MONTE GARAVE'</cmt>
 <desc>MONTE GARAVE'</desc>
 <sym>Flag, Blue</sym>
</wpt>
<wpt lat="44.6729900" lon="9.2012300">
 <ele>1488.000000</ele>
 <time>2010-11-26T08:06:45.073Z</time>
 <name>CAPANNE DI COSOLA</name>
 <cmt>CAPANNE DI COSOLA</cmt>
 <desc>CAPANNE DI COSOLA</desc>
 <sym>Flag, Blue</sym>
</wpt>
<wpt lat="44.6864590" lon="9.2007860">
 <ele>1700.000000</ele>
 <time>2010-11-26T08:48:15.053Z</time>
 <name>MONTE CHIAPPO</name>
 <cmt>VETTA MONTE CHIAPPO</cmt>
 <desc>VETTA MONTE CHIAPPO</desc>
 <sym>Airport</sym>
</wpt>
<trk>
<name>SENTIERO 105</name>
 <desc>SENTIERO 105</desc>
<trkseg>
<trkpt lat="44.7645200" lon="9.1736900">
<ele>779.769836</ele>
<time>2010-11-23T08:18:18.003Z</time>
</trkpt>
<trkpt lat="44.7645700" lon="9.1737200">
<ele>784.098022</ele>
<time>2010-11-23T08:18:40.000Z</time>
</trkpt>
<trkpt lat="44.7644200" lon="9.1736400">
<ele>782.665466</ele>
<time>2010-11-23T08:19:00.002Z</time>
</trkpt>
<trkpt lat="44.7643200" lon="9.1735700">
<ele>782.665466</ele>
<time>2010-11-23T08:19:08.003Z</time>
</trkpt>
<trkpt lat="44.7642400" lon="9.1735200">
<ele>783.122681</ele>
<time>2010-11-23T08:19:16.003Z</time>
</trkpt>
<trkpt lat="44.7641400" lon="9.1734700">
<ele>784.098022</ele>
<time>2010-11-23T08:19:24.004Z</time>
</trkpt>
<trkpt lat="44.7640600" lon="9.1734200">
<ele>785.530518</ele>
<time>2010-11-23T08:19:31.096Z</time>
</trkpt>
<trkpt lat="44.7639800" lon="9.1733800">
<ele>786.505920</ele>
<time>2010-11-23T08:19:39.096Z</time>
</trkpt>
<trkpt lat="44.7639000" lon="9.1733200">
<ele>786.963074</ele>
<time>2010-11-23T08:19:50.002Z</time>
</trkpt>
<trkpt lat="44.7638300" lon="9.1732300">
<ele>788.913879</ele>
<time>2010-11-23T08:19:58.096Z</time>
</trkpt>
<trkpt lat="44.7638000" lon="9.1731000">
<ele>789.371033</ele>
<time>2010-11-23T08:20:07.099Z</time>
</trkpt>
<trkpt lat="44.7637800" lon="9.1729600">
<ele>789.371033</ele>
<time>2010-11-23T08:20:17.002Z</time>
</trkpt>
<trkpt lat="44.7637310" lon="9.1728470">
<ele>790.346375</ele>
<time>2010-11-23T08:20:25.002Z</time>
</trkpt>
<trkpt lat="44.7636860" lon="9.1727510">
<ele>791.291321</ele>
<time>2010-11-23T08:20:33.003Z</time>
</trkpt>
<trkpt lat="44.7636330" lon="9.1726330">
<ele>792.754272</ele>
<time>2010-11-23T08:20:37.097Z</time>
</trkpt>
<trkpt lat="44.7635560" lon="9.1725260">
<ele>793.211487</ele>
<time>2010-11-23T08:20:44.002Z</time>
</trkpt>
<trkpt lat="44.7634600" lon="9.1725000">
<ele>793.211487</ele>
<time>2010-11-23T08:21:00.003Z</time>
</trkpt>
<trkpt lat="44.7633740" lon="9.1725150">
<ele>795.162231</ele>
<time>2010-11-23T08:21:18.000Z</time>
</trkpt>
<trkpt lat="44.7632740" lon="9.1725140">
<ele>797.539734</ele>
<time>2010-11-23T08:21:27.096Z</time>
</trkpt>
<trkpt lat="44.7631910" lon="9.1725140">
<ele>799.947571</ele>
<time>2010-11-23T08:21:39.004Z</time>
</trkpt>
<trkpt lat="44.7631140" lon="9.1725350">
<ele>801.867859</ele>
<time>2010-11-23T08:21:50.003Z</time>
</trkpt>
<trkpt lat="44.7630380" lon="9.1725560">
<ele>803.330933</ele>
<time>2010-11-23T08:22:01.001Z</time>
</trkpt>
<trkpt lat="44.7629500" lon="9.1725800">
<ele>803.788086</ele>
<time>2010-11-23T08:22:10.004Z</time>
</trkpt>
<trkpt lat="44.7628600" lon="9.1726300">
<ele>803.330933</ele>
<time>2010-11-23T08:22:18.098Z</time>
</trkpt>
<trkpt lat="44.7627700" lon="9.1726700">
<ele>801.410645</ele>
<time>2010-11-23T08:22:26.099Z</time>
</trkpt>
<trkpt lat="44.7626720" lon="9.1727160">
<ele>800.435303</ele>
<time>2010-11-23T08:22:35.000Z</time>
</trkpt>
<trkpt lat="44.7625810" lon="9.1727580">
<ele>799.947571</ele>
<time>2010-11-23T08:22:43.000Z</time>
</trkpt>
<trkpt lat="44.7624890" lon="9.1728110">
<ele>799.459900</ele>
<time>2010-11-23T08:22:51.001Z</time>
</trkpt>
<trkpt lat="44.7624430" lon="9.1729080">
<ele>799.002686</ele>
<time>2010-11-23T08:23:00.004Z</time>
</trkpt>
<trkpt lat="44.7624580" lon="9.1730150">
<ele>799.002686</ele>
<time>2010-11-23T08:23:11.003Z</time>
</trkpt>
<trkpt lat="44.7624660" lon="9.1731640">
<ele>799.459900</ele>
<time>2010-11-23T08:23:19.097Z</time>
</trkpt>
<trkpt lat="44.7624580" lon="9.1732930">
<ele>799.459900</ele>
<time>2010-11-23T08:23:29.000Z</time>
</trkpt>
<trkpt lat="44.7624300" lon="9.1734000">
<ele>799.947571</ele>
<time>2010-11-23T08:23:37.000Z</time>
</trkpt>
<trkpt lat="44.7624000" lon="9.1735200">
<ele>800.922974</ele>
<time>2010-11-23T08:23:45.001Z</time>
</trkpt>
<trkpt lat="44.7623600" lon="9.1736600">
<ele>801.410645</ele>
<time>2010-11-23T08:23:54.004Z</time>
</trkpt>
<trkpt lat="44.7623100" lon="9.1737800">
<ele>802.355469</ele>
<time>2010-11-23T08:24:04.000Z</time>
</trkpt>
<trkpt lat="44.7622600" lon="9.1739300">
<ele>803.330933</ele>
<time>2010-11-23T08:24:14.099Z</time>
</trkpt>
<trkpt lat="44.7622130" lon="9.1740520">
<ele>804.763428</ele>
<time>2010-11-23T08:24:25.004Z</time>
</trkpt>
<trkpt lat="44.7621740" lon="9.1741370">
<ele>805.251099</ele>
<time>2010-11-23T08:24:32.096Z</time>
</trkpt>
<trkpt lat="44.7621360" lon="9.1742550">
<ele>805.708313</ele>
<time>2010-11-23T08:24:40.097Z</time>
</trkpt>
<trkpt lat="44.7621060" lon="9.1743510">
<ele>806.195984</ele>
<time>2010-11-23T08:24:51.002Z</time>
</trkpt>
<trkpt lat="44.7620520" lon="9.1744900">
<ele>807.171326</ele>
<time>2010-11-23T08:25:04.099Z</time>
</trkpt>
<trkpt lat="44.7619980" lon="9.1746500">
<ele>807.659058</ele>
<time>2010-11-23T08:25:15.097Z</time>
</trkpt>
<trkpt lat="44.7619830" lon="9.1748000">
<ele>809.091614</ele>
<time>2010-11-23T08:25:26.003Z</time>
</trkpt>
<trkpt lat="44.7619450" lon="9.1749170">
<ele>810.524170</ele>
<time>2010-11-23T08:25:35.099Z</time>
</trkpt>
<trkpt lat="44.7619060" lon="9.1750460">
<ele>811.011841</ele>
<time>2010-11-23T08:25:45.002Z</time>
</trkpt>
<trkpt lat="44.7618830" lon="9.1751850">
<ele>811.499512</ele>
<time>2010-11-23T08:25:53.096Z</time>
</trkpt>
<trkpt lat="44.7618520" lon="9.1753240">
<ele>812.444397</ele>
<time>2010-11-23T08:26:02.099Z</time>
</trkpt>
<trkpt lat="44.7618200" lon="9.1754400">
<ele>811.499512</ele>
<time>2010-11-23T08:26:12.002Z</time>
</trkpt>
<trkpt lat="44.7617680" lon="9.1755700">
<ele>811.956665</ele>
<time>2010-11-23T08:26:20.003Z</time>
</trkpt>
<trkpt lat="44.7617200" lon="9.1756800">
<ele>812.444397</ele>
<time>2010-11-23T08:26:28.097Z</time>
</trkpt>
<trkpt lat="44.7616400" lon="9.1757500">
<ele>811.499512</ele>
<time>2010-11-23T08:26:38.000Z</time>
</trkpt>
<trkpt lat="44.7615320" lon="9.1757930">
<ele>810.524170</ele>
<time>2010-11-23T08:26:51.096Z</time>
</trkpt>
<trkpt lat="44.7614480" lon="9.1758570">
<ele>810.036499</ele>
<time>2010-11-23T08:26:59.004Z</time>
</trkpt>
<trkpt lat="44.7614550" lon="9.1759640">
<ele>811.011841</ele>
<time>2010-11-23T08:27:06.002Z</time>
</trkpt>
<trkpt lat="44.7614850" lon="9.1760710">
<ele>811.956665</ele>
<time>2010-11-23T08:27:14.003Z</time>
</trkpt>
<trkpt lat="44.7615160" lon="9.1761790">
<ele>811.956665</ele>
<time>2010-11-23T08:27:22.097Z</time>
</trkpt>
<trkpt lat="44.7615690" lon="9.1763070">
<ele>814.364685</ele>
<time>2010-11-23T08:27:33.002Z</time>
</trkpt>
<trkpt lat="44.7616220" lon="9.1764360">
<ele>816.284912</ele>
<time>2010-11-23T08:27:42.098Z</time>
</trkpt>
<trkpt lat="44.7616750" lon="9.1765750">
<ele>818.692810</ele>
<time>2010-11-23T08:27:53.097Z</time>
</trkpt>
<trkpt lat="44.7616980" lon="9.1766710">
<ele>820.613037</ele>
<time>2010-11-23T08:28:05.098Z</time>
</trkpt>
<trkpt lat="44.7617130" lon="9.1767780">
<ele>823.508667</ele>
<time>2010-11-23T08:28:17.099Z</time>
</trkpt>
<trkpt lat="44.7617430" lon="9.1769170">
<ele>825.916565</ele>
<time>2010-11-23T08:28:30.000Z</time>
</trkpt>
<trkpt lat="44.7617660" lon="9.1770460">
<ele>828.781738</ele>
<time>2010-11-23T08:28:43.003Z</time>
</trkpt>
<trkpt lat="44.7617810" lon="9.1771740">
<ele>829.757080</ele>
<time>2010-11-23T08:28:55.004Z</time>
</trkpt>
<trkpt lat="44.7618110" lon="9.1773030">
<ele>832.164917</ele>
<time>2010-11-23T08:29:09.001Z</time>
</trkpt>
<trkpt lat="44.7618190" lon="9.1774420">
<ele>835.517761</ele>
<time>2010-11-23T08:29:22.004Z</time>
</trkpt>
<trkpt lat="44.7618340" lon="9.1775920">
<ele>837.437988</ele>
<time>2010-11-23T08:29:36.001Z</time>
</trkpt>
<trkpt lat="44.7617950" lon="9.1777410">
<ele>839.845886</ele>
<time>2010-11-23T08:29:49.098Z</time>
</trkpt>
<trkpt lat="44.7617490" lon="9.1778800">
<ele>841.766174</ele>
<time>2010-11-23T08:30:00.096Z</time>
</trkpt>
<trkpt lat="44.7617040" lon="9.1780090">
<ele>843.198669</ele>
<time>2010-11-23T08:30:12.004Z</time>
</trkpt>
<trkpt lat="44.7616730" lon="9.1781260">
<ele>845.149475</ele>
<time>2010-11-23T08:31:01.001Z</time>
</trkpt>
<trkpt lat="44.7617030" lon="9.1782230">
<ele>846.581970</ele>
<time>2010-11-23T08:31:10.098Z</time>
</trkpt>
<trkpt lat="44.7617490" lon="9.1783190">
<ele>848.014526</ele>
<time>2010-11-23T08:31:21.096Z</time>
</trkpt>
<trkpt lat="44.7618020" lon="9.1784150">
<ele>850.422485</ele>
<time>2010-11-23T08:31:32.002Z</time>
</trkpt>
<trkpt lat="44.7618550" lon="9.1785010">
<ele>852.342712</ele>
<time>2010-11-23T08:31:43.000Z</time>
</trkpt>
<trkpt lat="44.7618850" lon="9.1786190">
<ele>853.318115</ele>
<time>2010-11-23T08:31:55.001Z</time>
</trkpt>
<trkpt lat="44.7618000" lon="9.1787500">
<ele>853.318115</ele>
<time>2010-11-23T08:32:06.000Z</time>
</trkpt>
<trkpt lat="44.7617400" lon="9.1788320">
<ele>855.238281</ele>
<time>2010-11-23T08:32:30.002Z</time>
</trkpt>
<trkpt lat="44.7616720" lon="9.1788860">
<ele>854.750671</ele>
<time>2010-11-23T08:33:31.000Z</time>
</trkpt>
<trkpt lat="44.7616110" lon="9.1789500">
<ele>854.262939</ele>
<time>2010-11-23T08:33:39.001Z</time>
</trkpt>
<trkpt lat="44.7615400" lon="9.1790300">
<ele>853.775330</ele>
<time>2010-11-23T08:33:45.099Z</time>
</trkpt>
<trkpt lat="44.7615040" lon="9.1791850">
<ele>853.775330</ele>
<time>2010-11-23T08:33:54.000Z</time>
</trkpt>
<trkpt lat="44.7614730" lon="9.1793340">
<ele>854.262939</ele>
<time>2010-11-23T08:34:02.001Z</time>
</trkpt>
<trkpt lat="44.7614500" lon="9.1794300">
<ele>853.775330</ele>
<time>2010-11-23T08:34:10.001Z</time>
</trkpt>
<trkpt lat="44.7614500" lon="9.1795600">
<ele>854.262939</ele>
<time>2010-11-23T08:34:19.004Z</time>
</trkpt>
<trkpt lat="44.7614000" lon="9.1796900">
<ele>855.238281</ele>
<time>2010-11-23T08:34:27.098Z</time>
</trkpt>
<trkpt lat="44.7613500" lon="9.1798100">
<ele>855.695496</ele>
<time>2010-11-23T08:34:37.001Z</time>
</trkpt>
<trkpt lat="44.7613500" lon="9.1799500">
<ele>859.078796</ele>
<time>2010-11-23T08:34:48.000Z</time>
</trkpt>
<trkpt lat="44.7613500" lon="9.1801150">
<ele>860.023682</ele>
<time>2010-11-23T08:34:58.099Z</time>
</trkpt>
<trkpt lat="44.7613950" lon="9.1802220">
<ele>863.406921</ele>
<time>2010-11-23T08:35:11.000Z</time>
</trkpt>
<trkpt lat="44.7614180" lon="9.1803290">
<ele>865.814880</ele>
<time>2010-11-23T08:35:23.001Z</time>
</trkpt>
<trkpt lat="44.7614410" lon="9.1804680">
<ele>868.222778</ele>
<time>2010-11-23T08:35:35.002Z</time>
</trkpt>
<trkpt lat="44.7614400" lon="9.1805750">
<ele>869.167725</ele>
<time>2010-11-23T08:35:43.096Z</time>
</trkpt>
<trkpt lat="44.7614400" lon="9.1806900">
<ele>871.087891</ele>
<time>2010-11-23T08:35:52.099Z</time>
</trkpt>
<trkpt lat="44.7614400" lon="9.1808430">
<ele>872.520508</ele>
<time>2010-11-23T08:36:03.097Z</time>
</trkpt>
<trkpt lat="44.7614400" lon="9.1809600">
<ele>873.983521</ele>
<time>2010-11-23T08:36:14.096Z</time>
</trkpt>
<trkpt lat="44.7614550" lon="9.1811100">
<ele>875.903748</ele>
<time>2010-11-23T08:36:26.004Z</time>
</trkpt>
<trkpt lat="44.7614620" lon="9.1812070">
<ele>876.848633</ele>
<time>2010-11-23T08:36:37.002Z</time>
</trkpt>
<trkpt lat="44.7614700" lon="9.1813030">
<ele>877.336304</ele>
<time>2010-11-23T08:38:06.003Z</time>
</trkpt>
<trkpt lat="44.7614770" lon="9.1814420">
<ele>877.823975</ele>
<time>2010-11-23T08:38:41.097Z</time>
</trkpt>
<trkpt lat="44.7614920" lon="9.1816030">
<ele>879.744263</ele>
<time>2010-11-23T08:38:51.000Z</time>
</trkpt>
<trkpt lat="44.7615000" lon="9.1817100">
<ele>880.719604</ele>
<time>2010-11-23T08:39:00.096Z</time>
</trkpt>
<trkpt lat="44.7614900" lon="9.1818200">
<ele>883.584717</ele>
<time>2010-11-23T08:39:12.004Z</time>
</trkpt>
<trkpt lat="44.7615000" lon="9.1819400">
<ele>886.480286</ele>
<time>2010-11-23T08:39:23.096Z</time>
</trkpt>
<trkpt lat="44.7615100" lon="9.1820800">
<ele>888.400574</ele>
<time>2010-11-23T08:39:35.004Z</time>
</trkpt>
<trkpt lat="44.7614900" lon="9.1822000">
<ele>890.808533</ele>
<time>2010-11-23T08:39:46.002Z</time>
</trkpt>
<trkpt lat="44.7614450" lon="9.1823190">
<ele>893.216370</ele>
<time>2010-11-23T08:39:58.097Z</time>
</trkpt>
<trkpt lat="44.7613840" lon="9.1824370">
<ele>896.569214</ele>
<time>2010-11-23T08:40:10.004Z</time>
</trkpt>
<trkpt lat="44.7613310" lon="9.1825330">
<ele>898.489441</ele>
<time>2010-11-23T08:40:18.098Z</time>
</trkpt>
<trkpt lat="44.7612540" lon="9.1826500">
<ele>899.464783</ele>
<time>2010-11-23T08:40:29.097Z</time>
</trkpt>
<trkpt lat="44.7611900" lon="9.1827300">
<ele>900.897339</ele>
<time>2010-11-23T08:40:41.098Z</time>
</trkpt>
<trkpt lat="44.7611240" lon="9.1828530">
<ele>901.842285</ele>
<time>2010-11-23T08:40:52.003Z</time>
</trkpt>
<trkpt lat="44.7610800" lon="9.1829600">
<ele>902.329895</ele>
<time>2010-11-23T08:41:00.097Z</time>
</trkpt>
<trkpt lat="44.7610170" lon="9.1830880">
<ele>902.817627</ele>
<time>2010-11-23T08:41:10.000Z</time>
</trkpt>
<trkpt lat="44.7609700" lon="9.1832100">
<ele>903.762512</ele>
<time>2010-11-23T08:41:19.003Z</time>
</trkpt>
<trkpt lat="44.7609400" lon="9.1833400">
<ele>904.250122</ele>
<time>2010-11-23T08:41:27.097Z</time>
</trkpt>
<trkpt lat="44.7609200" lon="9.1834700">
<ele>904.737854</ele>
<time>2010-11-23T08:41:37.000Z</time>
</trkpt>
<trkpt lat="44.7608800" lon="9.1836000">
<ele>905.713196</ele>
<time>2010-11-23T08:41:45.001Z</time>
</trkpt>
<trkpt lat="44.7608640" lon="9.1837080">
<ele>907.633484</ele>
<time>2010-11-23T08:41:54.097Z</time>
</trkpt>
<trkpt lat="44.7608400" lon="9.1838600">
<ele>910.498535</ele>
<time>2010-11-23T08:42:08.001Z</time>
</trkpt>
<trkpt lat="44.7608100" lon="9.1839540">
<ele>913.394165</ele>
<time>2010-11-23T08:42:20.002Z</time>
</trkpt>
<trkpt lat="44.7607640" lon="9.1840930">
<ele>914.826660</ele>
<time>2010-11-23T08:42:29.098Z</time>
</trkpt>
<trkpt lat="44.7607100" lon="9.1841900">
<ele>916.259338</ele>
<time>2010-11-23T08:42:40.097Z</time>
</trkpt>
<trkpt lat="44.7606570" lon="9.1843600">
<ele>916.746948</ele>
<time>2010-11-23T08:42:51.002Z</time>
</trkpt>
<trkpt lat="44.7606260" lon="9.1844560">
<ele>917.722290</ele>
<time>2010-11-23T08:42:59.096Z</time>
</trkpt>
<trkpt lat="44.7606180" lon="9.1846060">
<ele>918.667175</ele>
<time>2010-11-23T08:43:10.001Z</time>
</trkpt>
<trkpt lat="44.7606110" lon="9.1847240">
<ele>921.075073</ele>
<time>2010-11-23T08:43:22.002Z</time>
</trkpt>
<trkpt lat="44.7605570" lon="9.1847980">
<ele>923.483032</ele>
<time>2010-11-23T08:43:34.003Z</time>
</trkpt>
<trkpt lat="44.7604880" lon="9.1848410">
<ele>926.378662</ele>
<time>2010-11-23T08:43:46.004Z</time>
</trkpt>
<trkpt lat="44.7603890" lon="9.1848830">
<ele>928.298889</ele>
<time>2010-11-23T08:43:57.096Z</time>
</trkpt>
<trkpt lat="44.7603130" lon="9.1849260">
<ele>929.731445</ele>
<time>2010-11-23T08:44:09.004Z</time>
</trkpt>
<trkpt lat="44.7602290" lon="9.1849580">
<ele>931.164001</ele>
<time>2010-11-23T08:44:19.000Z</time>
</trkpt>
<trkpt lat="44.7601450" lon="9.1850540">
<ele>933.571899</ele>
<time>2010-11-23T08:44:31.001Z</time>
</trkpt>
<trkpt lat="44.7600700" lon="9.1851900">
<ele>935.492126</ele>
<time>2010-11-23T08:44:43.002Z</time>
</trkpt>
<trkpt lat="44.7600100" lon="9.1852800">
<ele>936.467468</ele>
<time>2010-11-23T08:45:36.000Z</time>
</trkpt>
<trkpt lat="44.7599500" lon="9.1854300">
<ele>937.412415</ele>
<time>2010-11-23T08:45:54.099Z</time>
</trkpt>
<trkpt lat="44.7599000" lon="9.1855600">
<ele>937.412415</ele>
<time>2010-11-23T08:46:04.096Z</time>
</trkpt>
<trkpt lat="44.7598390" lon="9.1856840">
<ele>939.332642</ele>
<time>2010-11-23T08:46:15.001Z</time>
</trkpt>
<trkpt lat="44.7598100" lon="9.1858100">
<ele>940.307983</ele>
<time>2010-11-23T08:46:26.000Z</time>
</trkpt>
<trkpt lat="44.7597470" lon="9.1859400">
<ele>944.148499</ele>
<time>2010-11-23T08:46:40.099Z</time>
</trkpt>
<trkpt lat="44.7597090" lon="9.1860790">
<ele>947.044128</ele>
<time>2010-11-23T08:46:54.002Z</time>
</trkpt>
<trkpt lat="44.7596550" lon="9.1861970">
<ele>948.964294</ele>
<time>2010-11-23T08:47:03.098Z</time>
</trkpt>
<trkpt lat="44.7596300" lon="9.1863400">
<ele>949.909180</ele>
<time>2010-11-23T08:47:25.002Z</time>
</trkpt>
<trkpt lat="44.7595860" lon="9.1864640">
<ele>950.396912</ele>
<time>2010-11-23T08:47:34.099Z</time>
</trkpt>
<trkpt lat="44.7595250" lon="9.1865820">
<ele>950.884521</ele>
<time>2010-11-23T08:47:45.004Z</time>
</trkpt>
<trkpt lat="44.7594870" lon="9.1866670">
<ele>952.317078</ele>
<time>2010-11-23T08:47:56.003Z</time>
</trkpt>
<trkpt lat="44.7594640" lon="9.1868060">
<ele>951.372253</ele>
<time>2010-11-23T08:48:05.099Z</time>
</trkpt>
<trkpt lat="44.7594790" lon="9.1869670">
<ele>953.292480</ele>
<time>2010-11-23T08:48:16.098Z</time>
</trkpt>
<trkpt lat="44.7595400" lon="9.1871170">
<ele>954.237366</ele>
<time>2010-11-23T08:48:27.003Z</time>
</trkpt>
<trkpt lat="44.7596000" lon="9.1872340">
<ele>955.700378</ele>
<time>2010-11-23T08:48:41.000Z</time>
</trkpt>
<trkpt lat="44.7596380" lon="9.1873420">
<ele>956.645325</ele>
<time>2010-11-23T08:48:50.003Z</time>
</trkpt>
<trkpt lat="44.7595700" lon="9.1875500">
<ele>958.077881</ele>
<time>2010-11-23T08:49:02.004Z</time>
</trkpt>
<trkpt lat="44.7595160" lon="9.1876830">
<ele>960.485718</ele>
<time>2010-11-23T08:49:13.096Z</time>
</trkpt>
<trkpt lat="44.7594850" lon="9.1878010">
<ele>961.461121</ele>
<time>2010-11-23T08:49:25.003Z</time>
</trkpt>
<trkpt lat="44.7594470" lon="9.1879290">
<ele>962.893738</ele>
<time>2010-11-23T08:49:36.002Z</time>
</trkpt>
<trkpt lat="44.7594100" lon="9.1880600">
<ele>965.789307</ele>
<time>2010-11-23T08:50:34.002Z</time>
</trkpt>
<trkpt lat="44.7593780" lon="9.1881750">
<ele>968.654419</ele>
<time>2010-11-23T08:50:47.099Z</time>
</trkpt>
<trkpt lat="44.7593550" lon="9.1883360">
<ele>970.574646</ele>
<time>2010-11-23T08:51:00.000Z</time>
</trkpt>
<trkpt lat="44.7593700" lon="9.1884700">
<ele>971.549988</ele>
<time>2010-11-23T08:51:09.003Z</time>
</trkpt>
<trkpt lat="44.7594150" lon="9.1885920">
<ele>972.037720</ele>
<time>2010-11-23T08:51:25.004Z</time>
</trkpt>
<trkpt lat="44.7594610" lon="9.1887320">
<ele>972.037720</ele>
<time>2010-11-23T08:51:33.098Z</time>
</trkpt>
<trkpt lat="44.7595140" lon="9.1888280">
<ele>973.470276</ele>
<time>2010-11-23T08:51:43.001Z</time>
</trkpt>
<trkpt lat="44.7595590" lon="9.1889250">
<ele>974.902771</ele>
<time>2010-11-23T08:51:52.004Z</time>
</trkpt>
<trkpt lat="44.7596280" lon="9.1890750">
<ele>977.798401</ele>
<time>2010-11-23T08:52:04.099Z</time>
</trkpt>
<trkpt lat="44.7596890" lon="9.1892030">
<ele>980.693970</ele>
<time>2010-11-23T08:52:17.000Z</time>
</trkpt>
<trkpt lat="44.7597490" lon="9.1893320">
<ele>981.638916</ele>
<time>2010-11-23T08:52:26.003Z</time>
</trkpt>
<trkpt lat="44.7597720" lon="9.1894600">
<ele>982.126526</ele>
<time>2010-11-23T08:52:34.097Z</time>
</trkpt>
<trkpt lat="44.7597800" lon="9.1895500">
<ele>978.286133</ele>
<time>2010-11-23T09:04:54.002Z</time>
</trkpt>
<trkpt lat="44.7597490" lon="9.1896630">
<ele>976.823059</ele>
<time>2010-11-23T09:05:09.001Z</time>
</trkpt>
<trkpt lat="44.7597030" lon="9.1897920">
<ele>975.878174</ele>
<time>2010-11-23T09:05:17.002Z</time>
</trkpt>
<trkpt lat="44.7596490" lon="9.1898770">
<ele>976.365845</ele>
<time>2010-11-23T09:05:25.096Z</time>
</trkpt>
<trkpt lat="44.7595960" lon="9.1899520">
<ele>975.390503</ele>
<time>2010-11-23T09:05:33.096Z</time>
</trkpt>
<trkpt lat="44.7595500" lon="9.1900590">
<ele>974.445618</ele>
<time>2010-11-23T09:05:44.002Z</time>
</trkpt>
<trkpt lat="44.7596560" lon="9.1901870">
<ele>974.902771</ele>
<time>2010-11-23T09:05:53.098Z</time>
</trkpt>
<trkpt lat="44.7596940" lon="9.1902840">
<ele>975.390503</ele>
<time>2010-11-23T09:06:04.003Z</time>
</trkpt>
<trkpt lat="44.7597200" lon="9.1903500">
<ele>976.365845</ele>
<time>2010-11-23T09:06:12.097Z</time>
</trkpt>
<trkpt lat="44.7598000" lon="9.1904200">
<ele>977.798401</ele>
<time>2010-11-23T09:06:23.003Z</time>
</trkpt>
<trkpt lat="44.7599100" lon="9.1905400">
<ele>978.286133</ele>
<time>2010-11-23T09:07:09.002Z</time>
</trkpt>
<trkpt lat="44.7599700" lon="9.1906700">
<ele>981.638916</ele>
<time>2010-11-23T09:07:20.001Z</time>
</trkpt>
<trkpt lat="44.7600300" lon="9.1907900">
<ele>983.071472</ele>
<time>2010-11-23T09:07:30.099Z</time>
</trkpt>
<trkpt lat="44.7601000" lon="9.1908800">
<ele>985.022156</ele>
<time>2010-11-23T09:07:40.096Z</time>
</trkpt>
<trkpt lat="44.7601800" lon="9.1909900">
<ele>986.942383</ele>
<time>2010-11-23T09:07:52.003Z</time>
</trkpt>
<trkpt lat="44.7602200" lon="9.1911100">
<ele>988.862671</ele>
<time>2010-11-23T09:08:03.002Z</time>
</trkpt>
<trkpt lat="44.7602400" lon="9.1912400">
<ele>991.270569</ele>
<time>2010-11-23T09:08:14.001Z</time>
</trkpt>
<trkpt lat="44.7601900" lon="9.1913700">
<ele>993.648010</ele>
<time>2010-11-23T09:08:26.002Z</time>
</trkpt>
<trkpt lat="44.7601500" lon="9.1915200">
<ele>994.135681</ele>
<time>2010-11-23T09:08:38.003Z</time>
</trkpt>
<trkpt lat="44.7601200" lon="9.1916800">
<ele>996.055908</ele>
<time>2010-11-23T09:08:50.097Z</time>
</trkpt>
<trkpt lat="44.7600900" lon="9.1918200">
<ele>997.518921</ele>
<time>2010-11-23T09:09:05.003Z</time>
</trkpt>
<trkpt lat="44.7600500" lon="9.1919400">
<ele>999.896423</ele>
<time>2010-11-23T09:09:17.004Z</time>
</trkpt>
<trkpt lat="44.7600400" lon="9.1920800">
<ele>1000.384094</ele>
<time>2010-11-23T09:09:28.096Z</time>
</trkpt>
<trkpt lat="44.7600300" lon="9.1922200">
<ele>1003.279724</ele>
<time>2010-11-23T09:09:41.099Z</time>
</trkpt>
<trkpt lat="44.7600100" lon="9.1923700">
<ele>1004.712280</ele>
<time>2010-11-23T09:09:54.000Z</time>
</trkpt>
<trkpt lat="44.7599700" lon="9.1924900">
<ele>1005.199890</ele>
<time>2010-11-23T09:10:03.003Z</time>
</trkpt>
<trkpt lat="44.7599400" lon="9.1926200">
<ele>1005.687622</ele>
<time>2010-11-23T09:10:12.099Z</time>
</trkpt>
<trkpt lat="44.7599000" lon="9.1927600">
<ele>1009.040405</ele>
<time>2010-11-23T09:10:41.002Z</time>
</trkpt>
<trkpt lat="44.7598200" lon="9.1928400">
<ele>1010.472961</ele>
<time>2010-11-23T09:10:57.003Z</time>
</trkpt>
<trkpt lat="44.7597300" lon="9.1928800">
<ele>1012.393188</ele>
<time>2010-11-23T09:11:11.000Z</time>
</trkpt>
<trkpt lat="44.7596300" lon="9.1928800">
<ele>1013.856262</ele>
<time>2010-11-23T09:11:21.098Z</time>
</trkpt>
<trkpt lat="44.7595400" lon="9.1929000">
<ele>1015.288818</ele>
<time>2010-11-23T09:11:32.097Z</time>
</trkpt>
<trkpt lat="44.7594600" lon="9.1929400">
<ele>1017.209045</ele>
<time>2010-11-23T09:11:43.096Z</time>
</trkpt>
<trkpt lat="44.7593600" lon="9.1929500">
<ele>1018.641602</ele>
<time>2010-11-23T09:11:55.097Z</time>
</trkpt>
<trkpt lat="44.7592600" lon="9.1930000">
<ele>1019.616943</ele>
<time>2010-11-23T09:12:06.002Z</time>
</trkpt>
<trkpt lat="44.7591800" lon="9.1930600">
<ele>1020.561829</ele>
<time>2010-11-23T09:12:17.001Z</time>
</trkpt>
<trkpt lat="44.7590900" lon="9.1930900">
<ele>1022.024902</ele>
<time>2010-11-23T09:12:29.002Z</time>
</trkpt>
<trkpt lat="44.7589900" lon="9.1931400">
<ele>1023.945068</ele>
<time>2010-11-23T09:12:38.098Z</time>
</trkpt>
<trkpt lat="44.7589100" lon="9.1931500">
<ele>1025.865356</ele>
<time>2010-11-23T09:12:52.001Z</time>
</trkpt>
<trkpt lat="44.7588300" lon="9.1932200">
<ele>1027.297852</ele>
<time>2010-11-23T09:13:03.000Z</time>
</trkpt>
<trkpt lat="44.7587700" lon="9.1933300">
<ele>1028.273315</ele>
<time>2010-11-23T09:13:13.099Z</time>
</trkpt>
<trkpt lat="44.7587000" lon="9.1934200">
<ele>1029.705811</ele>
<time>2010-11-23T09:13:24.004Z</time>
</trkpt>
<trkpt lat="44.7586100" lon="9.1934500">
<ele>1031.626099</ele>
<time>2010-11-23T09:13:35.003Z</time>
</trkpt>
<trkpt lat="44.7585200" lon="9.1934700">
<ele>1033.058716</ele>
<time>2010-11-23T09:13:53.000Z</time>
</trkpt>
<trkpt lat="44.7584400" lon="9.1935300">
<ele>1035.009399</ele>
<time>2010-11-23T09:14:06.003Z</time>
</trkpt>
<trkpt lat="44.7583800" lon="9.1936600">
<ele>1036.441895</ele>
<time>2010-11-23T09:14:18.097Z</time>
</trkpt>
<trkpt lat="44.7582700" lon="9.1937300">
<ele>1040.770142</ele>
<time>2010-11-23T09:14:45.097Z</time>
</trkpt>
<trkpt lat="44.7581600" lon="9.1938400">
<ele>1044.122925</ele>
<time>2010-11-23T09:15:04.097Z</time>
</trkpt>
<trkpt lat="44.7580600" lon="9.1939100">
<ele>1046.043091</ele>
<time>2010-11-23T09:15:22.000Z</time>
</trkpt>
<trkpt lat="44.7579700" lon="9.1940000">
<ele>1048.938721</ele>
<time>2010-11-23T09:15:36.099Z</time>
</trkpt>
<trkpt lat="44.7578900" lon="9.1940900">
<ele>1048.938721</ele>
<time>2010-11-23T09:15:49.000Z</time>
</trkpt>
<trkpt lat="44.7578100" lon="9.1941700">
<ele>1049.883545</ele>
<time>2010-11-23T09:16:01.001Z</time>
</trkpt>
<trkpt lat="44.7577100" lon="9.1942200">
<ele>1050.858887</ele>
<time>2010-11-23T09:16:14.098Z</time>
</trkpt>
<trkpt lat="44.7576000" lon="9.1942400">
<ele>1051.834351</ele>
<time>2010-11-23T09:16:26.099Z</time>
</trkpt>
<trkpt lat="44.7575100" lon="9.1943000">
<ele>1052.779175</ele>
<time>2010-11-23T09:16:37.098Z</time>
</trkpt>
<trkpt lat="44.7574160" lon="9.1942770">
<ele>1054.699463</ele>
<time>2010-11-23T09:16:49.099Z</time>
</trkpt>
<trkpt lat="44.7573400" lon="9.1942880">
<ele>1056.131958</ele>
<time>2010-11-23T09:17:06.000Z</time>
</trkpt>
<trkpt lat="44.7572100" lon="9.1943000">
<ele>1057.595093</ele>
<time>2010-11-23T09:17:23.004Z</time>
</trkpt>
<trkpt lat="44.7571200" lon="9.1943200">
<ele>1059.027588</ele>
<time>2010-11-23T09:17:41.001Z</time>
</trkpt>
<trkpt lat="44.7570350" lon="9.1943830">
<ele>1061.923218</ele>
<time>2010-11-23T09:17:58.098Z</time>
</trkpt>
<trkpt lat="44.7569050" lon="9.1944570">
<ele>1062.868164</ele>
<time>2010-11-23T09:18:17.004Z</time>
</trkpt>
<trkpt lat="44.7568060" lon="9.1945320">
<ele>1063.843506</ele>
<time>2010-11-23T09:18:32.096Z</time>
</trkpt>
<trkpt lat="44.7566990" lon="9.1946280">
<ele>1064.331055</ele>
<time>2010-11-23T09:19:53.096Z</time>
</trkpt>
<trkpt lat="44.7565620" lon="9.1947020">
<ele>1067.683838</ele>
<time>2010-11-23T09:20:43.096Z</time>
</trkpt>
<trkpt lat="44.7565320" lon="9.1944770">
<ele>1068.628784</ele>
<time>2010-11-23T09:20:56.099Z</time>
</trkpt>
<trkpt lat="44.7563490" lon="9.1946050">
<ele>1073.444702</ele>
<time>2010-11-23T09:21:14.096Z</time>
</trkpt>
<trkpt lat="44.7561120" lon="9.1947760">
<ele>1076.827881</ele>
<time>2010-11-23T09:21:30.004Z</time>
</trkpt>
<trkpt lat="44.7558220" lon="9.1950210">
<ele>1078.260498</ele>
<time>2010-11-23T09:21:41.003Z</time>
</trkpt>
<trkpt lat="44.7557150" lon="9.1951910">
<ele>1079.205322</ele>
<time>2010-11-23T09:21:49.097Z</time>
</trkpt>
<trkpt lat="44.7556540" lon="9.1953090">
<ele>1079.693115</ele>
<time>2010-11-23T09:22:00.002Z</time>
</trkpt>
<trkpt lat="44.7555850" lon="9.1953940">
<ele>1080.668457</ele>
<time>2010-11-23T09:22:09.098Z</time>
</trkpt>
<trkpt lat="44.7555300" lon="9.1955100">
<ele>1083.076294</ele>
<time>2010-11-23T09:22:20.097Z</time>
</trkpt>
<trkpt lat="44.7554500" lon="9.1955900">
<ele>1085.453735</ele>
<time>2010-11-23T09:22:31.096Z</time>
</trkpt>
<trkpt lat="44.7553480" lon="9.1955860">
<ele>1086.916748</ele>
<time>2010-11-23T09:22:43.003Z</time>
</trkpt>
<trkpt lat="44.7552650" lon="9.1955640">
<ele>1088.349365</ele>
<time>2010-11-23T09:22:53.000Z</time>
</trkpt>
<trkpt lat="44.7551700" lon="9.1955600">
<ele>1089.324707</ele>
<time>2010-11-23T09:23:02.096Z</time>
</trkpt>
<trkpt lat="44.7550800" lon="9.1955300">
<ele>1091.244995</ele>
<time>2010-11-23T09:23:17.002Z</time>
</trkpt>
<trkpt lat="44.7550500" lon="9.1955200">
<ele>1091.244995</ele>
<time>2010-11-23T09:27:37.099Z</time>
</trkpt>
<trkpt lat="44.7550890" lon="9.1956710">
<ele>1092.677490</ele>
<time>2010-11-23T09:28:11.097Z</time>
</trkpt>
<trkpt lat="44.7551040" lon="9.1958100">
<ele>1093.165161</ele>
<time>2010-11-23T09:28:26.096Z</time>
</trkpt>
<trkpt lat="44.7551190" lon="9.1959490">
<ele>1094.597778</ele>
<time>2010-11-23T09:28:38.004Z</time>
</trkpt>
<trkpt lat="44.7551340" lon="9.1960770">
<ele>1096.030273</ele>
<time>2010-11-23T09:28:49.002Z</time>
</trkpt>
<trkpt lat="44.7551570" lon="9.1961950">
<ele>1099.413574</ele>
<time>2010-11-23T09:29:01.003Z</time>
</trkpt>
<trkpt lat="44.7551790" lon="9.1963450">
<ele>1101.333862</ele>
<time>2010-11-23T09:29:17.098Z</time>
</trkpt>
<trkpt lat="44.7552170" lon="9.1964630">
<ele>1103.254150</ele>
<time>2010-11-23T09:29:32.097Z</time>
</trkpt>
<trkpt lat="44.7552480" lon="9.1966230">
<ele>1106.606934</ele>
<time>2010-11-23T09:29:51.096Z</time>
</trkpt>
<trkpt lat="44.7552400" lon="9.1967190">
<ele>1109.502563</ele>
<time>2010-11-23T09:30:05.000Z</time>
</trkpt>
<trkpt lat="44.7552400" lon="9.1968590">
<ele>1110.447388</ele>
<time>2010-11-23T09:30:18.096Z</time>
</trkpt>
<trkpt lat="44.7552500" lon="9.1969600">
<ele>1112.367554</ele>
<time>2010-11-23T09:30:32.000Z</time>
</trkpt>
<trkpt lat="44.7552700" lon="9.1971050">
<ele>1114.775513</ele>
<time>2010-11-23T09:30:45.096Z</time>
</trkpt>
<trkpt lat="44.7553100" lon="9.1972100">
<ele>1117.671143</ele>
<time>2010-11-23T09:31:01.004Z</time>
</trkpt>
<trkpt lat="44.7554070" lon="9.1972440">
<ele>1119.591309</ele>
<time>2010-11-23T09:31:17.099Z</time>
</trkpt>
<trkpt lat="44.7555060" lon="9.1972770">
<ele>1121.511597</ele>
<time>2010-11-23T09:31:31.002Z</time>
</trkpt>
<trkpt lat="44.7556580" lon="9.1973730">
<ele>1124.407227</ele>
<time>2010-11-23T09:32:06.096Z</time>
</trkpt>
<trkpt lat="44.7557800" lon="9.1974590">
<ele>1125.839722</ele>
<time>2010-11-23T09:32:44.002Z</time>
</trkpt>
<trkpt lat="44.7558860" lon="9.1975240">
<ele>1128.735352</ele>
<time>2010-11-23T09:33:00.096Z</time>
</trkpt>
<trkpt lat="44.7559390" lon="9.1976310">
<ele>1130.655640</ele>
<time>2010-11-23T09:33:32.099Z</time>
</trkpt>
<trkpt lat="44.7559310" lon="9.1979730">
<ele>1137.391724</ele>
<time>2010-11-23T09:34:09.002Z</time>
</trkpt>
<trkpt lat="44.7558620" lon="9.1981550">
<ele>1139.769043</ele>
<time>2010-11-23T09:34:28.001Z</time>
</trkpt>
<trkpt lat="44.7557780" lon="9.1983690">
<ele>1142.664673</ele>
<time>2010-11-23T09:34:53.099Z</time>
</trkpt>
<trkpt lat="44.7557400" lon="9.1985080">
<ele>1145.072632</ele>
<time>2010-11-23T09:35:08.098Z</time>
</trkpt>
<trkpt lat="44.7557000" lon="9.1986600">
<ele>1147.480591</ele>
<time>2010-11-23T09:35:31.098Z</time>
</trkpt>
<trkpt lat="44.7556780" lon="9.1988280">
<ele>1149.400757</ele>
<time>2010-11-23T09:35:47.099Z</time>
</trkpt>
<trkpt lat="44.7557310" lon="9.1989890">
<ele>1151.321045</ele>
<time>2010-11-23T09:36:06.098Z</time>
</trkpt>
<trkpt lat="44.7557540" lon="9.1991280">
<ele>1154.186157</ele>
<time>2010-11-23T09:36:21.004Z</time>
</trkpt>
<trkpt lat="44.7557400" lon="9.1993200">
<ele>1157.569458</ele>
<time>2010-11-23T09:36:41.099Z</time>
</trkpt>
<trkpt lat="44.7556920" lon="9.1995340">
<ele>1161.409912</ele>
<time>2010-11-23T09:37:07.097Z</time>
</trkpt>
<trkpt lat="44.7556080" lon="9.1997270">
<ele>1166.225708</ele>
<time>2010-11-23T09:37:33.001Z</time>
</trkpt>
<trkpt lat="44.7555160" lon="9.1998760">
<ele>1167.658325</ele>
<time>2010-11-23T09:37:46.098Z</time>
</trkpt>
<trkpt lat="44.7554550" lon="9.2000260">
<ele>1168.633667</ele>
<time>2010-11-23T09:37:58.099Z</time>
</trkpt>
<trkpt lat="44.7554090" lon="9.2001750">
<ele>1169.090942</ele>
<time>2010-11-23T09:38:16.002Z</time>
</trkpt>
<trkpt lat="44.7553550" lon="9.2003250">
<ele>1170.066284</ele>
<time>2010-11-23T09:38:25.099Z</time>
</trkpt>
<trkpt lat="44.7552640" lon="9.2004530">
<ele>1171.498779</ele>
<time>2010-11-23T09:38:46.000Z</time>
</trkpt>
<trkpt lat="44.7552100" lon="9.2006770">
<ele>1173.419067</ele>
<time>2010-11-23T09:39:00.099Z</time>
</trkpt>
<trkpt lat="44.7551640" lon="9.2009130">
<ele>1174.882080</ele>
<time>2010-11-23T09:39:23.099Z</time>
</trkpt>
<trkpt lat="44.7550570" lon="9.2009760">
<ele>1175.826904</ele>
<time>2010-11-23T09:39:34.004Z</time>
</trkpt>
<trkpt lat="44.7549900" lon="9.2010300">
<ele>1178.234863</ele>
<time>2010-11-23T09:39:46.099Z</time>
</trkpt>
<trkpt lat="44.7548890" lon="9.2010930">
<ele>1179.667480</ele>
<time>2010-11-23T09:39:57.004Z</time>
</trkpt>
<trkpt lat="44.7548280" lon="9.2011790">
<ele>1180.155029</ele>
<time>2010-11-23T09:40:08.003Z</time>
</trkpt>
<trkpt lat="44.7547500" lon="9.2012900">
<ele>1180.642822</ele>
<time>2010-11-23T09:40:20.004Z</time>
</trkpt>
<trkpt lat="44.7546600" lon="9.2014030">
<ele>1181.130493</ele>
<time>2010-11-23T09:40:31.002Z</time>
</trkpt>
<trkpt lat="44.7545760" lon="9.2015200">
<ele>1181.587769</ele>
<time>2010-11-23T09:40:42.001Z</time>
</trkpt>
<trkpt lat="44.7544920" lon="9.2016050">
<ele>1185.915894</ele>
<time>2010-11-23T09:40:59.098Z</time>
</trkpt>
<trkpt lat="44.7544080" lon="9.2016800">
<ele>1189.299072</ele>
<time>2010-11-23T09:41:18.004Z</time>
</trkpt>
<trkpt lat="44.7542780" lon="9.2018830">
<ele>1196.492432</ele>
<time>2010-11-23T09:42:07.001Z</time>
</trkpt>
<trkpt lat="44.7542700" lon="9.2021500">
<ele>1201.308228</ele>
<time>2010-11-23T09:43:13.096Z</time>
</trkpt>
<trkpt lat="44.7543900" lon="9.2024800">
<ele>1206.581299</ele>
<time>2010-11-23T09:44:11.003Z</time>
</trkpt>
<trkpt lat="44.7543800" lon="9.2026700">
<ele>1207.068970</ele>
<time>2010-11-23T09:44:29.000Z</time>
</trkpt>
<trkpt lat="44.7543400" lon="9.2029600">
<ele>1212.372559</ele>
<time>2010-11-23T09:45:00.000Z</time>
</trkpt>
<trkpt lat="44.7542900" lon="9.2031100">
<ele>1214.749878</ele>
<time>2010-11-23T09:45:13.003Z</time>
</trkpt>
<trkpt lat="44.7542800" lon="9.2032700">
<ele>1216.700684</ele>
<time>2010-11-23T09:45:27.000Z</time>
</trkpt>
<trkpt lat="44.7543500" lon="9.2035200">
<ele>1220.541138</ele>
<time>2010-11-23T09:45:51.002Z</time>
</trkpt>
<trkpt lat="44.7543800" lon="9.2036700">
<ele>1221.485962</ele>
<time>2010-11-23T09:46:04.099Z</time>
</trkpt>
<trkpt lat="44.7544100" lon="9.2038100">
<ele>1223.893921</ele>
<time>2010-11-23T09:46:21.000Z</time>
</trkpt>
<trkpt lat="44.7544200" lon="9.2039700">
<ele>1226.789551</ele>
<time>2010-11-23T09:46:35.099Z</time>
</trkpt>
<trkpt lat="44.7543500" lon="9.2042200">
<ele>1233.037842</ele>
<time>2010-11-23T09:47:09.097Z</time>
</trkpt>
<trkpt lat="44.7542700" lon="9.2043900">
<ele>1234.958130</ele>
<time>2010-11-23T09:47:25.099Z</time>
</trkpt>
<trkpt lat="44.7541700" lon="9.2046700">
<ele>1238.798706</ele>
<time>2010-11-23T09:47:59.004Z</time>
</trkpt>
<trkpt lat="44.7542900" lon="9.2048100">
<ele>1241.694214</ele>
<time>2010-11-23T09:48:23.099Z</time>
</trkpt>
<trkpt lat="44.7544000" lon="9.2048800">
<ele>1243.126831</ele>
<time>2010-11-23T09:48:41.003Z</time>
</trkpt>
<trkpt lat="44.7544800" lon="9.2050200">
<ele>1245.991943</ele>
<time>2010-11-23T09:49:00.002Z</time>
</trkpt>
<trkpt lat="44.7545000" lon="9.2054200">
<ele>1256.568481</ele>
<time>2010-11-23T09:49:59.098Z</time>
</trkpt>
<trkpt lat="44.7545000" lon="9.2056100">
<ele>1262.359741</ele>
<time>2010-11-23T09:51:54.003Z</time>
</trkpt>
<trkpt lat="44.7544400" lon="9.2059600">
<ele>1269.552979</ele>
<time>2010-11-23T09:52:37.098Z</time>
</trkpt>
<trkpt lat="44.7544000" lon="9.2061200">
<ele>1273.393433</ele>
<time>2010-11-23T09:52:52.097Z</time>
</trkpt>
<trkpt lat="44.7543500" lon="9.2062300">
<ele>1275.313721</ele>
<time>2010-11-23T09:53:07.002Z</time>
</trkpt>
<trkpt lat="44.7543600" lon="9.2063900">
<ele>1278.697021</ele>
<time>2010-11-23T09:53:27.004Z</time>
</trkpt>
<trkpt lat="44.7543500" lon="9.2065800">
<ele>1281.562134</ele>
<time>2010-11-23T09:53:43.099Z</time>
</trkpt>
<trkpt lat="44.7543100" lon="9.2067500">
<ele>1283.969971</ele>
<time>2010-11-23T09:54:01.002Z</time>
</trkpt>
<trkpt lat="44.7542900" lon="9.2069100">
<ele>1286.865601</ele>
<time>2010-11-23T09:54:17.004Z</time>
</trkpt>
<trkpt lat="44.7542500" lon="9.2070800">
<ele>1289.273438</ele>
<time>2010-11-23T09:54:35.001Z</time>
</trkpt>
<trkpt lat="44.7542200" lon="9.2072500">
<ele>1292.626343</ele>
<time>2010-11-23T09:54:50.000Z</time>
</trkpt>
<trkpt lat="44.7542000" lon="9.2074700">
<ele>1294.058960</ele>
<time>2010-11-23T09:55:11.097Z</time>
</trkpt>
<trkpt lat="44.7541300" lon="9.2076500">
<ele>1296.009644</ele>
<time>2010-11-23T09:55:38.097Z</time>
</trkpt>
<trkpt lat="44.7540500" lon="9.2077900">
<ele>1297.442261</ele>
<time>2010-11-23T09:55:53.096Z</time>
</trkpt>
<trkpt lat="44.7539700" lon="9.2078800">
<ele>1299.850098</ele>
<time>2010-11-23T09:56:05.004Z</time>
</trkpt>
<trkpt lat="44.7539000" lon="9.2079700">
<ele>1302.715210</ele>
<time>2010-11-23T09:56:20.003Z</time>
</trkpt>
<trkpt lat="44.7538900" lon="9.2082400">
<ele>1308.506348</ele>
<time>2010-11-23T09:56:51.003Z</time>
</trkpt>
<trkpt lat="44.7537600" lon="9.2088300">
<ele>1323.868286</ele>
<time>2010-11-23T09:58:35.096Z</time>
</trkpt>
<trkpt lat="44.7536800" lon="9.2089400">
<ele>1326.763916</ele>
<time>2010-11-23T09:58:59.098Z</time>
</trkpt>
<trkpt lat="44.7535900" lon="9.2091000">
<ele>1332.036987</ele>
<time>2010-11-23T09:59:25.002Z</time>
</trkpt>
<trkpt lat="44.7535200" lon="9.2092400">
<ele>1335.877441</ele>
<time>2010-11-23T09:59:44.002Z</time>
</trkpt>
<trkpt lat="44.7534800" lon="9.2094200">
<ele>1337.797729</ele>
<time>2010-11-23T09:59:59.001Z</time>
</trkpt>
<trkpt lat="44.7534000" lon="9.2096000">
<ele>1342.613525</ele>
<time>2010-11-23T10:00:31.003Z</time>
</trkpt>
<trkpt lat="44.7533700" lon="9.2098000">
<ele>1344.046143</ele>
<time>2010-11-23T10:00:58.003Z</time>
</trkpt>
<trkpt lat="44.7533100" lon="9.2099500">
<ele>1344.533813</ele>
<time>2010-11-23T10:01:09.002Z</time>
</trkpt>
<trkpt lat="44.7532300" lon="9.2100900">
<ele>1347.916992</ele>
<time>2010-11-23T10:01:25.003Z</time>
</trkpt>
<trkpt lat="44.7531700" lon="9.2102200">
<ele>1349.837280</ele>
<time>2010-11-23T10:01:36.002Z</time>
</trkpt>
<trkpt lat="44.7530800" lon="9.2103400">
<ele>1350.294556</ele>
<time>2010-11-23T10:01:47.001Z</time>
</trkpt>
<trkpt lat="44.7530100" lon="9.2104500">
<ele>1351.757446</ele>
<time>2010-11-23T10:02:03.002Z</time>
</trkpt>
<trkpt lat="44.7530400" lon="9.2106000">
<ele>1354.622559</ele>
<time>2010-11-23T10:02:20.099Z</time>
</trkpt>
<trkpt lat="44.7531100" lon="9.2107600">
<ele>1356.542969</ele>
<time>2010-11-23T10:02:38.096Z</time>
</trkpt>
<trkpt lat="44.7531000" lon="9.2109300">
<ele>1358.493652</ele>
<time>2010-11-23T10:02:51.099Z</time>
</trkpt>
<trkpt lat="44.7530800" lon="9.2110900">
<ele>1359.438477</ele>
<time>2010-11-23T10:03:04.000Z</time>
</trkpt>
<trkpt lat="44.7530600" lon="9.2112400">
<ele>1360.870972</ele>
<time>2010-11-23T10:03:17.004Z</time>
</trkpt>
<trkpt lat="44.7530400" lon="9.2113800">
<ele>1361.846436</ele>
<time>2010-11-23T10:03:29.098Z</time>
</trkpt>
<trkpt lat="44.7530000" lon="9.2115200">
<ele>1363.279053</ele>
<time>2010-11-23T10:03:43.001Z</time>
</trkpt>
<trkpt lat="44.7529800" lon="9.2116400">
<ele>1365.686890</ele>
<time>2010-11-23T10:03:55.002Z</time>
</trkpt>
<trkpt lat="44.7529500" lon="9.2117700">
<ele>1367.607056</ele>
<time>2010-11-23T10:04:07.097Z</time>
</trkpt>
<trkpt lat="44.7529500" lon="9.2119000">
<ele>1369.527466</ele>
<time>2010-11-23T10:04:27.098Z</time>
</trkpt>
<trkpt lat="44.7529500" lon="9.2120300">
<ele>1370.015015</ele>
<time>2010-11-23T10:04:38.004Z</time>
</trkpt>
<trkpt lat="44.7529400" lon="9.2121600">
<ele>1370.990356</ele>
<time>2010-11-23T10:04:52.000Z</time>
</trkpt>
<trkpt lat="44.7529200" lon="9.2122900">
<ele>1372.422974</ele>
<time>2010-11-23T10:05:04.001Z</time>
</trkpt>
<trkpt lat="44.7529000" lon="9.2123700">
<ele>1374.830933</ele>
<time>2010-11-23T10:05:32.097Z</time>
</trkpt>
<trkpt lat="44.7528900" lon="9.2124000">
<ele>1375.288086</ele>
<time>2010-11-23T10:06:37.002Z</time>
</trkpt>
<trkpt lat="44.7528600" lon="9.2124700">
<ele>1374.830933</ele>
<time>2010-11-23T10:08:32.001Z</time>
</trkpt>
<trkpt lat="44.7527700" lon="9.2125000">
<ele>1376.751099</ele>
<time>2010-11-23T10:08:44.002Z</time>
</trkpt>
<trkpt lat="44.7526730" lon="9.2124990">
<ele>1377.238770</ele>
<time>2010-11-23T10:08:55.000Z</time>
</trkpt>
<trkpt lat="44.7525970" lon="9.2125310">
<ele>1378.183716</ele>
<time>2010-11-23T10:09:30.001Z</time>
</trkpt>
<trkpt lat="44.7524980" lon="9.2125630">
<ele>1380.103882</ele>
<time>2010-11-23T10:09:41.000Z</time>
</trkpt>
<trkpt lat="44.7523990" lon="9.2125940">
<ele>1381.079346</ele>
<time>2010-11-23T10:09:50.096Z</time>
</trkpt>
<trkpt lat="44.7523000" lon="9.2126470">
<ele>1382.024170</ele>
<time>2010-11-23T10:10:02.004Z</time>
</trkpt>
<trkpt lat="44.7522160" lon="9.2126470">
<ele>1384.432129</ele>
<time>2010-11-23T10:10:14.098Z</time>
</trkpt>
<trkpt lat="44.7521240" lon="9.2126790">
<ele>1385.864624</ele>
<time>2010-11-23T10:10:25.003Z</time>
</trkpt>
<trkpt lat="44.7520250" lon="9.2127210">
<ele>1385.864624</ele>
<time>2010-11-23T10:10:35.000Z</time>
</trkpt>
<trkpt lat="44.7519330" lon="9.2127640">
<ele>1387.327759</ele>
<time>2010-11-23T10:10:44.096Z</time>
</trkpt>
<trkpt lat="44.7518420" lon="9.2128490">
<ele>1388.272583</ele>
<time>2010-11-23T10:10:55.001Z</time>
</trkpt>
<trkpt lat="44.7517810" lon="9.2129130">
<ele>1389.735596</ele>
<time>2010-11-23T10:11:16.099Z</time>
</trkpt>
<trkpt lat="44.7517200" lon="9.2130090">
<ele>1391.168213</ele>
<time>2010-11-23T10:11:27.004Z</time>
</trkpt>
<trkpt lat="44.7516740" lon="9.2130620">
<ele>1393.088379</ele>
<time>2010-11-23T10:11:35.098Z</time>
</trkpt>
<trkpt lat="44.7516280" lon="9.2130840">
<ele>1394.063843</ele>
<time>2010-11-23T10:11:43.099Z</time>
</trkpt>
<trkpt lat="44.7515900" lon="9.2130510">
<ele>1395.984009</ele>
<time>2010-11-23T10:11:53.002Z</time>
</trkpt>
<trkpt lat="44.7515520" lon="9.2129550">
<ele>1396.441162</ele>
<time>2010-11-23T10:12:01.096Z</time>
</trkpt>
<trkpt lat="44.7515220" lon="9.2128370">
<ele>1396.928955</ele>
<time>2010-11-23T10:12:10.099Z</time>
</trkpt>
<trkpt lat="44.7514610" lon="9.2127190">
<ele>1397.416626</ele>
<time>2010-11-23T10:12:20.002Z</time>
</trkpt>
<trkpt lat="44.7514230" lon="9.2126230">
<ele>1398.361328</ele>
<time>2010-11-23T10:12:28.096Z</time>
</trkpt>
<trkpt lat="44.7513780" lon="9.2125050">
<ele>1399.824463</ele>
<time>2010-11-23T10:12:37.099Z</time>
</trkpt>
<trkpt lat="44.7513170" lon="9.2123980">
<ele>1402.232422</ele>
<time>2010-11-23T10:12:50.000Z</time>
</trkpt>
<trkpt lat="44.7512560" lon="9.2123120">
<ele>1404.152588</ele>
<time>2010-11-23T10:14:00.001Z</time>
</trkpt>
<trkpt lat="44.7512030" lon="9.2122480">
<ele>1405.097534</ele>
<time>2010-11-23T10:14:11.000Z</time>
</trkpt>
<trkpt lat="44.7511420" lon="9.2122690">
<ele>1407.017822</ele>
<time>2010-11-23T10:14:21.098Z</time>
</trkpt>
<trkpt lat="44.7510730" lon="9.2124400">
<ele>1408.937988</ele>
<time>2010-11-23T10:14:33.099Z</time>
</trkpt>
<trkpt lat="44.7510040" lon="9.2126430">
<ele>1409.425659</ele>
<time>2010-11-23T10:14:43.096Z</time>
</trkpt>
<trkpt lat="44.7509580" lon="9.2127500">
<ele>1410.858154</ele>
<time>2010-11-23T10:14:54.001Z</time>
</trkpt>
<trkpt lat="44.7508820" lon="9.2128130">
<ele>1411.833618</ele>
<time>2010-11-23T10:15:03.097Z</time>
</trkpt>
<trkpt lat="44.7508050" lon="9.2128670">
<ele>1413.266235</ele>
<time>2010-11-23T10:15:14.003Z</time>
</trkpt>
<trkpt lat="44.7507290" lon="9.2129630">
<ele>1414.729248</ele>
<time>2010-11-23T10:15:23.099Z</time>
</trkpt>
<trkpt lat="44.7506450" lon="9.2130800">
<ele>1415.674072</ele>
<time>2010-11-23T10:15:34.004Z</time>
</trkpt>
<trkpt lat="44.7505760" lon="9.2132190">
<ele>1416.649414</ele>
<time>2010-11-23T10:15:44.001Z</time>
</trkpt>
<trkpt lat="44.7505070" lon="9.2133040">
<ele>1417.594238</ele>
<time>2010-11-23T10:15:53.097Z</time>
</trkpt>
<trkpt lat="44.7504460" lon="9.2134000">
<ele>1418.569702</ele>
<time>2010-11-23T10:16:04.002Z</time>
</trkpt>
<trkpt lat="44.7503770" lon="9.2134750">
<ele>1419.514648</ele>
<time>2010-11-23T10:16:15.001Z</time>
</trkpt>
<trkpt lat="44.7503160" lon="9.2135490">
<ele>1420.977539</ele>
<time>2010-11-23T10:16:28.004Z</time>
</trkpt>
<trkpt lat="44.7502320" lon="9.2136350">
<ele>1422.410278</ele>
<time>2010-11-23T10:16:38.001Z</time>
</trkpt>
<trkpt lat="44.7501480" lon="9.2136990">
<ele>1423.354980</ele>
<time>2010-11-23T10:16:48.099Z</time>
</trkpt>
<trkpt lat="44.7500700" lon="9.2137700">
<ele>1424.818115</ele>
<time>2010-11-23T10:16:58.096Z</time>
</trkpt>
<trkpt lat="44.7499800" lon="9.2138200">
<ele>1426.250610</ele>
<time>2010-11-23T10:17:10.097Z</time>
</trkpt>
<trkpt lat="44.7498700" lon="9.2138500">
<ele>1427.225952</ele>
<time>2010-11-23T10:17:24.000Z</time>
</trkpt>
<trkpt lat="44.7497600" lon="9.2138800">
<ele>1429.146240</ele>
<time>2010-11-23T10:17:34.099Z</time>
</trkpt>
<trkpt lat="44.7496680" lon="9.2138890">
<ele>1430.578857</ele>
<time>2010-11-23T10:17:45.004Z</time>
</trkpt>
<trkpt lat="44.7495530" lon="9.2139210">
<ele>1432.499023</ele>
<time>2010-11-23T10:17:56.003Z</time>
</trkpt>
<trkpt lat="44.7494770" lon="9.2139210">
<ele>1433.931641</ele>
<time>2010-11-23T10:18:07.001Z</time>
</trkpt>
<trkpt lat="44.7493860" lon="9.2139200">
<ele>1434.906982</ele>
<time>2010-11-23T10:18:16.004Z</time>
</trkpt>
<trkpt lat="44.7493000" lon="9.2139300">
<ele>1434.906982</ele>
<time>2010-11-23T10:18:26.001Z</time>
</trkpt>
<trkpt lat="44.7492100" lon="9.2139000">
<ele>1436.827148</ele>
<time>2010-11-23T10:18:36.099Z</time>
</trkpt>
<trkpt lat="44.7491200" lon="9.2138700">
<ele>1438.747437</ele>
<time>2010-11-23T10:18:46.096Z</time>
</trkpt>
<trkpt lat="44.7490300" lon="9.2138500">
<ele>1439.722778</ele>
<time>2010-11-23T10:18:57.001Z</time>
</trkpt>
<trkpt lat="44.7489270" lon="9.2138140">
<ele>1442.100220</ele>
<time>2010-11-23T10:19:08.000Z</time>
</trkpt>
<trkpt lat="44.7488430" lon="9.2138030">
<ele>1443.563354</ele>
<time>2010-11-23T10:19:17.096Z</time>
</trkpt>
<trkpt lat="44.7487520" lon="9.2137700">
<ele>1444.995728</ele>
<time>2010-11-23T10:19:28.001Z</time>
</trkpt>
<trkpt lat="44.7486600" lon="9.2137490">
<ele>1445.483521</ele>
<time>2010-11-23T10:19:37.004Z</time>
</trkpt>
<trkpt lat="44.7485770" lon="9.2137380">
<ele>1446.428345</ele>
<time>2010-11-23T10:19:45.098Z</time>
</trkpt>
<trkpt lat="44.7484800" lon="9.2137200">
<ele>1447.403809</ele>
<time>2010-11-23T10:19:55.001Z</time>
</trkpt>
<trkpt lat="44.7483900" lon="9.2136600">
<ele>1447.891357</ele>
<time>2010-11-23T10:20:04.004Z</time>
</trkpt>
<trkpt lat="44.7483100" lon="9.2136200">
<ele>1449.323975</ele>
<time>2010-11-23T10:20:12.098Z</time>
</trkpt>
<trkpt lat="44.7482200" lon="9.2135900">
<ele>1449.323975</ele>
<time>2010-11-23T10:20:22.001Z</time>
</trkpt>
<trkpt lat="44.7481200" lon="9.2135600">
<ele>1450.756592</ele>
<time>2010-11-23T10:20:31.098Z</time>
</trkpt>
<trkpt lat="44.7480300" lon="9.2135300">
<ele>1452.219604</ele>
<time>2010-11-23T10:20:42.003Z</time>
</trkpt>
<trkpt lat="44.7479500" lon="9.2134700">
<ele>1453.164551</ele>
<time>2010-11-23T10:20:51.099Z</time>
</trkpt>
<trkpt lat="44.7478700" lon="9.2133900">
<ele>1454.139771</ele>
<time>2010-11-23T10:21:01.096Z</time>
</trkpt>
<trkpt lat="44.7478230" lon="9.2133070">
<ele>1454.596924</ele>
<time>2010-11-23T10:21:13.003Z</time>
</trkpt>
<trkpt lat="44.7477700" lon="9.2132530">
<ele>1456.060059</ele>
<time>2010-11-23T10:21:36.003Z</time>
</trkpt>
<trkpt lat="44.7476930" lon="9.2131990">
<ele>1457.492554</ele>
<time>2010-11-23T10:21:50.000Z</time>
</trkpt>
<trkpt lat="44.7475600" lon="9.2132100">
<ele>1460.388184</ele>
<time>2010-11-23T10:22:21.000Z</time>
</trkpt>
<trkpt lat="44.7473500" lon="9.2132400">
<ele>1460.845337</ele>
<time>2010-11-23T10:23:36.097Z</time>
</trkpt>
<trkpt lat="44.7472700" lon="9.2132700">
<ele>1461.820801</ele>
<time>2010-11-23T10:23:47.003Z</time>
</trkpt>
<trkpt lat="44.7472000" lon="9.2133200">
<ele>1462.308472</ele>
<time>2010-11-23T10:23:55.097Z</time>
</trkpt>
<trkpt lat="44.7471200" lon="9.2133800">
<ele>1463.253418</ele>
<time>2010-11-23T10:24:05.000Z</time>
</trkpt>
<trkpt lat="44.7470370" lon="9.2135070">
<ele>1463.740967</ele>
<time>2010-11-23T10:24:14.096Z</time>
</trkpt>
<trkpt lat="44.7469500" lon="9.2135200">
<ele>1464.716431</ele>
<time>2010-11-23T10:24:23.099Z</time>
</trkpt>
<trkpt lat="44.7468700" lon="9.2135170">
<ele>1465.173584</ele>
<time>2010-11-23T10:24:34.004Z</time>
</trkpt>
<trkpt lat="44.7467700" lon="9.2135400">
<ele>1466.149048</ele>
<time>2010-11-23T10:24:42.098Z</time>
</trkpt>
<trkpt lat="44.7466700" lon="9.2135300">
<ele>1466.636597</ele>
<time>2010-11-23T10:24:52.001Z</time>
</trkpt>
<trkpt lat="44.7465900" lon="9.2135100">
<ele>1469.044678</ele>
<time>2010-11-23T10:25:03.000Z</time>
</trkpt>
<trkpt lat="44.7464900" lon="9.2135100">
<ele>1469.989380</ele>
<time>2010-11-23T10:25:12.096Z</time>
</trkpt>
<trkpt lat="44.7464000" lon="9.2135000">
<ele>1470.477051</ele>
<time>2010-11-23T10:25:26.000Z</time>
</trkpt>
<trkpt lat="44.7463130" lon="9.2135470">
<ele>1471.909668</ele>
<time>2010-11-23T10:25:39.096Z</time>
</trkpt>
<trkpt lat="44.7462060" lon="9.2136000">
<ele>1473.372681</ele>
<time>2010-11-23T10:25:51.097Z</time>
</trkpt>
<trkpt lat="44.7461230" lon="9.2136540">
<ele>1474.805298</ele>
<time>2010-11-23T10:26:01.000Z</time>
</trkpt>
<trkpt lat="44.7460080" lon="9.2137070">
<ele>1475.292969</ele>
<time>2010-11-23T10:26:11.099Z</time>
</trkpt>
<trkpt lat="44.7459170" lon="9.2137700">
<ele>1477.213257</ele>
<time>2010-11-23T10:26:21.002Z</time>
</trkpt>
<trkpt lat="44.7458100" lon="9.2138130">
<ele>1478.645874</ele>
<time>2010-11-23T10:26:32.001Z</time>
</trkpt>
<trkpt lat="44.7457180" lon="9.2138660">
<ele>1479.133423</ele>
<time>2010-11-23T10:26:44.002Z</time>
</trkpt>
<trkpt lat="44.7456270" lon="9.2139190">
<ele>1480.566040</ele>
<time>2010-11-23T10:26:53.098Z</time>
</trkpt>
<trkpt lat="44.7455430" lon="9.2139620">
<ele>1480.078247</ele>
<time>2010-11-23T10:27:03.001Z</time>
</trkpt>
<trkpt lat="44.7454400" lon="9.2140000">
<ele>1481.998657</ele>
<time>2010-11-23T10:27:15.002Z</time>
</trkpt>
<trkpt lat="44.7453600" lon="9.2140800">
<ele>1482.973877</ele>
<time>2010-11-23T10:27:24.098Z</time>
</trkpt>
<trkpt lat="44.7452530" lon="9.2141420">
<ele>1483.918823</ele>
<time>2010-11-23T10:27:35.097Z</time>
</trkpt>
<trkpt lat="44.7451540" lon="9.2141950">
<ele>1484.894165</ele>
<time>2010-11-23T10:27:46.096Z</time>
</trkpt>
<trkpt lat="44.7451000" lon="9.2142270">
<ele>1485.381836</ele>
<time>2010-11-23T10:28:05.002Z</time>
</trkpt>
<trkpt lat="44.7450160" lon="9.2142910">
<ele>1485.381836</ele>
<time>2010-11-23T10:28:26.099Z</time>
</trkpt>
<trkpt lat="44.7449500" lon="9.2144100">
<ele>1486.814453</ele>
<time>2010-11-23T10:28:37.004Z</time>
</trkpt>
<trkpt lat="44.7448700" lon="9.2144700">
<ele>1487.302124</ele>
<time>2010-11-23T10:28:45.098Z</time>
</trkpt>
<trkpt lat="44.7447570" lon="9.2145150">
<ele>1487.789795</ele>
<time>2010-11-23T10:28:55.001Z</time>
</trkpt>
<trkpt lat="44.7446800" lon="9.2145250">
<ele>1488.247070</ele>
<time>2010-11-23T10:29:04.004Z</time>
</trkpt>
<trkpt lat="44.7445810" lon="9.2145140">
<ele>1488.247070</ele>
<time>2010-11-23T10:29:11.096Z</time>
</trkpt>
<trkpt lat="44.7444980" lon="9.2144820">
<ele>1487.302124</ele>
<time>2010-11-23T10:29:20.099Z</time>
</trkpt>
<trkpt lat="44.7444060" lon="9.2144280">
<ele>1487.302124</ele>
<time>2010-11-23T10:29:30.002Z</time>
</trkpt>
<trkpt lat="44.7443100" lon="9.2143900">
<ele>1487.302124</ele>
<time>2010-11-23T10:29:38.003Z</time>
</trkpt>
<trkpt lat="44.7442300" lon="9.2143100">
<ele>1487.302124</ele>
<time>2010-11-23T10:29:46.097Z</time>
</trkpt>
<trkpt lat="44.7441400" lon="9.2142400">
<ele>1486.326660</ele>
<time>2010-11-23T10:29:56.000Z</time>
</trkpt>
<trkpt lat="44.7440500" lon="9.2141800">
<ele>1486.326660</ele>
<time>2010-11-23T10:30:05.003Z</time>
</trkpt>
<trkpt lat="44.7439400" lon="9.2141100">
<ele>1486.326660</ele>
<time>2010-11-23T10:30:16.001Z</time>
</trkpt>
<trkpt lat="44.7438600" lon="9.2140300">
<ele>1486.326660</ele>
<time>2010-11-23T10:30:25.098Z</time>
</trkpt>
<trkpt lat="44.7437800" lon="9.2139600">
<ele>1486.326660</ele>
<time>2010-11-23T10:30:35.001Z</time>
</trkpt>
<trkpt lat="44.7436700" lon="9.2138800">
<ele>1486.326660</ele>
<time>2010-11-23T10:30:44.097Z</time>
</trkpt>
<trkpt lat="44.7435700" lon="9.2138100">
<ele>1485.869507</ele>
<time>2010-11-23T10:30:52.098Z</time>
</trkpt>
<trkpt lat="44.7434700" lon="9.2137500">
<ele>1485.381836</ele>
<time>2010-11-23T10:31:02.001Z</time>
</trkpt>
<trkpt lat="44.7433940" lon="9.2137080">
<ele>1484.894165</ele>
<time>2010-11-23T10:31:11.097Z</time>
</trkpt>
<trkpt lat="44.7433000" lon="9.2136000">
<ele>1485.381836</ele>
<time>2010-11-23T10:31:38.004Z</time>
</trkpt>
<trkpt lat="44.7432490" lon="9.2135040">
<ele>1485.869507</ele>
<time>2010-11-23T10:31:49.096Z</time>
</trkpt>
<trkpt lat="44.7431810" lon="9.2134290">
<ele>1487.789795</ele>
<time>2010-11-23T10:32:01.097Z</time>
</trkpt>
<trkpt lat="44.7430900" lon="9.2133430">
<ele>1488.734619</ele>
<time>2010-11-23T10:32:12.002Z</time>
</trkpt>
<trkpt lat="44.7429600" lon="9.2132600">
<ele>1489.222290</ele>
<time>2010-11-23T10:32:24.003Z</time>
</trkpt>
<trkpt lat="44.7428700" lon="9.2132100">
<ele>1489.709961</ele>
<time>2010-11-23T10:32:32.097Z</time>
</trkpt>
<trkpt lat="44.7427320" lon="9.2131490">
<ele>1490.654907</ele>
<time>2010-11-23T10:33:03.004Z</time>
</trkpt>
<trkpt lat="44.7426330" lon="9.2131270">
<ele>1488.734619</ele>
<time>2010-11-23T10:33:11.098Z</time>
</trkpt>
<trkpt lat="44.7425340" lon="9.2131060">
<ele>1488.734619</ele>
<time>2010-11-23T10:33:19.099Z</time>
</trkpt>
<trkpt lat="44.7424350" lon="9.2130950">
<ele>1488.734619</ele>
<time>2010-11-23T10:33:27.099Z</time>
</trkpt>
<trkpt lat="44.7423280" lon="9.2130840">
<ele>1487.789795</ele>
<time>2010-11-23T10:34:16.097Z</time>
</trkpt>
<trkpt lat="44.7422400" lon="9.2130700">
<ele>1486.814453</ele>
<time>2010-11-23T10:34:27.002Z</time>
</trkpt>
<trkpt lat="44.7421400" lon="9.2130800">
<ele>1485.381836</ele>
<time>2010-11-23T10:34:35.003Z</time>
</trkpt>
<trkpt lat="44.7420300" lon="9.2130800">
<ele>1484.894165</ele>
<time>2010-11-23T10:34:43.003Z</time>
</trkpt>
<trkpt lat="44.7419500" lon="9.2130500">
<ele>1483.461548</ele>
<time>2010-11-23T10:34:51.097Z</time>
</trkpt>
<trkpt lat="44.7418400" lon="9.2130390">
<ele>1483.461548</ele>
<time>2010-11-23T10:35:01.000Z</time>
</trkpt>
<trkpt lat="44.7417490" lon="9.2130070">
<ele>1482.973877</ele>
<time>2010-11-23T10:35:07.099Z</time>
</trkpt>
<trkpt lat="44.7416270" lon="9.2129950">
<ele>1482.486206</ele>
<time>2010-11-23T10:35:17.002Z</time>
</trkpt>
<trkpt lat="44.7415300" lon="9.2129700">
<ele>1482.486206</ele>
<time>2010-11-23T10:35:24.000Z</time>
</trkpt>
<trkpt lat="44.7413800" lon="9.2129800">
<ele>1480.078247</ele>
<time>2010-11-23T10:35:56.096Z</time>
</trkpt>
<trkpt lat="44.7412840" lon="9.2129830">
<ele>1478.645874</ele>
<time>2010-11-23T10:36:07.001Z</time>
</trkpt>
<trkpt lat="44.7411400" lon="9.2128800">
<ele>1477.213257</ele>
<time>2010-11-23T10:36:16.098Z</time>
</trkpt>
<trkpt lat="44.7410300" lon="9.2128000">
<ele>1476.725464</ele>
<time>2010-11-23T10:36:26.001Z</time>
</trkpt>
<trkpt lat="44.7409490" lon="9.2127470">
<ele>1473.372681</ele>
<time>2010-11-23T10:36:34.001Z</time>
</trkpt>
<trkpt lat="44.7408500" lon="9.2126820">
<ele>1472.397461</ele>
<time>2010-11-23T10:36:42.002Z</time>
</trkpt>
<trkpt lat="44.7407510" lon="9.2126390">
<ele>1470.964844</ele>
<time>2010-11-23T10:36:50.003Z</time>
</trkpt>
<trkpt lat="44.7406290" lon="9.2125960">
<ele>1469.501831</ele>
<time>2010-11-23T10:36:58.003Z</time>
</trkpt>
<trkpt lat="44.7405300" lon="9.2125420">
<ele>1469.989380</ele>
<time>2010-11-23T10:37:06.004Z</time>
</trkpt>
<trkpt lat="44.7404310" lon="9.2124880">
<ele>1469.989380</ele>
<time>2010-11-23T10:37:14.098Z</time>
</trkpt>
<trkpt lat="44.7403000" lon="9.2123800">
<ele>1470.964844</ele>
<time>2010-11-23T10:39:40.097Z</time>
</trkpt>
<trkpt lat="44.7402200" lon="9.2123800">
<ele>1470.477051</ele>
<time>2010-11-23T10:39:59.003Z</time>
</trkpt>
<trkpt lat="44.7401270" lon="9.2123800">
<ele>1471.421997</ele>
<time>2010-11-23T10:40:07.097Z</time>
</trkpt>
<trkpt lat="44.7400200" lon="9.2123590">
<ele>1471.421997</ele>
<time>2010-11-23T10:41:47.003Z</time>
</trkpt>
<trkpt lat="44.7399300" lon="9.2123300">
<ele>1471.421997</ele>
<time>2010-11-23T10:41:55.097Z</time>
</trkpt>
<trkpt lat="44.7398520" lon="9.2122830">
<ele>1470.964844</ele>
<time>2010-11-23T10:42:03.004Z</time>
</trkpt>
<trkpt lat="44.7397500" lon="9.2122500">
<ele>1473.829834</ele>
<time>2010-11-23T10:42:10.096Z</time>
</trkpt>
<trkpt lat="44.7396500" lon="9.2122200">
<ele>1470.964844</ele>
<time>2010-11-23T10:42:19.099Z</time>
</trkpt>
<trkpt lat="44.7395300" lon="9.2121800">
<ele>1470.477051</ele>
<time>2010-11-23T10:42:27.099Z</time>
</trkpt>
<trkpt lat="44.7394200" lon="9.2121300">
<ele>1469.501831</ele>
<time>2010-11-23T10:42:34.098Z</time>
</trkpt>
<trkpt lat="44.7393270" lon="9.2121210">
<ele>1468.556885</ele>
<time>2010-11-23T10:42:42.098Z</time>
</trkpt>
<trkpt lat="44.7392200" lon="9.2120990">
<ele>1466.636597</ele>
<time>2010-11-23T10:42:52.001Z</time>
</trkpt>
<trkpt lat="44.7390910" lon="9.2120980">
<ele>1464.228638</ele>
<time>2010-11-23T10:43:00.002Z</time>
</trkpt>
<trkpt lat="44.7389840" lon="9.2120980">
<ele>1464.228638</ele>
<time>2010-11-23T10:43:07.000Z</time>
</trkpt>
<trkpt lat="44.7388700" lon="9.2120870">
<ele>1463.740967</ele>
<time>2010-11-23T10:43:15.001Z</time>
</trkpt>
<trkpt lat="44.7387630" lon="9.2120970">
<ele>1463.253418</ele>
<time>2010-11-23T10:43:23.002Z</time>
</trkpt>
<trkpt lat="44.7386560" lon="9.2120860">
<ele>1463.253418</ele>
<time>2010-11-23T10:43:31.002Z</time>
</trkpt>
<trkpt lat="44.7385420" lon="9.2120430">
<ele>1463.253418</ele>
<time>2010-11-23T10:43:39.096Z</time>
</trkpt>
<trkpt lat="44.7384500" lon="9.2119600">
<ele>1463.740967</ele>
<time>2010-11-23T10:43:50.002Z</time>
</trkpt>
<trkpt lat="44.7383500" lon="9.2119000">
<ele>1464.228638</ele>
<time>2010-11-23T10:43:58.002Z</time>
</trkpt>
<trkpt lat="44.7382530" lon="9.2118600">
<ele>1464.228638</ele>
<time>2010-11-23T10:44:06.003Z</time>
</trkpt>
<trkpt lat="44.7381690" lon="9.2117740">
<ele>1463.740967</ele>
<time>2010-11-23T10:44:14.097Z</time>
</trkpt>
<trkpt lat="44.7380850" lon="9.2116990">
<ele>1462.796265</ele>
<time>2010-11-23T10:44:24.000Z</time>
</trkpt>
<trkpt lat="44.7379860" lon="9.2116350">
<ele>1463.740967</ele>
<time>2010-11-23T10:44:33.003Z</time>
</trkpt>
<trkpt lat="44.7378870" lon="9.2115380">
<ele>1462.796265</ele>
<time>2010-11-23T10:44:41.004Z</time>
</trkpt>
<trkpt lat="44.7378040" lon="9.2114840">
<ele>1462.796265</ele>
<time>2010-11-23T10:44:49.098Z</time>
</trkpt>
<trkpt lat="44.7377050" lon="9.2114090">
<ele>1463.253418</ele>
<time>2010-11-23T10:44:57.098Z</time>
</trkpt>
<trkpt lat="44.7376100" lon="9.2113000">
<ele>1463.740967</ele>
<time>2010-11-23T10:45:08.004Z</time>
</trkpt>
<trkpt lat="44.7375200" lon="9.2112200">
<ele>1464.716431</ele>
<time>2010-11-23T10:45:18.000Z</time>
</trkpt>
<trkpt lat="44.7374200" lon="9.2111700">
<ele>1465.661255</ele>
<time>2010-11-23T10:45:27.003Z</time>
</trkpt>
<trkpt lat="44.7373000" lon="9.2111500">
<ele>1467.124268</ele>
<time>2010-11-23T10:45:45.000Z</time>
</trkpt>
<trkpt lat="44.7371900" lon="9.2110900">
<ele>1467.124268</ele>
<time>2010-11-23T10:45:55.099Z</time>
</trkpt>
<trkpt lat="44.7370800" lon="9.2110540">
<ele>1468.069214</ele>
<time>2010-11-23T10:46:05.002Z</time>
</trkpt>
<trkpt lat="44.7369890" lon="9.2110320">
<ele>1468.556885</ele>
<time>2010-11-23T10:46:13.002Z</time>
</trkpt>
<trkpt lat="44.7368980" lon="9.2109680">
<ele>1468.556885</ele>
<time>2010-11-23T10:46:21.003Z</time>
</trkpt>
<trkpt lat="44.7368100" lon="9.2109000">
<ele>1469.044678</ele>
<time>2010-11-23T10:46:29.097Z</time>
</trkpt>
<trkpt lat="44.7367200" lon="9.2108400">
<ele>1469.989380</ele>
<time>2010-11-23T10:46:37.098Z</time>
</trkpt>
<trkpt lat="44.7366400" lon="9.2107700">
<ele>1470.477051</ele>
<time>2010-11-23T10:46:47.001Z</time>
</trkpt>
<trkpt lat="44.7365550" lon="9.2106670">
<ele>1471.421997</ele>
<time>2010-11-23T10:46:56.097Z</time>
</trkpt>
<trkpt lat="44.7364400" lon="9.2106100">
<ele>1473.829834</ele>
<time>2010-11-23T10:47:07.096Z</time>
</trkpt>
<trkpt lat="44.7363500" lon="9.2105590">
<ele>1473.829834</ele>
<time>2010-11-23T10:47:15.003Z</time>
</trkpt>
<trkpt lat="44.7362510" lon="9.2105160">
<ele>1474.805298</ele>
<time>2010-11-23T10:47:24.099Z</time>
</trkpt>
<trkpt lat="44.7361590" lon="9.2104730">
<ele>1475.750244</ele>
<time>2010-11-23T10:47:34.002Z</time>
</trkpt>
<trkpt lat="44.7360830" lon="9.2104300">
<ele>1475.292969</ele>
<time>2010-11-23T10:47:49.001Z</time>
</trkpt>
<trkpt lat="44.7359610" lon="9.2103870">
<ele>1475.292969</ele>
<time>2010-11-23T10:48:32.096Z</time>
</trkpt>
<trkpt lat="44.7358500" lon="9.2103300">
<ele>1475.750244</ele>
<time>2010-11-23T10:48:41.099Z</time>
</trkpt>
<trkpt lat="44.7357700" lon="9.2102900">
<ele>1475.750244</ele>
<time>2010-11-23T10:48:50.000Z</time>
</trkpt>
<trkpt lat="44.7356800" lon="9.2102500">
<ele>1475.750244</ele>
<time>2010-11-23T10:48:58.000Z</time>
</trkpt>
<trkpt lat="44.7355880" lon="9.2102250">
<ele>1475.750244</ele>
<time>2010-11-23T10:49:06.001Z</time>
</trkpt>
<trkpt lat="44.7354970" lon="9.2101820">
<ele>1476.725464</ele>
<time>2010-11-23T10:49:14.002Z</time>
</trkpt>
<trkpt lat="44.7353820" lon="9.2101280">
<ele>1476.725464</ele>
<time>2010-11-23T10:49:22.002Z</time>
</trkpt>
<trkpt lat="44.7352990" lon="9.2100850">
<ele>1477.213257</ele>
<time>2010-11-23T10:49:30.003Z</time>
</trkpt>
<trkpt lat="44.7352230" lon="9.2100310">
<ele>1477.670410</ele>
<time>2010-11-23T10:49:38.097Z</time>
</trkpt>
<trkpt lat="44.7351300" lon="9.2099500">
<ele>1480.078247</ele>
<time>2010-11-23T10:49:48.000Z</time>
</trkpt>
<trkpt lat="44.7350320" lon="9.2099240">
<ele>1481.053711</ele>
<time>2010-11-23T10:49:57.003Z</time>
</trkpt>
<trkpt lat="44.7349400" lon="9.2099100">
<ele>1482.486206</ele>
<time>2010-11-23T10:50:05.097Z</time>
</trkpt>
<trkpt lat="44.7348300" lon="9.2099300">
<ele>1482.486206</ele>
<time>2010-11-23T10:50:15.000Z</time>
</trkpt>
<trkpt lat="44.7347400" lon="9.2099700">
<ele>1482.973877</ele>
<time>2010-11-23T10:50:29.099Z</time>
</trkpt>
<trkpt lat="44.7346510" lon="9.2100190">
<ele>1483.918823</ele>
<time>2010-11-23T10:50:51.003Z</time>
</trkpt>
<trkpt lat="44.7345590" lon="9.2100820">
<ele>1483.461548</ele>
<time>2010-11-23T10:50:59.097Z</time>
</trkpt>
<trkpt lat="44.7344830" lon="9.2101460">
<ele>1483.461548</ele>
<time>2010-11-23T10:51:07.098Z</time>
</trkpt>
<trkpt lat="44.7344100" lon="9.2102400">
<ele>1483.918823</ele>
<time>2010-11-23T10:51:17.001Z</time>
</trkpt>
<trkpt lat="44.7343300" lon="9.2103100">
<ele>1485.381836</ele>
<time>2010-11-23T10:51:26.004Z</time>
</trkpt>
<trkpt lat="44.7342540" lon="9.2103490">
<ele>1485.381836</ele>
<time>2010-11-23T10:51:34.004Z</time>
</trkpt>
<trkpt lat="44.7341550" lon="9.2104230">
<ele>1485.869507</ele>
<time>2010-11-23T10:51:41.096Z</time>
</trkpt>
<trkpt lat="44.7340630" lon="9.2104650">
<ele>1485.869507</ele>
<time>2010-11-23T10:51:50.099Z</time>
</trkpt>
<trkpt lat="44.7339640" lon="9.2104970">
<ele>1486.326660</ele>
<time>2010-11-23T10:52:00.002Z</time>
</trkpt>
<trkpt lat="44.7338570" lon="9.2105180">
<ele>1488.734619</ele>
<time>2010-11-23T10:52:08.096Z</time>
</trkpt>
<trkpt lat="44.7337660" lon="9.2105290">
<ele>1488.734619</ele>
<time>2010-11-23T10:52:17.099Z</time>
</trkpt>
<trkpt lat="44.7336740" lon="9.2105280">
<ele>1489.709961</ele>
<time>2010-11-23T10:52:28.004Z</time>
</trkpt>
<trkpt lat="44.7335910" lon="9.2105280">
<ele>1489.222290</ele>
<time>2010-11-23T10:52:35.096Z</time>
</trkpt>
<trkpt lat="44.7334800" lon="9.2105400">
<ele>1488.734619</ele>
<time>2010-11-23T10:52:46.001Z</time>
</trkpt>
<trkpt lat="44.7333800" lon="9.2105200">
<ele>1490.654907</ele>
<time>2010-11-23T10:52:55.004Z</time>
</trkpt>
<trkpt lat="44.7332930" lon="9.2105160">
<ele>1490.654907</ele>
<time>2010-11-23T10:53:02.096Z</time>
</trkpt>
<trkpt lat="44.7331870" lon="9.2105050">
<ele>1491.142578</ele>
<time>2010-11-23T10:53:10.097Z</time>
</trkpt>
<trkpt lat="44.7331030" lon="9.2105050">
<ele>1492.117920</ele>
<time>2010-11-23T10:53:18.004Z</time>
</trkpt>
<trkpt lat="44.7329900" lon="9.2105000">
<ele>1492.117920</ele>
<time>2010-11-23T10:53:25.096Z</time>
</trkpt>
<trkpt lat="44.7328820" lon="9.2105150">
<ele>1492.575073</ele>
<time>2010-11-23T10:53:33.096Z</time>
</trkpt>
<trkpt lat="44.7327900" lon="9.2105140">
<ele>1493.062744</ele>
<time>2010-11-23T10:53:41.097Z</time>
</trkpt>
<trkpt lat="44.7326990" lon="9.2105460">
<ele>1493.550537</ele>
<time>2010-11-23T10:53:49.098Z</time>
</trkpt>
<trkpt lat="44.7326100" lon="9.2105800">
<ele>1492.575073</ele>
<time>2010-11-23T10:53:56.096Z</time>
</trkpt>
<trkpt lat="44.7325300" lon="9.2105900">
<ele>1493.550537</ele>
<time>2010-11-23T10:54:04.003Z</time>
</trkpt>
<trkpt lat="44.7324400" lon="9.2106200">
<ele>1494.495361</ele>
<time>2010-11-23T10:54:11.002Z</time>
</trkpt>
<trkpt lat="44.7323600" lon="9.2106500">
<ele>1493.550537</ele>
<time>2010-11-23T10:54:18.000Z</time>
</trkpt>
<trkpt lat="44.7322600" lon="9.2106900">
<ele>1492.575073</ele>
<time>2010-11-23T10:54:24.098Z</time>
</trkpt>
<trkpt lat="44.7321730" lon="9.2107580">
<ele>1492.117920</ele>
<time>2010-11-23T10:54:31.097Z</time>
</trkpt>
<trkpt lat="44.7320700" lon="9.2107600">
<ele>1492.575073</ele>
<time>2010-11-23T10:54:39.004Z</time>
</trkpt>
<trkpt lat="44.7319800" lon="9.2107600">
<ele>1492.117920</ele>
<time>2010-11-23T10:54:46.002Z</time>
</trkpt>
<trkpt lat="44.7318900" lon="9.2107400">
<ele>1492.575073</ele>
<time>2010-11-23T10:54:54.003Z</time>
</trkpt>
<trkpt lat="44.7318000" lon="9.2106900">
<ele>1491.630127</ele>
<time>2010-11-23T10:55:02.004Z</time>
</trkpt>
<trkpt lat="44.7317200" lon="9.2106400">
<ele>1491.630127</ele>
<time>2010-11-23T10:55:09.002Z</time>
</trkpt>
<trkpt lat="44.7316300" lon="9.2105700">
<ele>1492.575073</ele>
<time>2010-11-23T10:55:17.003Z</time>
</trkpt>
<trkpt lat="44.7315500" lon="9.2105100">
<ele>1493.550537</ele>
<time>2010-11-23T10:55:25.097Z</time>
</trkpt>
<trkpt lat="44.7314600" lon="9.2104600">
<ele>1494.038208</ele>
<time>2010-11-23T10:55:35.000Z</time>
</trkpt>
<trkpt lat="44.7313700" lon="9.2104000">
<ele>1494.983032</ele>
<time>2010-11-23T10:55:43.000Z</time>
</trkpt>
<trkpt lat="44.7312900" lon="9.2103500">
<ele>1494.983032</ele>
<time>2010-11-23T10:55:51.001Z</time>
</trkpt>
<trkpt lat="44.7311900" lon="9.2103000">
<ele>1496.415649</ele>
<time>2010-11-23T10:56:00.004Z</time>
</trkpt>
<trkpt lat="44.7311220" lon="9.2102520">
<ele>1498.823486</ele>
<time>2010-11-23T10:56:07.096Z</time>
</trkpt>
<trkpt lat="44.7310300" lon="9.2101980">
<ele>1498.366333</ele>
<time>2010-11-23T10:56:15.096Z</time>
</trkpt>
<trkpt lat="44.7309540" lon="9.2101330">
<ele>1498.366333</ele>
<time>2010-11-23T10:56:24.099Z</time>
</trkpt>
<trkpt lat="44.7308630" lon="9.2100690">
<ele>1499.798950</ele>
<time>2010-11-23T10:56:34.096Z</time>
</trkpt>
<trkpt lat="44.7307560" lon="9.2100150">
<ele>1500.286621</ele>
<time>2010-11-23T10:56:45.001Z</time>
</trkpt>
<trkpt lat="44.7306880" lon="9.2099610">
<ele>1499.798950</ele>
<time>2010-11-23T10:56:54.097Z</time>
</trkpt>
<trkpt lat="44.7305960" lon="9.2099180">
<ele>1502.206787</ele>
<time>2010-11-23T10:57:04.000Z</time>
</trkpt>
<trkpt lat="44.7305200" lon="9.2098650">
<ele>1503.639404</ele>
<time>2010-11-23T10:57:13.003Z</time>
</trkpt>
<trkpt lat="44.7304290" lon="9.2098000">
<ele>1504.126953</ele>
<time>2010-11-23T10:57:23.000Z</time>
</trkpt>
<trkpt lat="44.7303300" lon="9.2097140">
<ele>1506.047363</ele>
<time>2010-11-23T10:57:33.098Z</time>
</trkpt>
<trkpt lat="44.7302620" lon="9.2096500">
<ele>1506.535034</ele>
<time>2010-11-23T10:57:44.097Z</time>
</trkpt>
<trkpt lat="44.7301600" lon="9.2095900">
<ele>1508.912354</ele>
<time>2010-11-23T10:57:56.098Z</time>
</trkpt>
<trkpt lat="44.7300900" lon="9.2095300">
<ele>1511.320313</ele>
<time>2010-11-23T10:58:10.001Z</time>
</trkpt>
<trkpt lat="44.7300260" lon="9.2094670">
<ele>1511.807983</ele>
<time>2010-11-23T10:58:21.000Z</time>
</trkpt>
<trkpt lat="44.7299300" lon="9.2093800">
<ele>1515.160767</ele>
<time>2010-11-23T10:58:34.097Z</time>
</trkpt>
<trkpt lat="44.7298500" lon="9.2093100">
<ele>1517.111450</ele>
<time>2010-11-23T10:58:45.002Z</time>
</trkpt>
<trkpt lat="44.7297800" lon="9.2092400">
<ele>1518.544067</ele>
<time>2010-11-23T10:58:56.001Z</time>
</trkpt>
<trkpt lat="44.7297200" lon="9.2091600">
<ele>1519.489014</ele>
<time>2010-11-23T10:59:09.004Z</time>
</trkpt>
<trkpt lat="44.7296600" lon="9.2090920">
<ele>1519.489014</ele>
<time>2010-11-23T10:59:20.003Z</time>
</trkpt>
<trkpt lat="44.7295800" lon="9.2089500">
<ele>1518.544067</ele>
<time>2010-11-23T10:59:32.097Z</time>
</trkpt>
<trkpt lat="44.7295200" lon="9.2088500">
<ele>1519.031860</ele>
<time>2010-11-23T10:59:43.002Z</time>
</trkpt>
<trkpt lat="44.7294600" lon="9.2087600">
<ele>1519.031860</ele>
<time>2010-11-23T10:59:54.001Z</time>
</trkpt>
<trkpt lat="44.7294250" lon="9.2086840">
<ele>1519.489014</ele>
<time>2010-11-23T11:00:26.004Z</time>
</trkpt>
<trkpt lat="44.7293870" lon="9.2086310">
<ele>1518.544067</ele>
<time>2010-11-23T11:01:13.099Z</time>
</trkpt>
<trkpt lat="44.7293410" lon="9.2085450">
<ele>1517.111450</ele>
<time>2010-11-23T11:01:27.002Z</time>
</trkpt>
<trkpt lat="44.7292880" lon="9.2084170">
<ele>1517.111450</ele>
<time>2010-11-23T11:01:35.096Z</time>
</trkpt>
<trkpt lat="44.7292270" lon="9.2083100">
<ele>1517.111450</ele>
<time>2010-11-23T11:01:44.099Z</time>
</trkpt>
<trkpt lat="44.7291740" lon="9.2081920">
<ele>1517.111450</ele>
<time>2010-11-23T11:01:55.004Z</time>
</trkpt>
<trkpt lat="44.7291000" lon="9.2080800">
<ele>1517.568726</ele>
<time>2010-11-23T11:02:10.097Z</time>
</trkpt>
<trkpt lat="44.7290300" lon="9.2080400">
<ele>1516.623779</ele>
<time>2010-11-23T11:02:40.001Z</time>
</trkpt>
<trkpt lat="44.7289600" lon="9.2079500">
<ele>1517.568726</ele>
<time>2010-11-23T11:02:49.098Z</time>
</trkpt>
<trkpt lat="44.7289000" lon="9.2078500">
<ele>1521.409180</ele>
<time>2010-11-23T11:03:03.001Z</time>
</trkpt>
<trkpt lat="44.7288300" lon="9.2077700">
<ele>1522.872192</ele>
<time>2010-11-23T11:03:16.004Z</time>
</trkpt>
<trkpt lat="44.7287600" lon="9.2076700">
<ele>1524.792480</ele>
<time>2010-11-23T11:03:30.001Z</time>
</trkpt>
<trkpt lat="44.7286900" lon="9.2075900">
<ele>1527.657593</ele>
<time>2010-11-23T11:03:45.000Z</time>
</trkpt>
<trkpt lat="44.7286300" lon="9.2075100">
<ele>1530.065430</ele>
<time>2010-11-23T11:04:06.004Z</time>
</trkpt>
<trkpt lat="44.7285700" lon="9.2074500">
<ele>1531.040894</ele>
<time>2010-11-23T11:04:45.098Z</time>
</trkpt>
<trkpt lat="44.7286100" lon="9.2074900">
<ele>1530.065430</ele>
<time>2010-11-23T11:06:08.001Z</time>
</trkpt>
<trkpt lat="44.7285600" lon="9.2073900">
<ele>1529.608276</ele>
<time>2010-11-23T11:06:25.098Z</time>
</trkpt>
<trkpt lat="44.7285100" lon="9.2072500">
<ele>1527.200439</ele>
<time>2010-11-23T11:06:33.098Z</time>
</trkpt>
<trkpt lat="44.7284800" lon="9.2071600">
<ele>1525.737427</ele>
<time>2010-11-23T11:06:48.004Z</time>
</trkpt>
<trkpt lat="44.7284900" lon="9.2070200">
<ele>1524.792480</ele>
<time>2010-11-23T11:07:06.001Z</time>
</trkpt>
<trkpt lat="44.7285300" lon="9.2069000">
<ele>1524.304810</ele>
<time>2010-11-23T11:07:15.097Z</time>
</trkpt>
<trkpt lat="44.7285300" lon="9.2068100">
<ele>1523.359863</ele>
<time>2010-11-23T11:08:23.001Z</time>
</trkpt>
<trkpt lat="44.7285400" lon="9.2068000">
<ele>1523.359863</ele>
<time>2010-11-23T11:08:43.002Z</time>
</trkpt>
<trkpt lat="44.7284900" lon="9.2067000">
<ele>1523.359863</ele>
<time>2010-11-23T11:08:59.004Z</time>
</trkpt>
<trkpt lat="44.7284100" lon="9.2066000">
<ele>1523.817139</ele>
<time>2010-11-23T11:09:10.002Z</time>
</trkpt>
<trkpt lat="44.7283100" lon="9.2065400">
<ele>1524.304810</ele>
<time>2010-11-23T11:09:22.003Z</time>
</trkpt>
<trkpt lat="44.7282170" lon="9.2064990">
<ele>1524.792480</ele>
<time>2010-11-23T11:09:30.097Z</time>
</trkpt>
<trkpt lat="44.7281100" lon="9.2065700">
<ele>1525.280273</ele>
<time>2010-11-23T11:09:40.000Z</time>
</trkpt>
<trkpt lat="44.7280190" lon="9.2065950">
<ele>1526.712646</ele>
<time>2010-11-23T11:09:49.003Z</time>
</trkpt>
<trkpt lat="44.7279270" lon="9.2066160">
<ele>1528.145264</ele>
<time>2010-11-23T11:09:57.097Z</time>
</trkpt>
<trkpt lat="44.7278430" lon="9.2066150">
<ele>1528.633057</ele>
<time>2010-11-23T11:10:07.000Z</time>
</trkpt>
<trkpt lat="44.7277520" lon="9.2066260">
<ele>1529.120605</ele>
<time>2010-11-23T11:10:16.003Z</time>
</trkpt>
<trkpt lat="44.7276400" lon="9.2065700">
<ele>1529.608276</ele>
<time>2010-11-23T11:10:24.097Z</time>
</trkpt>
<trkpt lat="44.7275700" lon="9.2065300">
<ele>1529.608276</ele>
<time>2010-11-23T11:10:42.001Z</time>
</trkpt>
<trkpt lat="44.7275000" lon="9.2064400">
<ele>1531.040894</ele>
<time>2010-11-23T11:11:18.097Z</time>
</trkpt>
<trkpt lat="44.7274250" lon="9.2063680">
<ele>1531.528564</ele>
<time>2010-11-23T11:11:29.003Z</time>
</trkpt>
<trkpt lat="44.7273410" lon="9.2063030">
<ele>1531.985840</ele>
<time>2010-11-23T11:11:38.099Z</time>
</trkpt>
<trkpt lat="44.7272500" lon="9.2062280">
<ele>1531.528564</ele>
<time>2010-11-23T11:11:49.004Z</time>
</trkpt>
<trkpt lat="44.7271660" lon="9.2061530">
<ele>1531.985840</ele>
<time>2010-11-23T11:11:57.098Z</time>
</trkpt>
<trkpt lat="44.7270900" lon="9.2061210">
<ele>1534.881470</ele>
<time>2010-11-23T11:12:07.001Z</time>
</trkpt>
<trkpt lat="44.7269910" lon="9.2060780">
<ele>1535.369019</ele>
<time>2010-11-23T11:12:16.098Z</time>
</trkpt>
<trkpt lat="44.7269070" lon="9.2060670">
<ele>1534.881470</ele>
<time>2010-11-23T11:12:26.001Z</time>
</trkpt>
<trkpt lat="44.7268080" lon="9.2059810">
<ele>1535.369019</ele>
<time>2010-11-23T11:12:34.001Z</time>
</trkpt>
<trkpt lat="44.7267400" lon="9.2058840">
<ele>1535.369019</ele>
<time>2010-11-23T11:12:42.002Z</time>
</trkpt>
<trkpt lat="44.7266710" lon="9.2057880">
<ele>1535.856689</ele>
<time>2010-11-23T11:12:50.096Z</time>
</trkpt>
<trkpt lat="44.7266180" lon="9.2057130">
<ele>1536.313843</ele>
<time>2010-11-23T11:13:01.001Z</time>
</trkpt>
<trkpt lat="44.7265570" lon="9.2055950">
<ele>1536.313843</ele>
<time>2010-11-23T11:13:10.004Z</time>
</trkpt>
<trkpt lat="44.7264900" lon="9.2054800">
<ele>1536.313843</ele>
<time>2010-11-23T11:13:17.096Z</time>
</trkpt>
<trkpt lat="44.7264200" lon="9.2053900">
<ele>1535.369019</ele>
<time>2010-11-23T11:13:25.097Z</time>
</trkpt>
<trkpt lat="44.7263400" lon="9.2053000">
<ele>1534.881470</ele>
<time>2010-11-23T11:13:35.000Z</time>
</trkpt>
<trkpt lat="44.7262700" lon="9.2052100">
<ele>1534.393677</ele>
<time>2010-11-23T11:13:43.000Z</time>
</trkpt>
<trkpt lat="44.7261900" lon="9.2051100">
<ele>1532.961060</ele>
<time>2010-11-23T11:13:51.001Z</time>
</trkpt>
<trkpt lat="44.7261240" lon="9.2050590">
<ele>1531.985840</ele>
<time>2010-11-23T11:13:59.002Z</time>
</trkpt>
<trkpt lat="44.7260480" lon="9.2049950">
<ele>1531.528564</ele>
<time>2010-11-23T11:14:07.002Z</time>
</trkpt>
<trkpt lat="44.7259870" lon="9.2049090">
<ele>1530.553223</ele>
<time>2010-11-23T11:14:14.001Z</time>
</trkpt>
<trkpt lat="44.7259180" lon="9.2048230">
<ele>1529.608276</ele>
<time>2010-11-23T11:14:20.099Z</time>
</trkpt>
<trkpt lat="44.7258570" lon="9.2047480">
<ele>1527.200439</ele>
<time>2010-11-23T11:14:37.000Z</time>
</trkpt>
<trkpt lat="44.7257890" lon="9.2046410">
<ele>1528.145264</ele>
<time>2010-11-23T11:14:50.004Z</time>
</trkpt>
<trkpt lat="44.7257130" lon="9.2045340">
<ele>1526.224976</ele>
<time>2010-11-23T11:14:58.004Z</time>
</trkpt>
<trkpt lat="44.7256370" lon="9.2044260">
<ele>1526.712646</ele>
<time>2010-11-23T11:15:06.098Z</time>
</trkpt>
<trkpt lat="44.7255690" lon="9.2043190">
<ele>1525.280273</ele>
<time>2010-11-23T11:15:13.097Z</time>
</trkpt>
<trkpt lat="44.7255000" lon="9.2042440">
<ele>1523.359863</ele>
<time>2010-11-23T11:15:21.097Z</time>
</trkpt>
<trkpt lat="44.7254240" lon="9.2042010">
<ele>1521.896851</ele>
<time>2010-11-23T11:15:29.098Z</time>
</trkpt>
<trkpt lat="44.7253170" lon="9.2041790">
<ele>1520.464233</ele>
<time>2010-11-23T11:15:37.099Z</time>
</trkpt>
<trkpt lat="44.7252110" lon="9.2041470">
<ele>1519.031860</ele>
<time>2010-11-23T11:15:45.099Z</time>
</trkpt>
<trkpt lat="44.7251500" lon="9.2041040">
<ele>1519.031860</ele>
<time>2010-11-23T11:16:19.004Z</time>
</trkpt>
<trkpt lat="44.7250740" lon="9.2040500">
<ele>1517.568726</ele>
<time>2010-11-23T11:16:26.096Z</time>
</trkpt>
<trkpt lat="44.7249820" lon="9.2039860">
<ele>1517.568726</ele>
<time>2010-11-23T11:16:35.099Z</time>
</trkpt>
<trkpt lat="44.7248910" lon="9.2038790">
<ele>1517.111450</ele>
<time>2010-11-23T11:16:46.004Z</time>
</trkpt>
<trkpt lat="44.7248070" lon="9.2037820">
<ele>1516.136230</ele>
<time>2010-11-23T11:16:54.098Z</time>
</trkpt>
<trkpt lat="44.7247310" lon="9.2037180">
<ele>1515.160767</ele>
<time>2010-11-23T11:17:02.099Z</time>
</trkpt>
<trkpt lat="44.7246320" lon="9.2036640">
<ele>1514.703613</ele>
<time>2010-11-23T11:17:11.000Z</time>
</trkpt>
<trkpt lat="44.7245410" lon="9.2036100">
<ele>1514.215942</ele>
<time>2010-11-23T11:17:19.000Z</time>
</trkpt>
<trkpt lat="44.7244500" lon="9.2035670">
<ele>1514.215942</ele>
<time>2010-11-23T11:17:27.001Z</time>
</trkpt>
<trkpt lat="44.7243580" lon="9.2035350">
<ele>1513.728149</ele>
<time>2010-11-23T11:17:33.099Z</time>
</trkpt>
<trkpt lat="44.7242590" lon="9.2035240">
<ele>1512.783447</ele>
<time>2010-11-23T11:17:40.098Z</time>
</trkpt>
<trkpt lat="44.7241750" lon="9.2035130">
<ele>1510.863037</ele>
<time>2010-11-23T11:17:47.096Z</time>
</trkpt>
<trkpt lat="44.7240910" lon="9.2035120">
<ele>1509.400146</ele>
<time>2010-11-23T11:17:55.097Z</time>
</trkpt>
<trkpt lat="44.7239920" lon="9.2035010">
<ele>1509.400146</ele>
<time>2010-11-23T11:18:03.004Z</time>
</trkpt>
<trkpt lat="44.7238930" lon="9.2034690">
<ele>1508.912354</ele>
<time>2010-11-23T11:18:10.002Z</time>
</trkpt>
<trkpt lat="44.7238100" lon="9.2034040">
<ele>1508.455200</ele>
<time>2010-11-23T11:18:17.001Z</time>
</trkpt>
<trkpt lat="44.7237180" lon="9.2033290">
<ele>1506.535034</ele>
<time>2010-11-23T11:18:23.099Z</time>
</trkpt>
<trkpt lat="44.7236500" lon="9.2032750">
<ele>1505.559570</ele>
<time>2010-11-23T11:18:30.097Z</time>
</trkpt>
<trkpt lat="44.7235430" lon="9.2031680">
<ele>1505.559570</ele>
<time>2010-11-23T11:18:38.098Z</time>
</trkpt>
<trkpt lat="44.7234440" lon="9.2030930">
<ele>1506.047363</ele>
<time>2010-11-23T11:18:48.001Z</time>
</trkpt>
<trkpt lat="44.7233830" lon="9.2030390">
<ele>1506.047363</ele>
<time>2010-11-23T11:18:56.002Z</time>
</trkpt>
<trkpt lat="44.7232770" lon="9.2029860">
<ele>1506.535034</ele>
<time>2010-11-23T11:19:04.002Z</time>
</trkpt>
<trkpt lat="44.7231930" lon="9.2029640">
<ele>1507.479736</ele>
<time>2010-11-23T11:19:12.003Z</time>
</trkpt>
<trkpt lat="44.7230800" lon="9.2029200">
<ele>1507.967529</ele>
<time>2010-11-23T11:19:20.004Z</time>
</trkpt>
<trkpt lat="44.7229800" lon="9.2029200">
<ele>1508.455200</ele>
<time>2010-11-23T11:19:28.004Z</time>
</trkpt>
<trkpt lat="44.7228880" lon="9.2029630">
<ele>1509.400146</ele>
<time>2010-11-23T11:19:35.096Z</time>
</trkpt>
<trkpt lat="44.7227810" lon="9.2030050">
<ele>1508.455200</ele>
<time>2010-11-23T11:19:43.003Z</time>
</trkpt>
<trkpt lat="44.7227130" lon="9.2030370">
<ele>1507.479736</ele>
<time>2010-11-23T11:19:55.004Z</time>
</trkpt>
<trkpt lat="44.7226140" lon="9.2030790">
<ele>1506.992188</ele>
<time>2010-11-23T11:20:02.096Z</time>
</trkpt>
<trkpt lat="44.7224990" lon="9.2031000">
<ele>1505.071899</ele>
<time>2010-11-23T11:20:10.097Z</time>
</trkpt>
<trkpt lat="44.7223770" lon="9.2031210">
<ele>1505.071899</ele>
<time>2010-11-23T11:20:18.097Z</time>
</trkpt>
<trkpt lat="44.7222550" lon="9.2031100">
<ele>1504.614746</ele>
<time>2010-11-23T11:20:26.098Z</time>
</trkpt>
<trkpt lat="44.7221710" lon="9.2030990">
<ele>1503.639404</ele>
<time>2010-11-23T11:20:33.096Z</time>
</trkpt>
<trkpt lat="44.7220800" lon="9.2030780">
<ele>1501.719116</ele>
<time>2010-11-23T11:20:41.097Z</time>
</trkpt>
<trkpt lat="44.7220110" lon="9.2030880">
<ele>1499.798950</ele>
<time>2010-11-23T11:20:49.098Z</time>
</trkpt>
<trkpt lat="44.7219200" lon="9.2030770">
<ele>1498.823486</ele>
<time>2010-11-23T11:20:57.098Z</time>
</trkpt>
<trkpt lat="44.7218210" lon="9.2030980">
<ele>1497.390991</ele>
<time>2010-11-23T11:21:05.099Z</time>
</trkpt>
<trkpt lat="44.7217220" lon="9.2031080">
<ele>1496.415649</ele>
<time>2010-11-23T11:21:12.097Z</time>
</trkpt>
<trkpt lat="44.7216450" lon="9.2031290">
<ele>1495.958374</ele>
<time>2010-11-23T11:21:19.096Z</time>
</trkpt>
<trkpt lat="44.7215540" lon="9.2031290">
<ele>1493.550537</ele>
<time>2010-11-23T11:21:27.003Z</time>
</trkpt>
<trkpt lat="44.7214470" lon="9.2031390">
<ele>1492.117920</ele>
<time>2010-11-23T11:21:35.004Z</time>
</trkpt>
<trkpt lat="44.7213630" lon="9.2031500">
<ele>1491.142578</ele>
<time>2010-11-23T11:21:43.004Z</time>
</trkpt>
<trkpt lat="44.7212640" lon="9.2031600">
<ele>1491.142578</ele>
<time>2010-11-23T11:21:50.003Z</time>
</trkpt>
<trkpt lat="44.7211730" lon="9.2031710">
<ele>1489.222290</ele>
<time>2010-11-23T11:21:57.001Z</time>
</trkpt>
<trkpt lat="44.7210590" lon="9.2031600">
<ele>1488.734619</ele>
<time>2010-11-23T11:22:03.099Z</time>
</trkpt>
<trkpt lat="44.7209820" lon="9.2031700">
<ele>1487.789795</ele>
<time>2010-11-23T11:22:10.098Z</time>
</trkpt>
<trkpt lat="44.7209060" lon="9.2031800">
<ele>1485.381836</ele>
<time>2010-11-23T11:22:17.096Z</time>
</trkpt>
<trkpt lat="44.7208220" lon="9.2031480">
<ele>1484.894165</ele>
<time>2010-11-23T11:22:25.097Z</time>
</trkpt>
<trkpt lat="44.7207500" lon="9.2031100">
<ele>1483.918823</ele>
<time>2010-11-23T11:22:37.098Z</time>
</trkpt>
<trkpt lat="44.7207100" lon="9.2031700">
<ele>1482.486206</ele>
<time>2010-11-23T11:23:50.004Z</time>
</trkpt>
<trkpt lat="44.7206540" lon="9.2032440">
<ele>1481.541382</ele>
<time>2010-11-23T11:23:58.004Z</time>
</trkpt>
<trkpt lat="44.7206010" lon="9.2033400">
<ele>1481.541382</ele>
<time>2010-11-23T11:24:05.096Z</time>
</trkpt>
<trkpt lat="44.7205630" lon="9.2034040">
<ele>1481.541382</ele>
<time>2010-11-23T11:24:31.000Z</time>
</trkpt>
<trkpt lat="44.7204640" lon="9.2034670">
<ele>1482.486206</ele>
<time>2010-11-25T11:54:10.096Z</time>
</trkpt>
<trkpt lat="44.7203570" lon="9.2035630">
<ele>1482.973877</ele>
<time>2010-11-25T11:54:19.099Z</time>
</trkpt>
<trkpt lat="44.7202800" lon="9.2036200">
<ele>1483.461548</ele>
<time>2010-11-25T11:54:34.004Z</time>
</trkpt>
<trkpt lat="44.7202100" lon="9.2037300">
<ele>1483.461548</ele>
<time>2010-11-25T11:54:45.003Z</time>
</trkpt>
<trkpt lat="44.7201300" lon="9.2038400">
<ele>1483.918823</ele>
<time>2010-11-25T11:54:54.099Z</time>
</trkpt>
<trkpt lat="44.7200400" lon="9.2038900">
<ele>1483.918823</ele>
<time>2010-11-25T11:55:03.000Z</time>
</trkpt>
<trkpt lat="44.7199370" lon="9.2039570">
<ele>1483.918823</ele>
<time>2010-11-25T11:55:12.096Z</time>
</trkpt>
<trkpt lat="44.7198220" lon="9.2039570">
<ele>1483.918823</ele>
<time>2010-11-25T11:55:21.099Z</time>
</trkpt>
<trkpt lat="44.7197310" lon="9.2039780">
<ele>1484.894165</ele>
<time>2010-11-25T11:55:31.002Z</time>
</trkpt>
<trkpt lat="44.7196390" lon="9.2039780">
<ele>1485.381836</ele>
<time>2010-11-25T11:55:40.099Z</time>
</trkpt>
<trkpt lat="44.7195630" lon="9.2039770">
<ele>1486.326660</ele>
<time>2010-11-25T11:55:50.002Z</time>
</trkpt>
<trkpt lat="44.7194640" lon="9.2039880">
<ele>1487.302124</ele>
<time>2010-11-25T11:55:58.096Z</time>
</trkpt>
<trkpt lat="44.7193650" lon="9.2040090">
<ele>1489.222290</ele>
<time>2010-11-25T11:56:10.097Z</time>
</trkpt>
<trkpt lat="44.7192580" lon="9.2041050">
<ele>1489.709961</ele>
<time>2010-11-25T11:56:24.000Z</time>
</trkpt>
<trkpt lat="44.7191740" lon="9.2042010">
<ele>1492.117920</ele>
<time>2010-11-25T11:56:36.001Z</time>
</trkpt>
<trkpt lat="44.7191210" lon="9.2043290">
<ele>1492.117920</ele>
<time>2010-11-25T11:56:49.004Z</time>
</trkpt>
<trkpt lat="44.7190820" lon="9.2044570">
<ele>1492.117920</ele>
<time>2010-11-25T11:57:00.003Z</time>
</trkpt>
<trkpt lat="44.7190520" lon="9.2045740">
<ele>1493.550537</ele>
<time>2010-11-25T11:57:09.099Z</time>
</trkpt>
<trkpt lat="44.7190060" lon="9.2046920">
<ele>1494.983032</ele>
<time>2010-11-25T11:57:20.098Z</time>
</trkpt>
<trkpt lat="44.7189370" lon="9.2048200">
<ele>1496.415649</ele>
<time>2010-11-25T11:57:31.097Z</time>
</trkpt>
<trkpt lat="44.7188700" lon="9.2048600">
<ele>1496.903320</ele>
<time>2010-11-25T11:57:41.000Z</time>
</trkpt>
<trkpt lat="44.7187900" lon="9.2049100">
<ele>1496.903320</ele>
<time>2010-11-25T11:57:50.096Z</time>
</trkpt>
<trkpt lat="44.7187000" lon="9.2048830">
<ele>1496.903320</ele>
<time>2010-11-25T11:58:01.001Z</time>
</trkpt>
<trkpt lat="44.7186010" lon="9.2048510">
<ele>1498.366333</ele>
<time>2010-11-25T11:58:12.000Z</time>
</trkpt>
<trkpt lat="44.7185250" lon="9.2047860">
<ele>1498.823486</ele>
<time>2010-11-25T11:58:22.099Z</time>
</trkpt>
<trkpt lat="44.7184640" lon="9.2047110">
<ele>1500.286621</ele>
<time>2010-11-25T11:58:35.000Z</time>
</trkpt>
<trkpt lat="44.7183810" lon="9.2046150">
<ele>1503.151733</ele>
<time>2010-11-25T11:58:48.096Z</time>
</trkpt>
<trkpt lat="44.7183050" lon="9.2045070">
<ele>1503.639404</ele>
<time>2010-11-25T11:59:02.000Z</time>
</trkpt>
<trkpt lat="44.7182360" lon="9.2044320">
<ele>1504.126953</ele>
<time>2010-11-25T11:59:11.003Z</time>
</trkpt>
<trkpt lat="44.7181680" lon="9.2043680">
<ele>1503.639404</ele>
<time>2010-11-25T11:59:20.099Z</time>
</trkpt>
<trkpt lat="44.7180990" lon="9.2042720">
<ele>1504.614746</ele>
<time>2010-11-25T11:59:58.098Z</time>
</trkpt>
<trkpt lat="44.7180390" lon="9.2041860">
<ele>1505.559570</ele>
<time>2010-11-25T12:00:10.099Z</time>
</trkpt>
<trkpt lat="44.7179930" lon="9.2041430">
<ele>1507.479736</ele>
<time>2010-11-25T12:00:27.000Z</time>
</trkpt>
<trkpt lat="44.7179320" lon="9.2041110">
<ele>1506.992188</ele>
<time>2010-11-25T12:00:41.099Z</time>
</trkpt>
<trkpt lat="44.7178500" lon="9.2040100">
<ele>1505.559570</ele>
<time>2010-11-25T12:00:52.004Z</time>
</trkpt>
<trkpt lat="44.7177720" lon="9.2039600">
<ele>1505.071899</ele>
<time>2010-11-25T12:01:02.001Z</time>
</trkpt>
<trkpt lat="44.7176810" lon="9.2039070">
<ele>1506.992188</ele>
<time>2010-11-25T12:01:15.004Z</time>
</trkpt>
<trkpt lat="44.7175970" lon="9.2038530">
<ele>1508.912354</ele>
<time>2010-11-25T12:01:31.099Z</time>
</trkpt>
<trkpt lat="44.7175130" lon="9.2038310">
<ele>1511.807983</ele>
<time>2010-11-25T12:01:48.000Z</time>
</trkpt>
<trkpt lat="44.7174220" lon="9.2037990">
<ele>1515.648560</ele>
<time>2010-11-25T12:02:05.004Z</time>
</trkpt>
<trkpt lat="44.7173150" lon="9.2037770">
<ele>1518.056396</ele>
<time>2010-11-25T12:02:28.003Z</time>
</trkpt>
<trkpt lat="44.7172390" lon="9.2037340">
<ele>1521.409180</ele>
<time>2010-11-25T12:02:47.003Z</time>
</trkpt>
<trkpt lat="44.7171400" lon="9.2036700">
<ele>1525.280273</ele>
<time>2010-11-25T12:03:09.000Z</time>
</trkpt>
<trkpt lat="44.7170640" lon="9.2036050">
<ele>1527.200439</ele>
<time>2010-11-25T12:03:26.097Z</time>
</trkpt>
<trkpt lat="44.7169880" lon="9.2035410">
<ele>1528.633057</ele>
<time>2010-11-25T12:03:41.096Z</time>
</trkpt>
<trkpt lat="44.7169120" lon="9.2034440">
<ele>1530.065430</ele>
<time>2010-11-25T12:03:57.004Z</time>
</trkpt>
<trkpt lat="44.7168360" lon="9.2033690">
<ele>1530.553223</ele>
<time>2010-11-25T12:04:09.098Z</time>
</trkpt>
<trkpt lat="44.7167900" lon="9.2033370">
<ele>1532.961060</ele>
<time>2010-11-25T12:04:23.002Z</time>
</trkpt>
<trkpt lat="44.7167140" lon="9.2032510">
<ele>1533.906006</ele>
<time>2010-11-25T12:04:40.099Z</time>
</trkpt>
<trkpt lat="44.7166300" lon="9.2031200">
<ele>1537.776978</ele>
<time>2010-11-25T12:04:55.004Z</time>
</trkpt>
<trkpt lat="44.7165500" lon="9.2030600">
<ele>1539.697144</ele>
<time>2010-11-25T12:05:07.099Z</time>
</trkpt>
<trkpt lat="44.7164800" lon="9.2029800">
<ele>1540.642090</ele>
<time>2010-11-25T12:05:25.002Z</time>
</trkpt>
<trkpt lat="44.7164100" lon="9.2029100">
<ele>1542.562256</ele>
<time>2010-11-25T12:05:41.097Z</time>
</trkpt>
<trkpt lat="44.7163200" lon="9.2028600">
<ele>1545.457886</ele>
<time>2010-11-25T12:06:03.001Z</time>
</trkpt>
<trkpt lat="44.7162400" lon="9.2027800">
<ele>1548.353516</ele>
<time>2010-11-25T12:06:19.096Z</time>
</trkpt>
<trkpt lat="44.7161430" lon="9.2027150">
<ele>1546.890503</ele>
<time>2010-11-25T12:08:12.098Z</time>
</trkpt>
<trkpt lat="44.7160520" lon="9.2026720">
<ele>1546.890503</ele>
<time>2010-11-25T12:08:24.099Z</time>
</trkpt>
<trkpt lat="44.7159760" lon="9.2026390">
<ele>1547.865723</ele>
<time>2010-11-25T12:08:37.000Z</time>
</trkpt>
<trkpt lat="44.7158920" lon="9.2026390">
<ele>1545.945557</ele>
<time>2010-11-25T12:08:51.099Z</time>
</trkpt>
<trkpt lat="44.7157900" lon="9.2028500">
<ele>1544.025391</ele>
<time>2010-11-25T12:09:13.003Z</time>
</trkpt>
<trkpt lat="44.7157200" lon="9.2029500">
<ele>1542.562256</ele>
<time>2010-11-25T12:09:24.002Z</time>
</trkpt>
<trkpt lat="44.7156800" lon="9.2030500">
<ele>1542.105103</ele>
<time>2010-11-25T12:09:35.001Z</time>
</trkpt>
<trkpt lat="44.7156100" lon="9.2031800">
<ele>1538.234253</ele>
<time>2010-11-25T12:09:44.097Z</time>
</trkpt>
<trkpt lat="44.7155480" lon="9.2032680">
<ele>1535.369019</ele>
<time>2010-11-25T12:09:52.098Z</time>
</trkpt>
<trkpt lat="44.7154720" lon="9.2033110">
<ele>1533.906006</ele>
<time>2010-11-25T12:10:00.098Z</time>
</trkpt>
<trkpt lat="44.7153800" lon="9.2034070">
<ele>1531.528564</ele>
<time>2010-11-25T12:10:10.001Z</time>
</trkpt>
<trkpt lat="44.7152960" lon="9.2034600">
<ele>1531.040894</ele>
<time>2010-11-25T12:10:19.098Z</time>
</trkpt>
<trkpt lat="44.7152500" lon="9.2035200">
<ele>1532.961060</ele>
<time>2010-11-25T12:10:30.096Z</time>
</trkpt>
<trkpt lat="44.7152100" lon="9.2035200">
<ele>1532.961060</ele>
<time>2010-11-25T12:12:54.099Z</time>
</trkpt>
<trkpt lat="44.7151280" lon="9.2035980">
<ele>1531.985840</ele>
<time>2010-11-25T12:13:04.002Z</time>
</trkpt>
<trkpt lat="44.7150520" lon="9.2036410">
<ele>1530.065430</ele>
<time>2010-11-25T12:13:12.003Z</time>
</trkpt>
<trkpt lat="44.7149600" lon="9.2037150">
<ele>1527.657593</ele>
<time>2010-11-25T12:13:20.004Z</time>
</trkpt>
<trkpt lat="44.7148700" lon="9.2037300">
<ele>1526.712646</ele>
<time>2010-11-25T12:13:28.004Z</time>
</trkpt>
<trkpt lat="44.7147900" lon="9.2037900">
<ele>1526.224976</ele>
<time>2010-11-25T12:13:36.098Z</time>
</trkpt>
<trkpt lat="44.7147100" lon="9.2038600">
<ele>1525.737427</ele>
<time>2010-11-25T12:13:44.099Z</time>
</trkpt>
<trkpt lat="44.7146200" lon="9.2039100">
<ele>1524.792480</ele>
<time>2010-11-25T12:13:53.000Z</time>
</trkpt>
<trkpt lat="44.7145400" lon="9.2039300">
<ele>1523.817139</ele>
<time>2010-11-25T12:14:14.004Z</time>
</trkpt>
<trkpt lat="44.7144400" lon="9.2039000">
<ele>1521.896851</ele>
<time>2010-11-25T12:14:24.000Z</time>
</trkpt>
<trkpt lat="44.7143500" lon="9.2038800">
<ele>1519.031860</ele>
<time>2010-11-25T12:14:33.003Z</time>
</trkpt>
<trkpt lat="44.7142400" lon="9.2039100">
<ele>1517.111450</ele>
<time>2010-11-25T12:14:44.002Z</time>
</trkpt>
<trkpt lat="44.7141500" lon="9.2039600">
<ele>1515.648560</ele>
<time>2010-11-25T12:14:52.002Z</time>
</trkpt>
<trkpt lat="44.7140600" lon="9.2040100">
<ele>1514.215942</ele>
<time>2010-11-25T12:15:00.003Z</time>
</trkpt>
<trkpt lat="44.7139600" lon="9.2040200">
<ele>1512.295654</ele>
<time>2010-11-25T12:15:09.099Z</time>
</trkpt>
<trkpt lat="44.7138500" lon="9.2039900">
<ele>1509.400146</ele>
<time>2010-11-25T12:15:22.000Z</time>
</trkpt>
<trkpt lat="44.7137400" lon="9.2039600">
<ele>1506.535034</ele>
<time>2010-11-25T12:15:31.003Z</time>
</trkpt>
<trkpt lat="44.7136500" lon="9.2039800">
<ele>1505.071899</ele>
<time>2010-11-25T12:15:39.004Z</time>
</trkpt>
<trkpt lat="44.7135600" lon="9.2040200">
<ele>1503.151733</ele>
<time>2010-11-25T12:15:47.098Z</time>
</trkpt>
<trkpt lat="44.7134800" lon="9.2041000">
<ele>1501.719116</ele>
<time>2010-11-25T12:15:57.001Z</time>
</trkpt>
<trkpt lat="44.7133970" lon="9.2041800">
<ele>1500.743774</ele>
<time>2010-11-25T12:16:06.004Z</time>
</trkpt>
<trkpt lat="44.7133130" lon="9.2042230">
<ele>1500.743774</ele>
<time>2010-11-25T12:16:13.096Z</time>
</trkpt>
<trkpt lat="44.7132370" lon="9.2042970">
<ele>1499.798950</ele>
<time>2010-11-25T12:16:21.096Z</time>
</trkpt>
<trkpt lat="44.7131600" lon="9.2043820">
<ele>1499.311157</ele>
<time>2010-11-25T12:16:29.097Z</time>
</trkpt>
<trkpt lat="44.7130610" lon="9.2044570">
<ele>1500.286621</ele>
<time>2010-11-25T12:16:39.000Z</time>
</trkpt>
<trkpt lat="44.7129920" lon="9.2045320">
<ele>1499.798950</ele>
<time>2010-11-25T12:16:48.003Z</time>
</trkpt>
<trkpt lat="44.7129240" lon="9.2045630">
<ele>1498.823486</ele>
<time>2010-11-25T12:17:49.001Z</time>
</trkpt>
<trkpt lat="44.7128320" lon="9.2046590">
<ele>1499.311157</ele>
<time>2010-11-25T12:18:01.002Z</time>
</trkpt>
<trkpt lat="44.7127400" lon="9.2047660">
<ele>1499.798950</ele>
<time>2010-11-25T12:18:10.099Z</time>
</trkpt>
<trkpt lat="44.7126600" lon="9.2048600">
<ele>1500.286621</ele>
<time>2010-11-25T12:18:21.004Z</time>
</trkpt>
<trkpt lat="44.7125800" lon="9.2049400">
<ele>1501.231323</ele>
<time>2010-11-25T12:18:31.000Z</time>
</trkpt>
<trkpt lat="44.7124900" lon="9.2050200">
<ele>1501.719116</ele>
<time>2010-11-25T12:18:40.097Z</time>
</trkpt>
<trkpt lat="44.7124100" lon="9.2051000">
<ele>1503.151733</ele>
<time>2010-11-25T12:18:50.000Z</time>
</trkpt>
<trkpt lat="44.7123300" lon="9.2051500">
<ele>1503.639404</ele>
<time>2010-11-25T12:18:59.003Z</time>
</trkpt>
<trkpt lat="44.7122400" lon="9.2051900">
<ele>1503.639404</ele>
<time>2010-11-25T12:19:07.097Z</time>
</trkpt>
<trkpt lat="44.7121450" lon="9.2052770">
<ele>1504.614746</ele>
<time>2010-11-25T12:19:18.002Z</time>
</trkpt>
<trkpt lat="44.7120530" lon="9.2053410">
<ele>1505.559570</ele>
<time>2010-11-25T12:19:26.096Z</time>
</trkpt>
<trkpt lat="44.7119620" lon="9.2053620">
<ele>1506.535034</ele>
<time>2010-11-25T12:19:37.001Z</time>
</trkpt>
<trkpt lat="44.7118780" lon="9.2053930">
<ele>1506.992188</ele>
<time>2010-11-25T12:19:46.098Z</time>
</trkpt>
<trkpt lat="44.7117900" lon="9.2054000">
<ele>1508.455200</ele>
<time>2010-11-25T12:20:00.001Z</time>
</trkpt>
<trkpt lat="44.7117030" lon="9.2054570">
<ele>1509.400146</ele>
<time>2010-11-25T12:20:11.000Z</time>
</trkpt>
<trkpt lat="44.7116110" lon="9.2054990">
<ele>1509.887817</ele>
<time>2010-11-25T12:20:21.098Z</time>
</trkpt>
<trkpt lat="44.7115120" lon="9.2055100">
<ele>1510.375366</ele>
<time>2010-11-25T12:20:32.004Z</time>
</trkpt>
<trkpt lat="44.7114200" lon="9.2055200">
<ele>1510.863037</ele>
<time>2010-11-25T12:20:40.004Z</time>
</trkpt>
<trkpt lat="44.7113300" lon="9.2055200">
<ele>1511.320313</ele>
<time>2010-11-25T12:20:48.098Z</time>
</trkpt>
<trkpt lat="44.7112400" lon="9.2055400">
<ele>1512.783447</ele>
<time>2010-11-25T12:20:58.001Z</time>
</trkpt>
<trkpt lat="44.7111400" lon="9.2055500">
<ele>1514.703613</ele>
<time>2010-11-25T12:21:09.000Z</time>
</trkpt>
<trkpt lat="44.7110400" lon="9.2055800">
<ele>1516.136230</ele>
<time>2010-11-25T12:21:19.099Z</time>
</trkpt>
<trkpt lat="44.7109400" lon="9.2056000">
<ele>1515.648560</ele>
<time>2010-11-25T12:21:27.099Z</time>
</trkpt>
<trkpt lat="44.7108500" lon="9.2056100">
<ele>1515.160767</ele>
<time>2010-11-25T12:21:36.000Z</time>
</trkpt>
<trkpt lat="44.7107500" lon="9.2056000">
<ele>1515.160767</ele>
<time>2010-11-25T12:21:44.001Z</time>
</trkpt>
<trkpt lat="44.7106600" lon="9.2055800">
<ele>1514.703613</ele>
<time>2010-11-25T12:21:52.001Z</time>
</trkpt>
<trkpt lat="44.7105800" lon="9.2055500">
<ele>1515.648560</ele>
<time>2010-11-25T12:22:00.002Z</time>
</trkpt>
<trkpt lat="44.7104900" lon="9.2055200">
<ele>1515.648560</ele>
<time>2010-11-25T12:22:08.096Z</time>
</trkpt>
<trkpt lat="44.7104000" lon="9.2054700">
<ele>1516.136230</ele>
<time>2010-11-25T12:22:17.099Z</time>
</trkpt>
<trkpt lat="44.7103230" lon="9.2054310">
<ele>1515.160767</ele>
<time>2010-11-25T12:22:26.000Z</time>
</trkpt>
<trkpt lat="44.7102320" lon="9.2053880">
<ele>1516.136230</ele>
<time>2010-11-25T12:22:35.003Z</time>
</trkpt>
<trkpt lat="44.7101400" lon="9.2053400">
<ele>1514.215942</ele>
<time>2010-11-25T12:22:43.097Z</time>
</trkpt>
<trkpt lat="44.7100600" lon="9.2053000">
<ele>1512.295654</ele>
<time>2010-11-25T12:22:58.002Z</time>
</trkpt>
<trkpt lat="44.7099730" lon="9.2052800">
<ele>1511.320313</ele>
<time>2010-11-25T12:23:06.096Z</time>
</trkpt>
<trkpt lat="44.7098740" lon="9.2052370">
<ele>1510.375366</ele>
<time>2010-11-25T12:23:14.097Z</time>
</trkpt>
<trkpt lat="44.7097820" lon="9.2052580">
<ele>1508.455200</ele>
<time>2010-11-25T12:23:24.000Z</time>
</trkpt>
<trkpt lat="44.7096980" lon="9.2052900">
<ele>1506.992188</ele>
<time>2010-11-25T12:23:34.099Z</time>
</trkpt>
<trkpt lat="44.7096200" lon="9.2053300">
<ele>1503.639404</ele>
<time>2010-11-25T12:23:45.004Z</time>
</trkpt>
<trkpt lat="44.7095500" lon="9.2054400">
<ele>1501.231323</ele>
<time>2010-11-25T12:23:55.000Z</time>
</trkpt>
<trkpt lat="44.7094840" lon="9.2055560">
<ele>1499.311157</ele>
<time>2010-11-25T12:24:04.003Z</time>
</trkpt>
<trkpt lat="44.7093930" lon="9.2055980">
<ele>1496.903320</ele>
<time>2010-11-25T12:24:14.000Z</time>
</trkpt>
<trkpt lat="44.7092900" lon="9.2056000">
<ele>1494.495361</ele>
<time>2010-11-25T12:25:05.002Z</time>
</trkpt>
<trkpt lat="44.7091800" lon="9.2056100">
<ele>1493.550537</ele>
<time>2010-11-25T12:25:13.096Z</time>
</trkpt>
<trkpt lat="44.7090960" lon="9.2056400">
<ele>1493.062744</ele>
<time>2010-11-25T12:25:21.096Z</time>
</trkpt>
<trkpt lat="44.7090190" lon="9.2056720">
<ele>1492.575073</ele>
<time>2010-11-25T12:25:29.097Z</time>
</trkpt>
<trkpt lat="44.7089100" lon="9.2056800">
<ele>1492.117920</ele>
<time>2010-11-25T12:25:37.098Z</time>
</trkpt>
<trkpt lat="44.7088200" lon="9.2057300">
<ele>1491.630127</ele>
<time>2010-11-25T12:25:45.098Z</time>
</trkpt>
<trkpt lat="44.7087300" lon="9.2057600">
<ele>1491.630127</ele>
<time>2010-11-25T12:25:53.099Z</time>
</trkpt>
<trkpt lat="44.7086300" lon="9.2057800">
<ele>1491.630127</ele>
<time>2010-11-25T12:26:03.002Z</time>
</trkpt>
<trkpt lat="44.7085400" lon="9.2058100">
<ele>1492.117920</ele>
<time>2010-11-25T12:26:11.096Z</time>
</trkpt>
<trkpt lat="44.7084500" lon="9.2058300">
<ele>1492.117920</ele>
<time>2010-11-25T12:26:20.099Z</time>
</trkpt>
<trkpt lat="44.7083600" lon="9.2058400">
<ele>1492.117920</ele>
<time>2010-11-25T12:26:30.002Z</time>
</trkpt>
<trkpt lat="44.7082700" lon="9.2058500">
<ele>1492.575073</ele>
<time>2010-11-25T12:26:39.098Z</time>
</trkpt>
<trkpt lat="44.7081800" lon="9.2058600">
<ele>1493.550537</ele>
<time>2010-11-25T12:26:50.097Z</time>
</trkpt>
<trkpt lat="44.7080800" lon="9.2058700">
<ele>1494.983032</ele>
<time>2010-11-25T12:27:01.002Z</time>
</trkpt>
<trkpt lat="44.7079900" lon="9.2058800">
<ele>1495.958374</ele>
<time>2010-11-25T12:27:09.096Z</time>
</trkpt>
<trkpt lat="44.7079000" lon="9.2058800">
<ele>1495.958374</ele>
<time>2010-11-25T12:27:20.002Z</time>
</trkpt>
<trkpt lat="44.7078100" lon="9.2059000">
<ele>1494.038208</ele>
<time>2010-11-25T12:27:28.096Z</time>
</trkpt>
<trkpt lat="44.7077300" lon="9.2059100">
<ele>1492.117920</ele>
<time>2010-11-25T12:27:37.099Z</time>
</trkpt>
<trkpt lat="44.7076300" lon="9.2059100">
<ele>1491.142578</ele>
<time>2010-11-25T12:27:45.099Z</time>
</trkpt>
<trkpt lat="44.7075400" lon="9.2059300">
<ele>1491.142578</ele>
<time>2010-11-25T12:27:54.000Z</time>
</trkpt>
<trkpt lat="44.7074500" lon="9.2059600">
<ele>1491.142578</ele>
<time>2010-11-25T12:28:03.003Z</time>
</trkpt>
<trkpt lat="44.7073600" lon="9.2059700">
<ele>1492.117920</ele>
<time>2010-11-25T12:28:11.097Z</time>
</trkpt>
<trkpt lat="44.7072600" lon="9.2059700">
<ele>1492.575073</ele>
<time>2010-11-25T12:28:22.002Z</time>
</trkpt>
<trkpt lat="44.7071700" lon="9.2059600">
<ele>1491.630127</ele>
<time>2010-11-25T12:28:33.001Z</time>
</trkpt>
<trkpt lat="44.7071000" lon="9.2059400">
<ele>1490.654907</ele>
<time>2010-11-25T12:29:51.096Z</time>
</trkpt>
<trkpt lat="44.7070100" lon="9.2059100">
<ele>1491.142578</ele>
<time>2010-11-25T12:30:02.002Z</time>
</trkpt>
<trkpt lat="44.7069100" lon="9.2058700">
<ele>1492.117920</ele>
<time>2010-11-25T12:30:11.098Z</time>
</trkpt>
<trkpt lat="44.7068200" lon="9.2058400">
<ele>1493.062744</ele>
<time>2010-11-25T12:30:21.001Z</time>
</trkpt>
<trkpt lat="44.7067200" lon="9.2058000">
<ele>1494.495361</ele>
<time>2010-11-25T12:30:30.097Z</time>
</trkpt>
<trkpt lat="44.7066330" lon="9.2058020">
<ele>1494.495361</ele>
<time>2010-11-25T12:30:40.000Z</time>
</trkpt>
<trkpt lat="44.7065120" lon="9.2057700">
<ele>1494.983032</ele>
<time>2010-11-25T12:30:49.003Z</time>
</trkpt>
<trkpt lat="44.7064430" lon="9.2057480">
<ele>1494.983032</ele>
<time>2010-11-25T12:30:57.004Z</time>
</trkpt>
<trkpt lat="44.7063520" lon="9.2057050">
<ele>1494.038208</ele>
<time>2010-11-25T12:31:05.098Z</time>
</trkpt>
<trkpt lat="44.7062600" lon="9.2056620">
<ele>1494.038208</ele>
<time>2010-11-25T12:31:16.003Z</time>
</trkpt>
<trkpt lat="44.7061700" lon="9.2056200">
<ele>1494.038208</ele>
<time>2010-11-25T12:31:24.097Z</time>
</trkpt>
<trkpt lat="44.7060770" lon="9.2056290">
<ele>1493.550537</ele>
<time>2010-11-25T12:31:34.000Z</time>
</trkpt>
<trkpt lat="44.7060000" lon="9.2057400">
<ele>1492.117920</ele>
<time>2010-11-25T12:31:43.097Z</time>
</trkpt>
<trkpt lat="44.7059000" lon="9.2057700">
<ele>1491.630127</ele>
<time>2010-11-25T12:31:55.004Z</time>
</trkpt>
<trkpt lat="44.7058100" lon="9.2058210">
<ele>1491.142578</ele>
<time>2010-11-25T12:32:03.098Z</time>
</trkpt>
<trkpt lat="44.7057110" lon="9.2058740">
<ele>1491.142578</ele>
<time>2010-11-25T12:32:13.001Z</time>
</trkpt>
<trkpt lat="44.7056200" lon="9.2058950">
<ele>1491.630127</ele>
<time>2010-11-25T12:32:22.098Z</time>
</trkpt>
<trkpt lat="44.7055300" lon="9.2058700">
<ele>1492.117920</ele>
<time>2010-11-25T12:32:33.003Z</time>
</trkpt>
<trkpt lat="44.7054400" lon="9.2058800">
<ele>1492.117920</ele>
<time>2010-11-25T12:32:41.097Z</time>
</trkpt>
<trkpt lat="44.7053400" lon="9.2059000">
<ele>1491.630127</ele>
<time>2010-11-25T12:32:52.096Z</time>
</trkpt>
<trkpt lat="44.7052500" lon="9.2059500">
<ele>1489.709961</ele>
<time>2010-11-25T12:33:01.099Z</time>
</trkpt>
<trkpt lat="44.7051390" lon="9.2059360">
<ele>1488.247070</ele>
<time>2010-11-25T12:33:09.099Z</time>
</trkpt>
<trkpt lat="44.7049790" lon="9.2058820">
<ele>1486.814453</ele>
<time>2010-11-25T12:33:19.002Z</time>
</trkpt>
<trkpt lat="44.7048730" lon="9.2058820">
<ele>1484.894165</ele>
<time>2010-11-25T12:33:27.096Z</time>
</trkpt>
<trkpt lat="44.7047730" lon="9.2059770">
<ele>1483.461548</ele>
<time>2010-11-25T12:33:36.099Z</time>
</trkpt>
<trkpt lat="44.7047280" lon="9.2060840">
<ele>1483.918823</ele>
<time>2010-11-25T12:33:45.000Z</time>
</trkpt>
<trkpt lat="44.7046600" lon="9.2061500">
<ele>1482.973877</ele>
<time>2010-11-25T12:33:53.001Z</time>
</trkpt>
<trkpt lat="44.7045220" lon="9.2062010">
<ele>1482.973877</ele>
<time>2010-11-25T12:34:26.099Z</time>
</trkpt>
<trkpt lat="44.7044070" lon="9.2060940">
<ele>1483.461548</ele>
<time>2010-11-25T12:34:36.002Z</time>
</trkpt>
<trkpt lat="44.7043470" lon="9.2060400">
<ele>1483.461548</ele>
<time>2010-11-25T12:34:45.098Z</time>
</trkpt>
<trkpt lat="44.7042480" lon="9.2059860">
<ele>1482.973877</ele>
<time>2010-11-25T12:34:55.001Z</time>
</trkpt>
<trkpt lat="44.7041330" lon="9.2059540">
<ele>1482.486206</ele>
<time>2010-11-25T12:35:03.002Z</time>
</trkpt>
<trkpt lat="44.7040570" lon="9.2059430">
<ele>1483.461548</ele>
<time>2010-11-25T12:35:11.096Z</time>
</trkpt>
<trkpt lat="44.7039730" lon="9.2059210">
<ele>1485.381836</ele>
<time>2010-11-25T12:35:24.099Z</time>
</trkpt>
<trkpt lat="44.7039000" lon="9.2058500">
<ele>1487.789795</ele>
<time>2010-11-25T12:35:38.003Z</time>
</trkpt>
<trkpt lat="44.7038200" lon="9.2057100">
<ele>1489.709961</ele>
<time>2010-11-25T12:35:54.097Z</time>
</trkpt>
<trkpt lat="44.7037800" lon="9.2055900">
<ele>1489.709961</ele>
<time>2010-11-25T12:36:05.096Z</time>
</trkpt>
<trkpt lat="44.7036700" lon="9.2054100">
<ele>1490.654907</ele>
<time>2010-11-25T12:36:35.001Z</time>
</trkpt>
<trkpt lat="44.7035500" lon="9.2052800">
<ele>1493.062744</ele>
<time>2010-11-25T12:37:08.099Z</time>
</trkpt>
<trkpt lat="44.7034790" lon="9.2052350">
<ele>1494.495361</ele>
<time>2010-11-25T12:37:19.098Z</time>
</trkpt>
<trkpt lat="44.7034000" lon="9.2050900">
<ele>1496.415649</ele>
<time>2010-11-25T12:37:31.099Z</time>
</trkpt>
<trkpt lat="44.7033190" lon="9.2050430">
<ele>1497.390991</ele>
<time>2010-11-25T12:37:42.004Z</time>
</trkpt>
<trkpt lat="44.7032430" lon="9.2050000">
<ele>1497.878540</ele>
<time>2010-11-25T12:37:50.098Z</time>
</trkpt>
<trkpt lat="44.7031360" lon="9.2050310">
<ele>1498.366333</ele>
<time>2010-11-25T12:38:00.001Z</time>
</trkpt>
<trkpt lat="44.7030600" lon="9.2050300">
<ele>1499.311157</ele>
<time>2010-11-25T12:38:09.097Z</time>
</trkpt>
<trkpt lat="44.7029700" lon="9.2050800">
<ele>1498.823486</ele>
<time>2010-11-25T12:38:19.000Z</time>
</trkpt>
<trkpt lat="44.7028900" lon="9.2051400">
<ele>1499.311157</ele>
<time>2010-11-25T12:38:28.097Z</time>
</trkpt>
<trkpt lat="44.7028690" lon="9.2052870">
<ele>1499.311157</ele>
<time>2010-11-25T12:38:40.004Z</time>
</trkpt>
<trkpt lat="44.7028230" lon="9.2054260">
<ele>1501.231323</ele>
<time>2010-11-25T12:38:52.099Z</time>
</trkpt>
<trkpt lat="44.7027850" lon="9.2055540">
<ele>1502.663940</ele>
<time>2010-11-25T12:39:09.000Z</time>
</trkpt>
<trkpt lat="44.7027620" lon="9.2056710">
<ele>1503.151733</ele>
<time>2010-11-25T12:39:21.001Z</time>
</trkpt>
<trkpt lat="44.7027390" lon="9.2058100">
<ele>1504.614746</ele>
<time>2010-11-25T12:39:32.000Z</time>
</trkpt>
<trkpt lat="44.7027080" lon="9.2059590">
<ele>1504.614746</ele>
<time>2010-11-25T12:39:41.096Z</time>
</trkpt>
<trkpt lat="44.7027080" lon="9.2060770">
<ele>1506.535034</ele>
<time>2010-11-25T12:39:54.099Z</time>
</trkpt>
<trkpt lat="44.7026850" lon="9.2062370">
<ele>1506.047363</ele>
<time>2010-11-25T12:40:05.098Z</time>
</trkpt>
<trkpt lat="44.7026620" lon="9.2063650">
<ele>1506.992188</ele>
<time>2010-11-25T12:40:16.003Z</time>
</trkpt>
<trkpt lat="44.7026310" lon="9.2064940">
<ele>1507.967529</ele>
<time>2010-11-25T12:40:28.098Z</time>
</trkpt>
<trkpt lat="44.7026000" lon="9.2065900">
<ele>1511.320313</ele>
<time>2010-11-25T12:40:48.099Z</time>
</trkpt>
<trkpt lat="44.7025620" lon="9.2067070">
<ele>1512.295654</ele>
<time>2010-11-25T12:41:02.096Z</time>
</trkpt>
<trkpt lat="44.7025160" lon="9.2068460">
<ele>1513.240601</ele>
<time>2010-11-25T12:41:15.099Z</time>
</trkpt>
<trkpt lat="44.7024780" lon="9.2069630">
<ele>1514.215942</ele>
<time>2010-11-25T12:41:26.098Z</time>
</trkpt>
<trkpt lat="44.7024470" lon="9.2070590">
<ele>1514.703613</ele>
<time>2010-11-25T12:42:16.098Z</time>
</trkpt>
<trkpt lat="44.7024010" lon="9.2071450">
<ele>1517.111450</ele>
<time>2010-11-25T12:42:31.097Z</time>
</trkpt>
<trkpt lat="44.7023400" lon="9.2073050">
<ele>1517.568726</ele>
<time>2010-11-25T12:42:43.004Z</time>
</trkpt>
<trkpt lat="44.7022400" lon="9.2073900">
<ele>1519.031860</ele>
<time>2010-11-25T12:42:54.096Z</time>
</trkpt>
<trkpt lat="44.7021720" lon="9.2074750">
<ele>1518.544067</ele>
<time>2010-11-25T12:43:05.002Z</time>
</trkpt>
<trkpt lat="44.7020800" lon="9.2075070">
<ele>1518.056396</ele>
<time>2010-11-25T12:43:17.003Z</time>
</trkpt>
<trkpt lat="44.7019960" lon="9.2075490">
<ele>1520.952026</ele>
<time>2010-11-25T12:43:30.099Z</time>
</trkpt>
<trkpt lat="44.7019200" lon="9.2075920">
<ele>1524.304810</ele>
<time>2010-11-25T12:43:51.001Z</time>
</trkpt>
<trkpt lat="44.7018210" lon="9.2075810">
<ele>1526.712646</ele>
<time>2010-11-25T12:44:07.002Z</time>
</trkpt>
<trkpt lat="44.7017370" lon="9.2075480">
<ele>1526.224976</ele>
<time>2010-11-25T12:44:15.096Z</time>
</trkpt>
<trkpt lat="44.7016530" lon="9.2075270">
<ele>1525.737427</ele>
<time>2010-11-25T12:44:24.099Z</time>
</trkpt>
<trkpt lat="44.7015400" lon="9.2074900">
<ele>1525.280273</ele>
<time>2010-11-25T12:44:34.002Z</time>
</trkpt>
<trkpt lat="44.7014600" lon="9.2074500">
<ele>1524.792480</ele>
<time>2010-11-25T12:44:42.096Z</time>
</trkpt>
<trkpt lat="44.7013900" lon="9.2073900">
<ele>1525.737427</ele>
<time>2010-11-25T12:44:51.099Z</time>
</trkpt>
<trkpt lat="44.7013180" lon="9.2073120">
<ele>1526.224976</ele>
<time>2010-11-25T12:45:01.096Z</time>
</trkpt>
<trkpt lat="44.7012400" lon="9.2072200">
<ele>1525.737427</ele>
<time>2010-11-25T12:45:13.003Z</time>
</trkpt>
<trkpt lat="44.7011810" lon="9.2071620">
<ele>1525.737427</ele>
<time>2010-11-25T12:45:24.002Z</time>
</trkpt>
<trkpt lat="44.7011280" lon="9.2070760">
<ele>1525.280273</ele>
<time>2010-11-25T12:45:33.098Z</time>
</trkpt>
<trkpt lat="44.7010500" lon="9.2069600">
<ele>1525.280273</ele>
<time>2010-11-25T12:45:44.004Z</time>
</trkpt>
<trkpt lat="44.7009700" lon="9.2068900">
<ele>1525.280273</ele>
<time>2010-11-25T12:45:55.002Z</time>
</trkpt>
<trkpt lat="44.7009000" lon="9.2068400">
<ele>1525.280273</ele>
<time>2010-11-25T12:46:04.099Z</time>
</trkpt>
<trkpt lat="44.7008090" lon="9.2067440">
<ele>1524.304810</ele>
<time>2010-11-25T12:46:14.002Z</time>
</trkpt>
<trkpt lat="44.7007400" lon="9.2066300">
<ele>1523.359863</ele>
<time>2010-11-25T12:46:22.002Z</time>
</trkpt>
<trkpt lat="44.7006700" lon="9.2065500">
<ele>1521.896851</ele>
<time>2010-11-25T12:46:30.096Z</time>
</trkpt>
<trkpt lat="44.7006030" lon="9.2065080">
<ele>1521.409180</ele>
<time>2010-11-25T12:46:41.002Z</time>
</trkpt>
<trkpt lat="44.7005200" lon="9.2064300">
<ele>1521.409180</ele>
<time>2010-11-25T12:46:49.096Z</time>
</trkpt>
<trkpt lat="44.7004300" lon="9.2064100">
<ele>1521.409180</ele>
<time>2010-11-25T12:46:58.099Z</time>
</trkpt>
<trkpt lat="44.7003200" lon="9.2064200">
<ele>1521.896851</ele>
<time>2010-11-25T12:47:08.002Z</time>
</trkpt>
<trkpt lat="44.7002200" lon="9.2064300">
<ele>1521.896851</ele>
<time>2010-11-25T12:47:16.096Z</time>
</trkpt>
<trkpt lat="44.7001200" lon="9.2064300">
<ele>1521.409180</ele>
<time>2010-11-25T12:47:25.099Z</time>
</trkpt>
<trkpt lat="44.7000170" lon="9.2064630">
<ele>1521.409180</ele>
<time>2010-11-25T12:47:35.002Z</time>
</trkpt>
<trkpt lat="44.6999170" lon="9.2064950">
<ele>1520.952026</ele>
<time>2010-11-25T12:47:43.096Z</time>
</trkpt>
<trkpt lat="44.6998260" lon="9.2065050">
<ele>1520.952026</ele>
<time>2010-11-25T12:47:55.097Z</time>
</trkpt>
<trkpt lat="44.6997190" lon="9.2065260">
<ele>1520.952026</ele>
<time>2010-11-25T12:48:09.000Z</time>
</trkpt>
<trkpt lat="44.6996130" lon="9.2065260">
<ele>1520.952026</ele>
<time>2010-11-25T12:48:25.001Z</time>
</trkpt>
<trkpt lat="44.6994910" lon="9.2065570">
<ele>1520.952026</ele>
<time>2010-11-25T12:48:37.002Z</time>
</trkpt>
<trkpt lat="44.6993990" lon="9.2065350">
<ele>1520.952026</ele>
<time>2010-11-25T12:48:48.001Z</time>
</trkpt>
<trkpt lat="44.6993150" lon="9.2064390">
<ele>1521.409180</ele>
<time>2010-11-25T12:48:59.000Z</time>
</trkpt>
<trkpt lat="44.6992500" lon="9.2063000">
<ele>1522.384644</ele>
<time>2010-11-25T12:49:12.003Z</time>
</trkpt>
<trkpt lat="44.6991900" lon="9.2062000">
<ele>1523.817139</ele>
<time>2010-11-25T12:49:26.000Z</time>
</trkpt>
<trkpt lat="44.6991410" lon="9.2060960">
<ele>1526.712646</ele>
<time>2010-11-25T12:49:47.097Z</time>
</trkpt>
<trkpt lat="44.6990800" lon="9.2059600">
<ele>1528.145264</ele>
<time>2010-11-25T12:49:59.098Z</time>
</trkpt>
<trkpt lat="44.6990330" lon="9.2058630">
<ele>1529.608276</ele>
<time>2010-11-25T12:50:10.097Z</time>
</trkpt>
<trkpt lat="44.6989720" lon="9.2057560">
<ele>1531.040894</ele>
<time>2010-11-25T12:50:22.098Z</time>
</trkpt>
<trkpt lat="44.6989040" lon="9.2055840">
<ele>1531.528564</ele>
<time>2010-11-25T12:50:53.098Z</time>
</trkpt>
<trkpt lat="44.6988590" lon="9.2054670">
<ele>1532.961060</ele>
<time>2010-11-25T12:51:08.004Z</time>
</trkpt>
<trkpt lat="44.6988050" lon="9.2053600">
<ele>1534.393677</ele>
<time>2010-11-25T12:51:18.000Z</time>
</trkpt>
<trkpt lat="44.6987370" lon="9.2051990">
<ele>1535.369019</ele>
<time>2010-11-25T12:51:31.003Z</time>
</trkpt>
<trkpt lat="44.6986990" lon="9.2051030">
<ele>1536.801636</ele>
<time>2010-11-25T12:51:43.098Z</time>
</trkpt>
<trkpt lat="44.6986690" lon="9.2050390">
<ele>1537.776978</ele>
<time>2010-11-25T12:51:54.096Z</time>
</trkpt>
<trkpt lat="44.6985930" lon="9.2048570">
<ele>1538.234253</ele>
<time>2010-11-25T12:52:05.002Z</time>
</trkpt>
<trkpt lat="44.6985470" lon="9.2047500">
<ele>1538.234253</ele>
<time>2010-11-25T12:52:16.000Z</time>
</trkpt>
<trkpt lat="44.6984940" lon="9.2046430">
<ele>1538.721802</ele>
<time>2010-11-25T12:52:25.097Z</time>
</trkpt>
<trkpt lat="44.6984330" lon="9.2045140">
<ele>1537.776978</ele>
<time>2010-11-25T12:52:36.002Z</time>
</trkpt>
<trkpt lat="44.6983880" lon="9.2044390">
<ele>1538.721802</ele>
<time>2010-11-25T12:52:47.001Z</time>
</trkpt>
<trkpt lat="44.6983000" lon="9.2043600">
<ele>1539.209473</ele>
<time>2010-11-25T12:53:27.004Z</time>
</trkpt>
<trkpt lat="44.6982280" lon="9.2043210">
<ele>1541.129761</ele>
<time>2010-11-25T12:53:35.098Z</time>
</trkpt>
<trkpt lat="44.6981140" lon="9.2043530">
<ele>1539.697144</ele>
<time>2010-11-25T12:53:45.001Z</time>
</trkpt>
<trkpt lat="44.6980140" lon="9.2044380">
<ele>1539.697144</ele>
<time>2010-11-25T12:53:54.097Z</time>
</trkpt>
<trkpt lat="44.6979380" lon="9.2044910">
<ele>1539.209473</ele>
<time>2010-11-25T12:54:04.000Z</time>
</trkpt>
<trkpt lat="44.6978460" lon="9.2045760">
<ele>1539.209473</ele>
<time>2010-11-25T12:54:13.003Z</time>
</trkpt>
<trkpt lat="44.6977550" lon="9.2046290">
<ele>1538.234253</ele>
<time>2010-11-25T12:54:21.097Z</time>
</trkpt>
<trkpt lat="44.6976790" lon="9.2046610">
<ele>1538.234253</ele>
<time>2010-11-25T12:54:29.098Z</time>
</trkpt>
<trkpt lat="44.6975900" lon="9.2047000">
<ele>1537.776978</ele>
<time>2010-11-25T12:54:37.099Z</time>
</trkpt>
<trkpt lat="44.6974900" lon="9.2047100">
<ele>1539.209473</ele>
<time>2010-11-25T12:54:47.002Z</time>
</trkpt>
<trkpt lat="44.6974040" lon="9.2047670">
<ele>1537.776978</ele>
<time>2010-11-25T12:54:55.096Z</time>
</trkpt>
<trkpt lat="44.6972970" lon="9.2047880">
<ele>1538.234253</ele>
<time>2010-11-25T12:55:03.096Z</time>
</trkpt>
<trkpt lat="44.6972210" lon="9.2047980">
<ele>1537.776978</ele>
<time>2010-11-25T12:55:11.097Z</time>
</trkpt>
<trkpt lat="44.6971300" lon="9.2047980">
<ele>1537.776978</ele>
<time>2010-11-25T12:55:19.098Z</time>
</trkpt>
<trkpt lat="44.6970300" lon="9.2048080">
<ele>1537.289307</ele>
<time>2010-11-25T12:55:29.001Z</time>
</trkpt>
<trkpt lat="44.6969390" lon="9.2048190">
<ele>1537.289307</ele>
<time>2010-11-25T12:55:38.004Z</time>
</trkpt>
<trkpt lat="44.6968320" lon="9.2047970">
<ele>1536.801636</ele>
<time>2010-11-25T12:55:46.098Z</time>
</trkpt>
<trkpt lat="44.6967490" lon="9.2047750">
<ele>1537.289307</ele>
<time>2010-11-25T12:55:56.001Z</time>
</trkpt>
<trkpt lat="44.6966570" lon="9.2047640">
<ele>1537.776978</ele>
<time>2010-11-25T12:56:05.004Z</time>
</trkpt>
<trkpt lat="44.6965500" lon="9.2047210">
<ele>1537.776978</ele>
<time>2010-11-25T12:56:13.004Z</time>
</trkpt>
<trkpt lat="44.6964800" lon="9.2046900">
<ele>1538.721802</ele>
<time>2010-11-25T12:56:20.096Z</time>
</trkpt>
<trkpt lat="44.6963900" lon="9.2046700">
<ele>1538.234253</ele>
<time>2010-11-25T12:56:40.004Z</time>
</trkpt>
<trkpt lat="44.6963000" lon="9.2046200">
<ele>1539.697144</ele>
<time>2010-11-25T12:56:51.003Z</time>
</trkpt>
<trkpt lat="44.6962080" lon="9.2045700">
<ele>1539.209473</ele>
<time>2010-11-25T12:56:59.097Z</time>
</trkpt>
<trkpt lat="44.6961470" lon="9.2045270">
<ele>1538.234253</ele>
<time>2010-11-25T12:57:09.000Z</time>
</trkpt>
<trkpt lat="44.6960400" lon="9.2044420">
<ele>1538.234253</ele>
<time>2010-11-25T12:57:17.001Z</time>
</trkpt>
<trkpt lat="44.6959720" lon="9.2043770">
<ele>1539.697144</ele>
<time>2010-11-25T12:57:26.097Z</time>
</trkpt>
<trkpt lat="44.6958960" lon="9.2043020">
<ele>1540.642090</ele>
<time>2010-11-25T12:57:40.000Z</time>
</trkpt>
<trkpt lat="44.6958350" lon="9.2042270">
<ele>1542.105103</ele>
<time>2010-11-25T12:57:53.004Z</time>
</trkpt>
<trkpt lat="44.6957660" lon="9.2041630">
<ele>1543.050049</ele>
<time>2010-11-25T12:58:07.000Z</time>
</trkpt>
<trkpt lat="44.6956680" lon="9.2040660">
<ele>1545.457886</ele>
<time>2010-11-25T12:58:21.099Z</time>
</trkpt>
<trkpt lat="44.6956140" lon="9.2040230">
<ele>1547.378174</ele>
<time>2010-11-25T12:58:36.098Z</time>
</trkpt>
<trkpt lat="44.6955310" lon="9.2039270">
<ele>1549.786133</ele>
<time>2010-11-25T12:58:51.097Z</time>
</trkpt>
<trkpt lat="44.6954620" lon="9.2038730">
<ele>1550.273804</ele>
<time>2010-11-25T12:59:05.001Z</time>
</trkpt>
<trkpt lat="44.6953860" lon="9.2037980">
<ele>1552.681763</ele>
<time>2010-11-25T12:59:18.004Z</time>
</trkpt>
<trkpt lat="44.6953330" lon="9.2037550">
<ele>1551.706299</ele>
<time>2010-11-25T12:59:28.000Z</time>
</trkpt>
<trkpt lat="44.6952570" lon="9.2036800">
<ele>1551.706299</ele>
<time>2010-11-25T12:59:52.002Z</time>
</trkpt>
<trkpt lat="44.6951880" lon="9.2036160">
<ele>1552.681763</ele>
<time>2010-11-25T13:00:04.003Z</time>
</trkpt>
<trkpt lat="44.6951000" lon="9.2035400">
<ele>1553.138916</ele>
<time>2010-11-25T13:00:16.004Z</time>
</trkpt>
<trkpt lat="44.6950000" lon="9.2034900">
<ele>1555.546753</ele>
<time>2010-11-25T13:00:27.096Z</time>
</trkpt>
<trkpt lat="44.6949100" lon="9.2034700">
<ele>1556.979370</ele>
<time>2010-11-25T13:00:39.097Z</time>
</trkpt>
<trkpt lat="44.6948100" lon="9.2034400">
<ele>1557.467041</ele>
<time>2010-11-25T13:00:50.096Z</time>
</trkpt>
<trkpt lat="44.6947100" lon="9.2034000">
<ele>1557.467041</ele>
<time>2010-11-25T13:00:59.099Z</time>
</trkpt>
<trkpt lat="44.6946200" lon="9.2033700">
<ele>1558.442383</ele>
<time>2010-11-25T13:01:10.004Z</time>
</trkpt>
<trkpt lat="44.6945410" lon="9.2033250">
<ele>1558.442383</ele>
<time>2010-11-25T13:01:20.001Z</time>
</trkpt>
<trkpt lat="44.6944490" lon="9.2033030">
<ele>1557.954712</ele>
<time>2010-11-25T13:01:29.004Z</time>
</trkpt>
<trkpt lat="44.6943660" lon="9.2032600">
<ele>1557.954712</ele>
<time>2010-11-25T13:01:37.098Z</time>
</trkpt>
<trkpt lat="44.6942820" lon="9.2032070">
<ele>1557.954712</ele>
<time>2010-11-25T13:01:45.098Z</time>
</trkpt>
<trkpt lat="44.6941900" lon="9.2031600">
<ele>1557.954712</ele>
<time>2010-11-25T13:01:55.001Z</time>
</trkpt>
<trkpt lat="44.6940900" lon="9.2031800">
<ele>1559.387329</ele>
<time>2010-11-25T13:02:07.002Z</time>
</trkpt>
<trkpt lat="44.6940000" lon="9.2032000">
<ele>1559.875000</ele>
<time>2010-11-25T13:02:18.001Z</time>
</trkpt>
<trkpt lat="44.6939100" lon="9.2032200">
<ele>1559.875000</ele>
<time>2010-11-25T13:02:27.004Z</time>
</trkpt>
<trkpt lat="44.6938200" lon="9.2032500">
<ele>1560.362549</ele>
<time>2010-11-25T13:02:35.098Z</time>
</trkpt>
<trkpt lat="44.6937300" lon="9.2032700">
<ele>1560.362549</ele>
<time>2010-11-25T13:02:45.001Z</time>
</trkpt>
<trkpt lat="44.6936490" lon="9.2033110">
<ele>1559.387329</ele>
<time>2010-11-25T13:02:54.097Z</time>
</trkpt>
<trkpt lat="44.6935580" lon="9.2033220">
<ele>1558.442383</ele>
<time>2010-11-25T13:03:04.000Z</time>
</trkpt>
<trkpt lat="44.6934280" lon="9.2033320">
<ele>1557.954712</ele>
<time>2010-11-25T13:03:13.003Z</time>
</trkpt>
<trkpt lat="44.6933370" lon="9.2033640">
<ele>1557.467041</ele>
<time>2010-11-25T13:03:21.097Z</time>
</trkpt>
<trkpt lat="44.6932530" lon="9.2033850">
<ele>1555.546753</ele>
<time>2010-11-25T13:03:31.000Z</time>
</trkpt>
<trkpt lat="44.6931540" lon="9.2033950">
<ele>1555.059082</ele>
<time>2010-11-25T13:03:39.001Z</time>
</trkpt>
<trkpt lat="44.6931000" lon="9.2034000">
<ele>1556.979370</ele>
<time>2010-11-25T13:04:11.004Z</time>
</trkpt>
<trkpt lat="44.6930500" lon="9.2034300">
<ele>1556.979370</ele>
<time>2010-11-25T13:05:09.004Z</time>
</trkpt>
<trkpt lat="44.6929800" lon="9.2034400">
<ele>1556.979370</ele>
<time>2010-11-25T13:06:03.004Z</time>
</trkpt>
<trkpt lat="44.6928900" lon="9.2034400">
<ele>1556.979370</ele>
<time>2010-11-25T13:06:14.003Z</time>
</trkpt>
<trkpt lat="44.6928000" lon="9.2034300">
<ele>1556.979370</ele>
<time>2010-11-25T13:06:21.001Z</time>
</trkpt>
<trkpt lat="44.6927000" lon="9.2034200">
<ele>1558.442383</ele>
<time>2010-11-25T13:06:34.004Z</time>
</trkpt>
<trkpt lat="44.6926100" lon="9.2034100">
<ele>1559.387329</ele>
<time>2010-11-25T13:06:46.099Z</time>
</trkpt>
<trkpt lat="44.6925100" lon="9.2034000">
<ele>1560.850342</ele>
<time>2010-11-25T13:07:01.004Z</time>
</trkpt>
<trkpt lat="44.6924070" lon="9.2034240">
<ele>1561.795166</ele>
<time>2010-11-25T13:07:16.003Z</time>
</trkpt>
<trkpt lat="44.6923150" lon="9.2034240">
<ele>1563.715332</ele>
<time>2010-11-25T13:07:31.002Z</time>
</trkpt>
<trkpt lat="44.6922390" lon="9.2034240">
<ele>1565.178467</ele>
<time>2010-11-25T13:08:21.002Z</time>
</trkpt>
<trkpt lat="44.6921400" lon="9.2034240">
<ele>1567.555908</ele>
<time>2010-11-25T13:08:36.001Z</time>
</trkpt>
<trkpt lat="44.6920560" lon="9.2034230">
<ele>1570.939209</ele>
<time>2010-11-25T13:08:52.096Z</time>
</trkpt>
<trkpt lat="44.6919720" lon="9.2034340">
<ele>1572.859375</ele>
<time>2010-11-25T13:09:11.002Z</time>
</trkpt>
<trkpt lat="44.6918810" lon="9.2034230">
<ele>1575.267456</ele>
<time>2010-11-25T13:09:31.003Z</time>
</trkpt>
<trkpt lat="44.6918040" lon="9.2034220">
<ele>1579.107788</ele>
<time>2010-11-25T13:09:51.098Z</time>
</trkpt>
<trkpt lat="44.6917210" lon="9.2034010">
<ele>1582.460571</ele>
<time>2010-11-25T13:10:12.000Z</time>
</trkpt>
<trkpt lat="44.6916370" lon="9.2033260">
<ele>1584.868652</ele>
<time>2010-11-25T13:10:32.002Z</time>
</trkpt>
<trkpt lat="44.6915690" lon="9.2032190">
<ele>1586.788818</ele>
<time>2010-11-25T13:10:49.099Z</time>
</trkpt>
<trkpt lat="44.6915150" lon="9.2031440">
<ele>1588.221436</ele>
<time>2010-11-25T13:11:07.096Z</time>
</trkpt>
<trkpt lat="44.6914620" lon="9.2030580">
<ele>1591.117065</ele>
<time>2010-11-25T13:11:23.097Z</time>
</trkpt>
<trkpt lat="44.6913940" lon="9.2029830">
<ele>1593.524902</ele>
<time>2010-11-25T13:11:42.096Z</time>
</trkpt>
<trkpt lat="44.6913400" lon="9.2028860">
<ele>1595.445068</ele>
<time>2010-11-25T13:11:58.098Z</time>
</trkpt>
<trkpt lat="44.6912640" lon="9.2027690">
<ele>1596.420532</ele>
<time>2010-11-25T13:12:16.001Z</time>
</trkpt>
<trkpt lat="44.6912340" lon="9.2027150">
<ele>1597.853027</ele>
<time>2010-11-25T13:12:32.096Z</time>
</trkpt>
<trkpt lat="44.6911660" lon="9.2026290">
<ele>1600.260986</ele>
<time>2010-11-25T13:12:55.002Z</time>
</trkpt>
<trkpt lat="44.6911120" lon="9.2025440">
<ele>1602.668945</ele>
<time>2010-11-25T13:13:10.001Z</time>
</trkpt>
<trkpt lat="44.6910670" lon="9.2024800">
<ele>1603.613770</ele>
<time>2010-11-25T13:13:27.098Z</time>
</trkpt>
<trkpt lat="44.6909910" lon="9.2023940">
<ele>1606.509399</ele>
<time>2010-11-25T13:13:46.004Z</time>
</trkpt>
<trkpt lat="44.6909220" lon="9.2023190">
<ele>1608.917358</ele>
<time>2010-11-25T13:14:02.099Z</time>
</trkpt>
<trkpt lat="44.6909000" lon="9.2022440">
<ele>1611.294678</ele>
<time>2010-11-25T13:14:19.000Z</time>
</trkpt>
<trkpt lat="44.6908100" lon="9.2022100">
<ele>1614.190308</ele>
<time>2010-11-25T13:14:36.004Z</time>
</trkpt>
<trkpt lat="44.6907200" lon="9.2022500">
<ele>1615.165649</ele>
<time>2010-11-25T13:14:52.099Z</time>
</trkpt>
<trkpt lat="44.6906500" lon="9.2023200">
<ele>1618.518555</ele>
<time>2010-11-25T13:15:23.099Z</time>
</trkpt>
<trkpt lat="44.6905600" lon="9.2024000">
<ele>1620.926392</ele>
<time>2010-11-25T13:15:41.096Z</time>
</trkpt>
<trkpt lat="44.6904900" lon="9.2024200">
<ele>1620.438721</ele>
<time>2010-11-25T13:16:34.000Z</time>
</trkpt>
<trkpt lat="44.6904000" lon="9.2024300">
<ele>1621.871338</ele>
<time>2010-11-25T13:16:47.004Z</time>
</trkpt>
<trkpt lat="44.6903000" lon="9.2024300">
<ele>1624.766968</ele>
<time>2010-11-25T13:16:59.098Z</time>
</trkpt>
<trkpt lat="44.6902100" lon="9.2024300">
<ele>1625.254639</ele>
<time>2010-11-25T13:17:13.001Z</time>
</trkpt>
<trkpt lat="44.6901070" lon="9.2024120">
<ele>1625.711792</ele>
<time>2010-11-25T13:17:25.096Z</time>
</trkpt>
<trkpt lat="44.6900230" lon="9.2023900">
<ele>1626.199341</ele>
<time>2010-11-25T13:17:38.099Z</time>
</trkpt>
<trkpt lat="44.6899310" lon="9.2023900">
<ele>1627.174805</ele>
<time>2010-11-25T13:17:52.096Z</time>
</trkpt>
<trkpt lat="44.6898400" lon="9.2023680">
<ele>1628.119751</ele>
<time>2010-11-25T13:18:08.004Z</time>
</trkpt>
<trkpt lat="44.6897480" lon="9.2023570">
<ele>1629.582642</ele>
<time>2010-11-25T13:18:23.003Z</time>
</trkpt>
<trkpt lat="44.6896600" lon="9.2023600">
<ele>1630.527588</ele>
<time>2010-11-25T13:18:39.097Z</time>
</trkpt>
<trkpt lat="44.6896040" lon="9.2023460">
<ele>1633.910889</ele>
<time>2010-11-25T13:19:01.001Z</time>
</trkpt>
<trkpt lat="44.6895200" lon="9.2023500">
<ele>1634.368164</ele>
<time>2010-11-25T13:19:33.004Z</time>
</trkpt>
<trkpt lat="44.6894400" lon="9.2023200">
<ele>1637.751465</ele>
<time>2010-11-25T13:19:51.001Z</time>
</trkpt>
<trkpt lat="44.6893500" lon="9.2023100">
<ele>1639.183838</ele>
<time>2010-11-25T13:20:08.098Z</time>
</trkpt>
<trkpt lat="44.6892600" lon="9.2022900">
<ele>1642.079468</ele>
<time>2010-11-25T13:20:27.097Z</time>
</trkpt>
<trkpt lat="44.6891600" lon="9.2022800">
<ele>1644.944580</ele>
<time>2010-11-25T13:20:47.099Z</time>
</trkpt>
<trkpt lat="44.6890700" lon="9.2022400">
<ele>1646.864868</ele>
<time>2010-11-25T13:21:05.096Z</time>
</trkpt>
<trkpt lat="44.6889900" lon="9.2022100">
<ele>1648.785034</ele>
<time>2010-11-25T13:21:31.000Z</time>
</trkpt>
<trkpt lat="44.6889330" lon="9.2021410">
<ele>1650.735840</ele>
<time>2010-11-25T13:22:02.001Z</time>
</trkpt>
<trkpt lat="44.6888650" lon="9.2021090">
<ele>1651.192993</ele>
<time>2010-11-25T13:22:44.000Z</time>
</trkpt>
<trkpt lat="44.6887580" lon="9.2020440">
<ele>1651.192993</ele>
<time>2010-11-25T13:23:09.097Z</time>
</trkpt>
<trkpt lat="44.6886670" lon="9.2020220">
<ele>1653.601074</ele>
<time>2010-11-25T13:23:24.003Z</time>
</trkpt>
<trkpt lat="44.6885600" lon="9.2020110">
<ele>1656.008911</ele>
<time>2010-11-25T13:23:39.002Z</time>
</trkpt>
<trkpt lat="44.6884690" lon="9.2020110">
<ele>1657.441406</ele>
<time>2010-11-25T13:23:52.099Z</time>
</trkpt>
<trkpt lat="44.6883920" lon="9.2020110">
<ele>1657.929077</ele>
<time>2010-11-25T13:24:07.098Z</time>
</trkpt>
<trkpt lat="44.6883010" lon="9.2019780">
<ele>1659.849365</ele>
<time>2010-11-25T13:24:36.000Z</time>
</trkpt>
<trkpt lat="44.6882250" lon="9.2019570">
<ele>1662.744995</ele>
<time>2010-11-25T13:24:53.004Z</time>
</trkpt>
<trkpt lat="44.6881490" lon="9.2019030">
<ele>1664.665161</ele>
<time>2010-11-25T13:25:12.003Z</time>
</trkpt>
<trkpt lat="44.6880270" lon="9.2018710">
<ele>1667.073120</ele>
<time>2010-11-25T13:25:34.000Z</time>
</trkpt>
<trkpt lat="44.6879430" lon="9.2018380">
<ele>1669.938232</ele>
<time>2010-11-25T13:25:54.002Z</time>
</trkpt>
<trkpt lat="44.6878670" lon="9.2018170">
<ele>1670.913574</ele>
<time>2010-11-25T13:26:11.099Z</time>
</trkpt>
<trkpt lat="44.6877980" lon="9.2017630">
<ele>1672.833740</ele>
<time>2010-11-25T13:26:28.000Z</time>
</trkpt>
<trkpt lat="44.6876990" lon="9.2016880">
<ele>1673.778687</ele>
<time>2010-11-25T13:26:45.004Z</time>
</trkpt>
<trkpt lat="44.6876390" lon="9.2016020">
<ele>1675.729370</ele>
<time>2010-11-25T13:27:01.099Z</time>
</trkpt>
<trkpt lat="44.6875630" lon="9.2014950">
<ele>1676.674316</ele>
<time>2010-11-25T13:27:22.000Z</time>
</trkpt>
<trkpt lat="44.6874790" lon="9.2013880">
<ele>1680.027100</ele>
<time>2010-11-25T13:27:39.097Z</time>
</trkpt>
<trkpt lat="44.6874110" lon="9.2012920">
<ele>1681.490234</ele>
<time>2010-11-25T13:27:57.001Z</time>
</trkpt>
<trkpt lat="44.6873420" lon="9.2012170">
<ele>1683.410400</ele>
<time>2010-11-25T13:28:13.002Z</time>
</trkpt>
<trkpt lat="44.6871820" lon="9.2014300">
<ele>1685.818237</ele>
<time>2010-11-25T13:28:29.097Z</time>
</trkpt>
<trkpt lat="44.6870500" lon="9.2015700">
<ele>1686.275513</ele>
<time>2010-11-25T13:28:48.003Z</time>
</trkpt>
<trkpt lat="44.6869680" lon="9.2015570">
<ele>1685.818237</ele>
<time>2010-11-25T13:29:50.004Z</time>
</trkpt>
<trkpt lat="44.6868840" lon="9.2015780">
<ele>1687.250854</ele>
<time>2010-11-25T13:30:05.096Z</time>
</trkpt>
<trkpt lat="44.6868100" lon="9.2015200">
<ele>1689.171143</ele>
<time>2010-11-25T13:30:40.003Z</time>
</trkpt>
<trkpt lat="44.6867800" lon="9.2013600">
<ele>1690.603760</ele>
<time>2010-11-25T13:31:07.097Z</time>
</trkpt>
<trkpt lat="44.6867000" lon="9.2013600">
<ele>1692.066650</ele>
<time>2010-11-25T13:31:26.096Z</time>
</trkpt>
<trkpt lat="44.6866500" lon="9.2013700">
<ele>1693.987061</ele>
<time>2010-11-25T13:36:18.000Z</time>
</trkpt>
<trkpt lat="44.6866100" lon="9.2012400">
<ele>1695.419434</ele>
<time>2010-11-25T13:36:34.001Z</time>
</trkpt>
<trkpt lat="44.6865900" lon="9.2011800">
<ele>1697.339844</ele>
<time>2010-11-25T13:37:24.001Z</time>
</trkpt>
<trkpt lat="44.6865400" lon="9.2010600">
<ele>1697.827393</ele>
<time>2010-11-25T13:37:35.000Z</time>
</trkpt>
<trkpt lat="44.6865100" lon="9.2009300">
<ele>1698.772339</ele>
<time>2010-11-25T13:37:45.098Z</time>
</trkpt>
<trkpt lat="44.6864800" lon="9.2008100">
<ele>1699.260010</ele>
<time>2010-11-25T13:38:03.002Z</time>
</trkpt>
<trkpt lat="44.6864700" lon="9.2007800">
<ele>1700.723022</ele>
<time>2010-11-25T13:39:32.003Z</time>
</trkpt>
<trkpt lat="44.6865100" lon="9.2008800">
<ele>1698.315063</ele>
<time>2010-11-25T13:40:08.099Z</time>
</trkpt>
<trkpt lat="44.6864700" lon="9.2007600">
<ele>1698.772339</ele>
<time>2010-11-25T13:42:06.002Z</time>
</trkpt>
<trkpt lat="44.6864500" lon="9.2006400">
<ele>1698.315063</ele>
<time>2010-11-25T13:42:18.003Z</time>
</trkpt>
<trkpt lat="44.6864100" lon="9.2005100">
<ele>1698.772339</ele>
<time>2010-11-25T13:42:27.099Z</time>
</trkpt>
<trkpt lat="44.6863800" lon="9.2003900">
<ele>1697.339844</ele>
<time>2010-11-25T13:42:38.098Z</time>
</trkpt>
<trkpt lat="44.6863400" lon="9.2002500">
<ele>1696.394897</ele>
<time>2010-11-25T13:42:49.097Z</time>
</trkpt>
<trkpt lat="44.6863100" lon="9.2001300">
<ele>1694.474609</ele>
<time>2010-11-25T13:43:03.000Z</time>
</trkpt>
<trkpt lat="44.6862800" lon="9.2000000">
<ele>1693.987061</ele>
<time>2010-11-25T13:43:16.003Z</time>
</trkpt>
<trkpt lat="44.6862400" lon="9.1998900">
<ele>1693.987061</ele>
<time>2010-11-25T13:43:36.098Z</time>
</trkpt>
<trkpt lat="44.6862100" lon="9.1997900">
<ele>1693.499268</ele>
<time>2010-11-25T13:43:47.004Z</time>
</trkpt>
<trkpt lat="44.6861400" lon="9.1997100">
<ele>1690.146484</ele>
<time>2010-11-25T13:43:58.002Z</time>
</trkpt>
<trkpt lat="44.6860900" lon="9.1996600">
<ele>1690.146484</ele>
<time>2010-11-25T13:44:25.002Z</time>
</trkpt>
<trkpt lat="44.6860300" lon="9.1995800">
<ele>1688.683350</ele>
<time>2010-11-25T13:44:49.098Z</time>
</trkpt>
<trkpt lat="44.6859500" lon="9.1995000">
<ele>1688.226196</ele>
<time>2010-11-25T13:44:59.001Z</time>
</trkpt>
<trkpt lat="44.6858590" lon="9.1994700">
<ele>1688.226196</ele>
<time>2010-11-25T13:45:08.004Z</time>
</trkpt>
<trkpt lat="44.6857830" lon="9.1994380">
<ele>1685.330566</ele>
<time>2010-11-25T13:45:18.000Z</time>
</trkpt>
<trkpt lat="44.6857200" lon="9.1994300">
<ele>1687.250854</ele>
<time>2010-11-25T13:46:09.002Z</time>
</trkpt>
<trkpt lat="44.6856000" lon="9.1994000">
<ele>1680.514771</ele>
<time>2010-11-25T13:46:21.003Z</time>
</trkpt>
<trkpt lat="44.6855000" lon="9.1993700">
<ele>1679.569946</ele>
<time>2010-11-25T13:46:29.097Z</time>
</trkpt>
<trkpt lat="44.6854200" lon="9.1993400">
<ele>1674.754150</ele>
<time>2010-11-25T13:46:37.004Z</time>
</trkpt>
<trkpt lat="44.6853200" lon="9.1993200">
<ele>1674.266357</ele>
<time>2010-11-25T13:46:44.003Z</time>
</trkpt>
<trkpt lat="44.6852300" lon="9.1993100">
<ele>1674.266357</ele>
<time>2010-11-25T13:46:52.003Z</time>
</trkpt>
<trkpt lat="44.6851400" lon="9.1993200">
<ele>1675.241821</ele>
<time>2010-11-25T13:47:00.004Z</time>
</trkpt>
<trkpt lat="44.6850400" lon="9.1993300">
<ele>1673.778687</ele>
<time>2010-11-25T13:47:10.000Z</time>
</trkpt>
<trkpt lat="44.6849500" lon="9.1993500">
<ele>1673.321533</ele>
<time>2010-11-25T13:47:18.001Z</time>
</trkpt>
<trkpt lat="44.6848600" lon="9.1993800">
<ele>1671.401367</ele>
<time>2010-11-25T13:47:26.002Z</time>
</trkpt>
<trkpt lat="44.6847600" lon="9.1993600">
<ele>1669.938232</ele>
<time>2010-11-25T13:47:35.098Z</time>
</trkpt>
<trkpt lat="44.6846700" lon="9.1993160">
<ele>1666.585327</ele>
<time>2010-11-25T13:47:46.003Z</time>
</trkpt>
<trkpt lat="44.6845800" lon="9.1992600">
<ele>1664.665161</ele>
<time>2010-11-25T13:47:54.004Z</time>
</trkpt>
<trkpt lat="44.6845000" lon="9.1992000">
<ele>1664.665161</ele>
<time>2010-11-25T13:48:02.098Z</time>
</trkpt>
<trkpt lat="44.6844300" lon="9.1991100">
<ele>1665.152954</ele>
<time>2010-11-25T13:48:10.099Z</time>
</trkpt>
<trkpt lat="44.6843600" lon="9.1990300">
<ele>1665.610107</ele>
<time>2010-11-25T13:48:21.004Z</time>
</trkpt>
<trkpt lat="44.6842600" lon="9.1989900">
<ele>1660.337036</ele>
<time>2010-11-25T13:48:31.000Z</time>
</trkpt>
<trkpt lat="44.6841700" lon="9.1989800">
<ele>1659.361694</ele>
<time>2010-11-25T13:48:40.003Z</time>
</trkpt>
<trkpt lat="44.6840700" lon="9.1989800">
<ele>1658.904541</ele>
<time>2010-11-25T13:48:48.097Z</time>
</trkpt>
<trkpt lat="44.6839800" lon="9.1989400">
<ele>1657.929077</ele>
<time>2010-11-25T13:48:58.000Z</time>
</trkpt>
<trkpt lat="44.6839240" lon="9.1988540">
<ele>1656.984131</ele>
<time>2010-11-25T13:49:07.003Z</time>
</trkpt>
<trkpt lat="44.6838400" lon="9.1987580">
<ele>1654.088623</ele>
<time>2010-11-25T13:49:15.097Z</time>
</trkpt>
<trkpt lat="44.6837400" lon="9.1987100">
<ele>1653.601074</ele>
<time>2010-11-25T13:49:23.098Z</time>
</trkpt>
<trkpt lat="44.6836810" lon="9.1986400">
<ele>1654.088623</ele>
<time>2010-11-25T13:49:34.003Z</time>
</trkpt>
<trkpt lat="44.6835970" lon="9.1985860">
<ele>1655.033447</ele>
<time>2010-11-25T13:49:45.002Z</time>
</trkpt>
<trkpt lat="44.6835280" lon="9.1985430">
<ele>1657.441406</ele>
<time>2010-11-25T13:50:00.001Z</time>
</trkpt>
<trkpt lat="44.6834440" lon="9.1984890">
<ele>1660.337036</ele>
<time>2010-11-25T13:50:17.098Z</time>
</trkpt>
<trkpt lat="44.6833680" lon="9.1984360">
<ele>1661.281860</ele>
<time>2010-11-25T13:50:32.097Z</time>
</trkpt>
<trkpt lat="44.6832690" lon="9.1984030">
<ele>1660.337036</ele>
<time>2010-11-25T13:50:44.098Z</time>
</trkpt>
<trkpt lat="44.6831780" lon="9.1983820">
<ele>1661.281860</ele>
<time>2010-11-25T13:51:00.099Z</time>
</trkpt>
<trkpt lat="44.6830860" lon="9.1983600">
<ele>1661.769653</ele>
<time>2010-11-25T13:51:11.098Z</time>
</trkpt>
<trkpt lat="44.6830030" lon="9.1983380">
<ele>1662.744995</ele>
<time>2010-11-25T13:51:23.099Z</time>
</trkpt>
<trkpt lat="44.6829110" lon="9.1983170">
<ele>1664.177490</ele>
<time>2010-11-25T13:51:37.002Z</time>
</trkpt>
<trkpt lat="44.6828200" lon="9.1982840">
<ele>1667.073120</ele>
<time>2010-11-25T13:51:49.097Z</time>
</trkpt>
<trkpt lat="44.6827300" lon="9.1982100">
<ele>1669.938232</ele>
<time>2010-11-25T13:52:03.000Z</time>
</trkpt>
<trkpt lat="44.6826400" lon="9.1981700">
<ele>1670.425903</ele>
<time>2010-11-25T13:52:15.001Z</time>
</trkpt>
<trkpt lat="44.6825500" lon="9.1981300">
<ele>1669.938232</ele>
<time>2010-11-25T13:52:24.097Z</time>
</trkpt>
<trkpt lat="44.6824690" lon="9.1981660">
<ele>1669.480957</ele>
<time>2010-11-25T13:52:38.001Z</time>
</trkpt>
<trkpt lat="44.6823700" lon="9.1982000">
<ele>1667.530273</ele>
<time>2010-11-25T13:52:46.001Z</time>
</trkpt>
<trkpt lat="44.6822900" lon="9.1982600">
<ele>1667.073120</ele>
<time>2010-11-25T13:52:55.098Z</time>
</trkpt>
<trkpt lat="44.6822100" lon="9.1983400">
<ele>1667.073120</ele>
<time>2010-11-25T13:53:06.096Z</time>
</trkpt>
<trkpt lat="44.6821340" lon="9.1984210">
<ele>1664.665161</ele>
<time>2010-11-25T13:53:15.099Z</time>
</trkpt>
<trkpt lat="44.6820570" lon="9.1984850">
<ele>1663.689819</ele>
<time>2010-11-25T13:53:25.002Z</time>
</trkpt>
<trkpt lat="44.6819660" lon="9.1985490">
<ele>1659.849365</ele>
<time>2010-11-25T13:53:33.003Z</time>
</trkpt>
<trkpt lat="44.6818820" lon="9.1986020">
<ele>1656.984131</ele>
<time>2010-11-25T13:54:16.098Z</time>
</trkpt>
<trkpt lat="44.6818130" lon="9.1986550">
<ele>1656.496582</ele>
<time>2010-11-25T13:54:26.001Z</time>
</trkpt>
<trkpt lat="44.6817440" lon="9.1986970">
<ele>1654.088623</ele>
<time>2010-11-25T13:54:31.097Z</time>
</trkpt>
<trkpt lat="44.6816150" lon="9.1988040">
<ele>1651.680664</ele>
<time>2010-11-25T13:54:39.004Z</time>
</trkpt>
<trkpt lat="44.6815380" lon="9.1988570">
<ele>1648.785034</ele>
<time>2010-11-25T13:54:46.096Z</time>
</trkpt>
<trkpt lat="44.6814620" lon="9.1988990">
<ele>1643.999878</ele>
<time>2010-11-25T13:54:54.096Z</time>
</trkpt>
<trkpt lat="44.6813780" lon="9.1989100">
<ele>1643.024414</ele>
<time>2010-11-25T13:55:02.004Z</time>
</trkpt>
<trkpt lat="44.6812940" lon="9.1989200">
<ele>1641.591797</ele>
<time>2010-11-25T13:55:10.004Z</time>
</trkpt>
<trkpt lat="44.6811950" lon="9.1989200">
<ele>1638.239014</ele>
<time>2010-11-25T13:55:17.096Z</time>
</trkpt>
<trkpt lat="44.6811110" lon="9.1989300">
<ele>1636.288330</ele>
<time>2010-11-25T13:55:25.097Z</time>
</trkpt>
<trkpt lat="44.6810050" lon="9.1989510">
<ele>1633.423218</ele>
<time>2010-11-25T13:55:33.004Z</time>
</trkpt>
<trkpt lat="44.6809210" lon="9.1989720">
<ele>1631.015259</ele>
<time>2010-11-25T13:55:40.002Z</time>
</trkpt>
<trkpt lat="44.6808450" lon="9.1989930">
<ele>1628.119751</ele>
<time>2010-11-25T13:55:48.003Z</time>
</trkpt>
<trkpt lat="44.6807300" lon="9.1990040">
<ele>1628.607422</ele>
<time>2010-11-25T13:55:56.004Z</time>
</trkpt>
<trkpt lat="44.6806310" lon="9.1990140">
<ele>1626.687134</ele>
<time>2010-11-25T13:56:04.004Z</time>
</trkpt>
<trkpt lat="44.6805320" lon="9.1990140">
<ele>1625.711792</ele>
<time>2010-11-25T13:56:11.096Z</time>
</trkpt>
<trkpt lat="44.6804560" lon="9.1990030">
<ele>1625.254639</ele>
<time>2010-11-25T13:56:19.097Z</time>
</trkpt>
<trkpt lat="44.6803720" lon="9.1989600">
<ele>1622.359009</ele>
<time>2010-11-25T13:56:27.004Z</time>
</trkpt>
<trkpt lat="44.6802580" lon="9.1989590">
<ele>1620.438721</ele>
<time>2010-11-25T13:56:34.096Z</time>
</trkpt>
<trkpt lat="44.6801740" lon="9.1989270">
<ele>1619.950928</ele>
<time>2010-11-25T13:56:42.003Z</time>
</trkpt>
<trkpt lat="44.6800670" lon="9.1989160">
<ele>1618.518555</ele>
<time>2010-11-25T13:56:53.002Z</time>
</trkpt>
<trkpt lat="44.6799610" lon="9.1988940">
<ele>1616.598145</ele>
<time>2010-11-25T13:57:00.000Z</time>
</trkpt>
<trkpt lat="44.6798620" lon="9.1988830">
<ele>1617.543091</ele>
<time>2010-11-25T13:57:08.001Z</time>
</trkpt>
<trkpt lat="44.6797850" lon="9.1988510">
<ele>1617.543091</ele>
<time>2010-11-25T13:57:17.004Z</time>
</trkpt>
<trkpt lat="44.6796940" lon="9.1987970">
<ele>1617.085938</ele>
<time>2010-11-25T13:57:25.004Z</time>
</trkpt>
<trkpt lat="44.6795950" lon="9.1987650">
<ele>1617.085938</ele>
<time>2010-11-25T13:57:33.098Z</time>
</trkpt>
<trkpt lat="44.6795110" lon="9.1987220">
<ele>1618.030762</ele>
<time>2010-11-25T13:57:43.001Z</time>
</trkpt>
<trkpt lat="44.6793970" lon="9.1986790">
<ele>1614.677979</ele>
<time>2010-11-25T13:57:52.004Z</time>
</trkpt>
<trkpt lat="44.6792980" lon="9.1986680">
<ele>1612.757813</ele>
<time>2010-11-25T13:57:59.096Z</time>
</trkpt>
<trkpt lat="44.6791610" lon="9.1986780">
<ele>1613.214966</ele>
<time>2010-11-25T13:58:08.099Z</time>
</trkpt>
<trkpt lat="44.6790620" lon="9.1986450">
<ele>1612.270142</ele>
<time>2010-11-25T13:58:17.000Z</time>
</trkpt>
<trkpt lat="44.6789400" lon="9.1986770">
<ele>1612.270142</ele>
<time>2010-11-25T13:58:25.000Z</time>
</trkpt>
<trkpt lat="44.6788480" lon="9.1987090">
<ele>1611.782349</ele>
<time>2010-11-25T13:58:34.003Z</time>
</trkpt>
<trkpt lat="44.6787720" lon="9.1987090">
<ele>1611.294678</ele>
<time>2010-11-25T13:58:42.004Z</time>
</trkpt>
<trkpt lat="44.6786800" lon="9.1987400">
<ele>1611.782349</ele>
<time>2010-11-25T13:58:49.096Z</time>
</trkpt>
<trkpt lat="44.6785890" lon="9.1987610">
<ele>1612.270142</ele>
<time>2010-11-25T13:58:57.096Z</time>
</trkpt>
<trkpt lat="44.6785360" lon="9.1987930">
<ele>1613.702637</ele>
<time>2010-11-25T13:59:06.099Z</time>
</trkpt>
<trkpt lat="44.6784520" lon="9.1988570">
<ele>1610.837524</ele>
<time>2010-11-25T13:59:15.000Z</time>
</trkpt>
<trkpt lat="44.6783600" lon="9.1989300">
<ele>1609.374512</ele>
<time>2010-11-25T13:59:23.001Z</time>
</trkpt>
<trkpt lat="44.6782700" lon="9.1989900">
<ele>1607.941895</ele>
<time>2010-11-25T13:59:31.001Z</time>
</trkpt>
<trkpt lat="44.6781900" lon="9.1990600">
<ele>1605.046265</ele>
<time>2010-11-25T13:59:39.002Z</time>
</trkpt>
<trkpt lat="44.6781100" lon="9.1991300">
<ele>1602.668945</ele>
<time>2010-11-25T13:59:47.003Z</time>
</trkpt>
<trkpt lat="44.6780300" lon="9.1992100">
<ele>1600.260986</ele>
<time>2010-11-25T13:59:54.001Z</time>
</trkpt>
<trkpt lat="44.6779500" lon="9.1992900">
<ele>1597.365479</ele>
<time>2010-11-25T14:00:02.002Z</time>
</trkpt>
<trkpt lat="44.6778700" lon="9.1993600">
<ele>1595.445068</ele>
<time>2010-11-25T14:00:10.002Z</time>
</trkpt>
<trkpt lat="44.6777720" lon="9.1994100">
<ele>1593.524902</ele>
<time>2010-11-25T14:00:18.003Z</time>
</trkpt>
<trkpt lat="44.6776960" lon="9.1994740">
<ele>1590.172119</ele>
<time>2010-11-25T14:00:26.004Z</time>
</trkpt>
<trkpt lat="44.6776120" lon="9.1995160">
<ele>1585.843872</ele>
<time>2010-11-25T14:00:37.096Z</time>
</trkpt>
<trkpt lat="44.6775430" lon="9.1995700">
<ele>1584.380859</ele>
<time>2010-11-25T14:00:45.096Z</time>
</trkpt>
<trkpt lat="44.6774820" lon="9.1996330">
<ele>1582.948242</ele>
<time>2010-11-25T14:00:56.002Z</time>
</trkpt>
<trkpt lat="44.6773900" lon="9.1996900">
<ele>1579.595459</ele>
<time>2010-11-25T14:01:04.002Z</time>
</trkpt>
<trkpt lat="44.6773000" lon="9.1997200">
<ele>1577.187622</ele>
<time>2010-11-25T14:01:12.003Z</time>
</trkpt>
<trkpt lat="44.6772100" lon="9.1997700">
<ele>1576.212158</ele>
<time>2010-11-25T14:01:20.004Z</time>
</trkpt>
<trkpt lat="44.6771200" lon="9.1997900">
<ele>1573.804321</ele>
<time>2010-11-25T14:01:28.004Z</time>
</trkpt>
<trkpt lat="44.6770400" lon="9.1998300">
<ele>1571.426880</ele>
<time>2010-11-25T14:01:35.096Z</time>
</trkpt>
<trkpt lat="44.6769500" lon="9.1998600">
<ele>1569.476196</ele>
<time>2010-11-25T14:01:46.001Z</time>
</trkpt>
<trkpt lat="44.6768600" lon="9.1998900">
<ele>1567.555908</ele>
<time>2010-11-25T14:01:55.004Z</time>
</trkpt>
<trkpt lat="44.6767700" lon="9.1999400">
<ele>1565.635742</ele>
<time>2010-11-25T14:02:03.098Z</time>
</trkpt>
<trkpt lat="44.6766900" lon="9.1999800">
<ele>1564.203125</ele>
<time>2010-11-25T14:02:14.097Z</time>
</trkpt>
<trkpt lat="44.6766000" lon="9.2000400">
<ele>1562.282959</ele>
<time>2010-11-25T14:02:30.098Z</time>
</trkpt>
<trkpt lat="44.6765100" lon="9.2000800">
<ele>1559.387329</ele>
<time>2010-11-25T14:02:41.004Z</time>
</trkpt>
<trkpt lat="44.6764220" lon="9.2001320">
<ele>1556.979370</ele>
<time>2010-11-25T14:02:51.000Z</time>
</trkpt>
<trkpt lat="44.6763300" lon="9.2001400">
<ele>1555.546753</ele>
<time>2010-11-25T14:03:00.003Z</time>
</trkpt>
<trkpt lat="44.6762400" lon="9.2001700">
<ele>1553.138916</ele>
<time>2010-11-25T14:03:09.099Z</time>
</trkpt>
<trkpt lat="44.6761400" lon="9.2001900">
<ele>1550.273804</ele>
<time>2010-11-25T14:03:19.002Z</time>
</trkpt>
<trkpt lat="44.6760400" lon="9.2002100">
<ele>1548.810669</ele>
<time>2010-11-25T14:03:27.003Z</time>
</trkpt>
<trkpt lat="44.6759500" lon="9.2002200">
<ele>1547.865723</ele>
<time>2010-11-25T14:03:35.097Z</time>
</trkpt>
<trkpt lat="44.6758600" lon="9.2002200">
<ele>1546.402832</ele>
<time>2010-11-25T14:03:45.000Z</time>
</trkpt>
<trkpt lat="44.6757600" lon="9.2002300">
<ele>1545.945557</ele>
<time>2010-11-25T14:03:54.003Z</time>
</trkpt>
<trkpt lat="44.6756600" lon="9.2002400">
<ele>1544.482666</ele>
<time>2010-11-25T14:04:05.002Z</time>
</trkpt>
<trkpt lat="44.6755600" lon="9.2002400">
<ele>1545.457886</ele>
<time>2010-11-25T14:04:14.098Z</time>
</trkpt>
<trkpt lat="44.6754700" lon="9.2002400">
<ele>1545.457886</ele>
<time>2010-11-25T14:04:24.001Z</time>
</trkpt>
<trkpt lat="44.6753800" lon="9.2002300">
<ele>1546.402832</ele>
<time>2010-11-25T14:04:33.004Z</time>
</trkpt>
<trkpt lat="44.6752900" lon="9.2002400">
<ele>1543.537720</ele>
<time>2010-11-25T14:05:31.098Z</time>
</trkpt>
<trkpt lat="44.6752250" lon="9.2002350">
<ele>1543.537720</ele>
<time>2010-11-25T14:06:32.003Z</time>
</trkpt>
<trkpt lat="44.6751500" lon="9.2002500">
<ele>1542.562256</ele>
<time>2010-11-25T14:06:40.097Z</time>
</trkpt>
<trkpt lat="44.6750600" lon="9.2002200">
<ele>1536.801636</ele>
<time>2010-11-25T14:07:08.099Z</time>
</trkpt>
<trkpt lat="44.6749700" lon="9.2002100">
<ele>1535.369019</ele>
<time>2010-11-25T14:07:15.097Z</time>
</trkpt>
<trkpt lat="44.6748700" lon="9.2002000">
<ele>1533.448853</ele>
<time>2010-11-25T14:07:22.096Z</time>
</trkpt>
<trkpt lat="44.6747800" lon="9.2001800">
<ele>1531.040894</ele>
<time>2010-11-25T14:07:30.096Z</time>
</trkpt>
<trkpt lat="44.6746800" lon="9.2001600">
<ele>1529.608276</ele>
<time>2010-11-25T14:07:39.099Z</time>
</trkpt>
<trkpt lat="44.6746000" lon="9.2001400">
<ele>1527.200439</ele>
<time>2010-11-25T14:07:53.096Z</time>
</trkpt>
<trkpt lat="44.6745000" lon="9.2001200">
<ele>1525.280273</ele>
<time>2010-11-25T14:08:06.099Z</time>
</trkpt>
<trkpt lat="44.6744100" lon="9.2001000">
<ele>1521.896851</ele>
<time>2010-11-25T14:08:20.003Z</time>
</trkpt>
<trkpt lat="44.6743180" lon="9.2001140">
<ele>1518.056396</ele>
<time>2010-11-25T14:08:33.099Z</time>
</trkpt>
<trkpt lat="44.6742270" lon="9.2001140">
<ele>1516.623779</ele>
<time>2010-11-25T14:08:51.096Z</time>
</trkpt>
<trkpt lat="44.6741500" lon="9.2001200">
<ele>1511.807983</ele>
<time>2010-11-25T14:09:06.002Z</time>
</trkpt>
<trkpt lat="44.6740520" lon="9.2001240">
<ele>1508.455200</ele>
<time>2010-11-25T14:09:22.097Z</time>
</trkpt>
<trkpt lat="44.6739700" lon="9.2001100">
<ele>1506.992188</ele>
<time>2010-11-25T14:09:48.001Z</time>
</trkpt>
<trkpt lat="44.6738700" lon="9.2001200">
<ele>1503.151733</ele>
<time>2010-11-25T14:09:57.004Z</time>
</trkpt>
<trkpt lat="44.6738080" lon="9.2001550">
<ele>1502.663940</ele>
<time>2010-11-25T14:10:34.000Z</time>
</trkpt>
<trkpt lat="44.6737310" lon="9.2002080">
<ele>1501.231323</ele>
<time>2010-11-25T14:10:48.099Z</time>
</trkpt>
<trkpt lat="44.6736400" lon="9.2002720">
<ele>1499.798950</ele>
<time>2010-11-25T14:10:57.000Z</time>
</trkpt>
<trkpt lat="44.6735560" lon="9.2003250">
<ele>1499.311157</ele>
<time>2010-11-25T14:11:06.003Z</time>
</trkpt>
<trkpt lat="44.6734790" lon="9.2004320">
<ele>1498.366333</ele>
<time>2010-11-25T14:11:49.004Z</time>
</trkpt>
<trkpt lat="44.6734180" lon="9.2005490">
<ele>1498.366333</ele>
<time>2010-11-25T14:11:57.098Z</time>
</trkpt>
<trkpt lat="44.6733720" lon="9.2006660">
<ele>1497.390991</ele>
<time>2010-11-25T14:12:08.004Z</time>
</trkpt>
<trkpt lat="44.6733260" lon="9.2007830">
<ele>1496.415649</ele>
<time>2010-11-25T14:12:16.004Z</time>
</trkpt>
<trkpt lat="44.6732810" lon="9.2008900">
<ele>1494.983032</ele>
<time>2010-11-25T14:12:23.096Z</time>
</trkpt>
<trkpt lat="44.6732040" lon="9.2009970">
<ele>1493.550537</ele>
<time>2010-11-25T14:12:47.098Z</time>
</trkpt>
<trkpt lat="44.6731580" lon="9.2010710">
<ele>1491.630127</ele>
<time>2010-11-25T14:13:10.004Z</time>
</trkpt>
<trkpt lat="44.6730800" lon="9.2011900">
<ele>1489.222290</ele>
<time>2010-11-25T14:13:20.001Z</time>
</trkpt>
<trkpt lat="44.6730100" lon="9.2012300">
<ele>1488.247070</ele>
<time>2010-11-25T14:13:48.003Z</time>
</trkpt>
<trkpt lat="44.6729900" lon="9.2012100">
<ele>1487.789795</ele>
<time>2010-11-25T14:14:11.096Z</time>
</trkpt>
</trkseg>
</trk>
</gpx>
