<?xml version="1.0" encoding="UTF-8" standalone="yes"?>
<gpx
 xmlns="http://www.topografix.com/GPX/1/1"
 creator="OziExplorer Version 3955k - http://www.oziexplorer.com"
 version="1.1"
 xmlns:xsi="http://www.w3.org/2001/XMLSchema-instance"
 xsi:schemaLocation="http://www.topografix.com/GPX/1/1 http://www.topografix.com/GPX/1/1/gpx.xsd">
<metadata>
 <time>2014-03-20T14:29:05Z</time>
 <bounds minlat="44.782461" minlon="9.071390" maxlat="44.829812" maxlon="9.150007"/>
</metadata>
<wpt lat="44.8298120" lon="9.0714290">
 <ele>495.000000</ele>
 <time>2010-08-25T10:54:47.002Z</time>
 <name>SERRA DEL MONTE</name>
 <sym>Flag, Blue</sym>
</wpt>
<wpt lat="44.8168237" lon="9.0743363">
 <ele>685.164429</ele>
 <time>2010-08-25T10:55:17.006Z</time>
 <name>CA DEL MONTE</name>
 <sym>City (Small)</sym>
</wpt>
<wpt lat="44.8169547" lon="9.0881350">
 <ele>729.609741</ele>
 <time>2010-08-25T10:56:14.006Z</time>
 <name>GUARDAMONTE</name>
 <sym>City (Small)</sym>
</wpt>
<wpt lat="44.8032740" lon="9.1471185">
 <ele>644.893372</ele>
 <time>2010-08-25T10:56:50.007Z</time>
 <name>CASTAGNOLA</name>
 <sym>City (Small)</sym>
</wpt>
<wpt lat="44.7824605" lon="9.1493630">
 <ele>473.715088</ele>
 <time>2010-08-25T10:57:30.001Z</time>
 <name>FABBRICA CURONE</name>
 <sym>Flag, Red</sym>
</wpt>
<trk>
<name>SENTIERO 103</name>
 <desc>SENTIERO 103</desc>
<trkseg>
<trkpt lat="44.8296700" lon="9.0713900">
<ele>476.463348</ele>
<time>2009-04-22T08:16:48.000Z</time>
</trkpt>
<trkpt lat="44.8295900" lon="9.0714600">
<ele>479.846649</ele>
<time>2009-04-22T08:16:56.001Z</time>
</trkpt>
<trkpt lat="44.8295200" lon="9.0715300">
<ele>481.279205</ele>
<time>2009-04-22T08:17:02.009Z</time>
</trkpt>
<trkpt lat="44.8294500" lon="9.0716200">
<ele>484.174805</ele>
<time>2009-04-22T08:17:11.000Z</time>
</trkpt>
<trkpt lat="44.8293800" lon="9.0717200">
<ele>485.119659</ele>
<time>2009-04-22T08:17:19.000Z</time>
</trkpt>
<trkpt lat="44.8293200" lon="9.0718300">
<ele>487.039917</ele>
<time>2009-04-22T08:17:27.001Z</time>
</trkpt>
<trkpt lat="44.8292400" lon="9.0719200">
<ele>487.039917</ele>
<time>2009-04-22T08:17:35.002Z</time>
</trkpt>
<trkpt lat="44.8291700" lon="9.0720000">
<ele>488.015259</ele>
<time>2009-04-22T08:17:43.002Z</time>
</trkpt>
<trkpt lat="44.8290900" lon="9.0720800">
<ele>488.960144</ele>
<time>2009-04-22T08:17:51.003Z</time>
</trkpt>
<trkpt lat="44.8290200" lon="9.0721700">
<ele>489.447845</ele>
<time>2009-04-22T08:17:59.007Z</time>
</trkpt>
<trkpt lat="44.8290400" lon="9.0722800">
<ele>488.472473</ele>
<time>2009-04-22T08:18:53.004Z</time>
</trkpt>
<trkpt lat="44.8290700" lon="9.0723900">
<ele>487.527588</ele>
<time>2009-04-22T08:19:00.002Z</time>
</trkpt>
<trkpt lat="44.8291100" lon="9.0725100">
<ele>487.527588</ele>
<time>2009-04-22T08:19:07.000Z</time>
</trkpt>
<trkpt lat="44.8291500" lon="9.0726500">
<ele>486.552246</ele>
<time>2009-04-22T08:19:15.001Z</time>
</trkpt>
<trkpt lat="44.8291800" lon="9.0727700">
<ele>486.552246</ele>
<time>2009-04-22T08:19:23.002Z</time>
</trkpt>
<trkpt lat="44.8291100" lon="9.0728500">
<ele>487.039917</ele>
<time>2009-04-22T08:19:43.007Z</time>
</trkpt>
<trkpt lat="44.8291200" lon="9.0729800">
<ele>487.527588</ele>
<time>2009-04-22T08:19:58.002Z</time>
</trkpt>
<trkpt lat="44.8291300" lon="9.0731500">
<ele>489.447845</ele>
<time>2009-04-22T08:20:21.002Z</time>
</trkpt>
<trkpt lat="44.8291400" lon="9.0733000">
<ele>490.423187</ele>
<time>2009-04-22T08:20:24.000Z</time>
</trkpt>
<trkpt lat="44.8291500" lon="9.0734700">
<ele>491.368073</ele>
<time>2009-04-22T08:20:26.008Z</time>
</trkpt>
<trkpt lat="44.8291400" lon="9.0736300">
<ele>491.368073</ele>
<time>2009-04-22T08:20:29.006Z</time>
</trkpt>
<trkpt lat="44.8291300" lon="9.0737900">
<ele>491.855743</ele>
<time>2009-04-22T08:20:33.003Z</time>
</trkpt>
<trkpt lat="44.8291100" lon="9.0739600">
<ele>492.343445</ele>
<time>2009-04-22T08:20:36.001Z</time>
</trkpt>
<trkpt lat="44.8290900" lon="9.0741400">
<ele>493.288330</ele>
<time>2009-04-22T08:20:38.009Z</time>
</trkpt>
<trkpt lat="44.8290700" lon="9.0742600">
<ele>494.263672</ele>
<time>2009-04-22T08:20:41.004Z</time>
</trkpt>
<trkpt lat="44.8290400" lon="9.0744300">
<ele>495.696259</ele>
<time>2009-04-22T08:20:44.002Z</time>
</trkpt>
<trkpt lat="44.8290200" lon="9.0745400">
<ele>496.671600</ele>
<time>2009-04-22T08:20:45.007Z</time>
</trkpt>
<trkpt lat="44.8289700" lon="9.0746800">
<ele>497.616486</ele>
<time>2009-04-22T08:20:49.004Z</time>
</trkpt>
<trkpt lat="44.8289000" lon="9.0747900">
<ele>500.512085</ele>
<time>2009-04-22T08:20:52.002Z</time>
</trkpt>
<trkpt lat="44.8288600" lon="9.0749600">
<ele>501.944641</ele>
<time>2009-04-22T08:20:55.000Z</time>
</trkpt>
<trkpt lat="44.8288400" lon="9.0751000">
<ele>503.377197</ele>
<time>2009-04-22T08:20:56.006Z</time>
</trkpt>
<trkpt lat="44.8288300" lon="9.0752500">
<ele>504.352539</ele>
<time>2009-04-22T08:20:59.001Z</time>
</trkpt>
<trkpt lat="44.8288300" lon="9.0754300">
<ele>505.297455</ele>
<time>2009-04-22T08:21:00.006Z</time>
</trkpt>
<trkpt lat="44.8288300" lon="9.0756100">
<ele>507.217682</ele>
<time>2009-04-22T08:21:03.001Z</time>
</trkpt>
<trkpt lat="44.8288400" lon="9.0757100">
<ele>508.680725</ele>
<time>2009-04-22T08:21:05.009Z</time>
</trkpt>
<trkpt lat="44.8288300" lon="9.0758600">
<ele>509.625610</ele>
<time>2009-04-22T08:21:09.009Z</time>
</trkpt>
<trkpt lat="44.8288300" lon="9.0759800">
<ele>510.600952</ele>
<time>2009-04-22T08:21:12.004Z</time>
</trkpt>
<trkpt lat="44.8288900" lon="9.0761400">
<ele>512.033508</ele>
<time>2009-04-22T08:21:15.002Z</time>
</trkpt>
<trkpt lat="44.8289300" lon="9.0762500">
<ele>512.033508</ele>
<time>2009-04-22T08:21:16.008Z</time>
</trkpt>
<trkpt lat="44.8290000" lon="9.0764500">
<ele>514.929138</ele>
<time>2009-04-22T08:21:19.006Z</time>
</trkpt>
<trkpt lat="44.8290400" lon="9.0766200">
<ele>515.874023</ele>
<time>2009-04-22T08:21:22.000Z</time>
</trkpt>
<trkpt lat="44.8290800" lon="9.0768000">
<ele>518.281921</ele>
<time>2009-04-22T08:21:23.006Z</time>
</trkpt>
<trkpt lat="44.8291200" lon="9.0769600">
<ele>520.202148</ele>
<time>2009-04-22T08:21:26.001Z</time>
</trkpt>
<trkpt lat="44.8291500" lon="9.0771300">
<ele>521.177551</ele>
<time>2009-04-22T08:21:27.006Z</time>
</trkpt>
<trkpt lat="44.8291800" lon="9.0773000">
<ele>522.610046</ele>
<time>2009-04-22T08:21:30.001Z</time>
</trkpt>
<trkpt lat="44.8292100" lon="9.0774600">
<ele>524.042664</ele>
<time>2009-04-22T08:21:31.007Z</time>
</trkpt>
<trkpt lat="44.8292200" lon="9.0776200">
<ele>524.042664</ele>
<time>2009-04-22T08:21:34.001Z</time>
</trkpt>
<trkpt lat="44.8292400" lon="9.0777700">
<ele>525.018005</ele>
<time>2009-04-22T08:21:35.007Z</time>
</trkpt>
<trkpt lat="44.8292400" lon="9.0778700">
<ele>526.450562</ele>
<time>2009-04-22T08:21:39.007Z</time>
</trkpt>
<trkpt lat="44.8291500" lon="9.0779000">
<ele>528.370789</ele>
<time>2009-04-22T08:21:46.002Z</time>
</trkpt>
<trkpt lat="44.8290600" lon="9.0778300">
<ele>531.754089</ele>
<time>2009-04-22T08:21:50.006Z</time>
</trkpt>
<trkpt lat="44.8289700" lon="9.0777000">
<ele>533.186646</ele>
<time>2009-04-22T08:21:54.006Z</time>
</trkpt>
<trkpt lat="44.8288800" lon="9.0775800">
<ele>537.514771</ele>
<time>2009-04-22T08:21:58.003Z</time>
</trkpt>
<trkpt lat="44.8288100" lon="9.0775000">
<ele>538.947327</ele>
<time>2009-04-22T08:21:59.009Z</time>
</trkpt>
<trkpt lat="44.8286900" lon="9.0773800">
<ele>541.842957</ele>
<time>2009-04-22T08:22:02.007Z</time>
</trkpt>
<trkpt lat="44.8286300" lon="9.0773100">
<ele>543.275513</ele>
<time>2009-04-22T08:22:05.002Z</time>
</trkpt>
<trkpt lat="44.8285100" lon="9.0772300">
<ele>544.250854</ele>
<time>2009-04-22T08:22:09.002Z</time>
</trkpt>
<trkpt lat="44.8284000" lon="9.0772800">
<ele>549.036255</ele>
<time>2009-04-22T08:22:12.000Z</time>
</trkpt>
<trkpt lat="44.8283300" lon="9.0773700">
<ele>551.444153</ele>
<time>2009-04-22T08:22:13.006Z</time>
</trkpt>
<trkpt lat="44.8282600" lon="9.0774700">
<ele>553.364380</ele>
<time>2009-04-22T08:22:16.000Z</time>
</trkpt>
<trkpt lat="44.8281900" lon="9.0775600">
<ele>553.852051</ele>
<time>2009-04-22T08:22:17.006Z</time>
</trkpt>
<trkpt lat="44.8281200" lon="9.0776400">
<ele>555.772339</ele>
<time>2009-04-22T08:22:20.001Z</time>
</trkpt>
<trkpt lat="44.8280200" lon="9.0776900">
<ele>558.180237</ele>
<time>2009-04-22T08:22:22.009Z</time>
</trkpt>
<trkpt lat="44.8279100" lon="9.0776600">
<ele>561.533081</ele>
<time>2009-04-22T08:22:25.007Z</time>
</trkpt>
<trkpt lat="44.8278500" lon="9.0775600">
<ele>562.020752</ele>
<time>2009-04-22T08:22:41.008Z</time>
</trkpt>
<trkpt lat="44.8277600" lon="9.0774500">
<ele>563.940918</ele>
<time>2009-04-22T08:22:53.009Z</time>
</trkpt>
<trkpt lat="44.8276800" lon="9.0773300">
<ele>566.836548</ele>
<time>2009-04-22T08:22:57.009Z</time>
</trkpt>
<trkpt lat="44.8275900" lon="9.0772000">
<ele>568.269104</ele>
<time>2009-04-22T08:23:02.000Z</time>
</trkpt>
<trkpt lat="44.8275200" lon="9.0770800">
<ele>569.732117</ele>
<time>2009-04-22T08:23:04.008Z</time>
</trkpt>
<trkpt lat="44.8274800" lon="9.0769100">
<ele>570.189331</ele>
<time>2009-04-22T08:23:07.006Z</time>
</trkpt>
<trkpt lat="44.8275100" lon="9.0766800">
<ele>572.109619</ele>
<time>2009-04-22T08:23:11.003Z</time>
</trkpt>
<trkpt lat="44.8275200" lon="9.0765400">
<ele>573.084961</ele>
<time>2009-04-22T08:23:12.008Z</time>
</trkpt>
<trkpt lat="44.8275000" lon="9.0763900">
<ele>575.005188</ele>
<time>2009-04-22T08:23:15.003Z</time>
</trkpt>
<trkpt lat="44.8274400" lon="9.0762600">
<ele>576.437744</ele>
<time>2009-04-22T08:23:18.001Z</time>
</trkpt>
<trkpt lat="44.8273600" lon="9.0761100">
<ele>578.845642</ele>
<time>2009-04-22T08:23:20.009Z</time>
</trkpt>
<trkpt lat="44.8272900" lon="9.0760100">
<ele>581.741272</ele>
<time>2009-04-22T08:23:23.004Z</time>
</trkpt>
<trkpt lat="44.8272000" lon="9.0759000">
<ele>585.581726</ele>
<time>2009-04-22T08:23:26.002Z</time>
</trkpt>
<trkpt lat="44.8271300" lon="9.0758200">
<ele>587.502014</ele>
<time>2009-04-22T08:23:29.000Z</time>
</trkpt>
<trkpt lat="44.8270200" lon="9.0757200">
<ele>590.854797</ele>
<time>2009-04-22T08:23:33.000Z</time>
</trkpt>
<trkpt lat="44.8269300" lon="9.0756100">
<ele>592.317871</ele>
<time>2009-04-22T08:23:35.008Z</time>
</trkpt>
<trkpt lat="44.8268700" lon="9.0755100">
<ele>594.725769</ele>
<time>2009-04-22T08:23:38.003Z</time>
</trkpt>
<trkpt lat="44.8268000" lon="9.0754100">
<ele>596.645996</ele>
<time>2009-04-22T08:23:39.008Z</time>
</trkpt>
<trkpt lat="44.8266700" lon="9.0752700">
<ele>600.486450</ele>
<time>2009-04-22T08:23:42.006Z</time>
</trkpt>
<trkpt lat="44.8265800" lon="9.0751800">
<ele>602.406738</ele>
<time>2009-04-22T08:23:45.001Z</time>
</trkpt>
<trkpt lat="44.8264700" lon="9.0750700">
<ele>604.326965</ele>
<time>2009-04-22T08:23:46.007Z</time>
</trkpt>
<trkpt lat="44.8263900" lon="9.0749800">
<ele>607.679749</ele>
<time>2009-04-22T08:23:49.001Z</time>
</trkpt>
<trkpt lat="44.8263200" lon="9.0748900">
<ele>609.599976</ele>
<time>2009-04-22T08:23:50.007Z</time>
</trkpt>
<trkpt lat="44.8262510" lon="9.0747450">
<ele>612.495605</ele>
<time>2009-04-22T08:23:54.004Z</time>
</trkpt>
<trkpt lat="44.8261440" lon="9.0746270">
<ele>614.903503</ele>
<time>2009-04-22T08:23:57.002Z</time>
</trkpt>
<trkpt lat="44.8260530" lon="9.0745300">
<ele>616.823730</ele>
<time>2009-04-22T08:23:58.008Z</time>
</trkpt>
<trkpt lat="44.8259700" lon="9.0744900">
<ele>617.799133</ele>
<time>2009-04-22T08:24:01.002Z</time>
</trkpt>
<trkpt lat="44.8258800" lon="9.0744000">
<ele>618.256348</ele>
<time>2009-04-22T08:24:02.008Z</time>
</trkpt>
<trkpt lat="44.8258000" lon="9.0743200">
<ele>619.719360</ele>
<time>2009-04-22T08:24:05.003Z</time>
</trkpt>
<trkpt lat="44.8257560" lon="9.0741760">
<ele>620.664246</ele>
<time>2009-04-22T08:24:06.008Z</time>
</trkpt>
<trkpt lat="44.8256640" lon="9.0740910">
<ele>621.151917</ele>
<time>2009-04-22T08:24:09.003Z</time>
</trkpt>
<trkpt lat="44.8255810" lon="9.0740160">
<ele>621.639587</ele>
<time>2009-04-22T08:24:10.009Z</time>
</trkpt>
<trkpt lat="44.8254590" lon="9.0738980">
<ele>622.584473</ele>
<time>2009-04-22T08:24:13.007Z</time>
</trkpt>
<trkpt lat="44.8253520" lon="9.0738870">
<ele>622.584473</ele>
<time>2009-04-22T08:24:16.001Z</time>
</trkpt>
<trkpt lat="44.8252000" lon="9.0739190">
<ele>623.072144</ele>
<time>2009-04-22T08:24:18.009Z</time>
</trkpt>
<trkpt lat="44.8250850" lon="9.0739510">
<ele>624.504700</ele>
<time>2009-04-22T08:24:21.004Z</time>
</trkpt>
<trkpt lat="44.8249560" lon="9.0739610">
<ele>626.424927</ele>
<time>2009-04-22T08:24:23.000Z</time>
</trkpt>
<trkpt lat="44.8248410" lon="9.0740150">
<ele>626.424927</ele>
<time>2009-04-22T08:24:25.004Z</time>
</trkpt>
<trkpt lat="44.8247420" lon="9.0740250">
<ele>626.912659</ele>
<time>2009-04-22T08:24:27.000Z</time>
</trkpt>
<trkpt lat="44.8246130" lon="9.0740890">
<ele>627.400269</ele>
<time>2009-04-22T08:24:28.006Z</time>
</trkpt>
<trkpt lat="44.8245440" lon="9.0741210">
<ele>628.345215</ele>
<time>2009-04-22T08:24:31.000Z</time>
</trkpt>
<trkpt lat="44.8244680" lon="9.0741430">
<ele>628.345215</ele>
<time>2009-04-22T08:24:32.006Z</time>
</trkpt>
<trkpt lat="44.8243610" lon="9.0742070">
<ele>627.888000</ele>
<time>2009-04-22T08:24:35.001Z</time>
</trkpt>
<trkpt lat="44.8242540" lon="9.0742280">
<ele>626.912659</ele>
<time>2009-04-22T08:24:36.006Z</time>
</trkpt>
<trkpt lat="44.8241480" lon="9.0742810">
<ele>627.400269</ele>
<time>2009-04-22T08:24:39.001Z</time>
</trkpt>
<trkpt lat="44.8240560" lon="9.0743350">
<ele>626.912659</ele>
<time>2009-04-22T08:24:40.007Z</time>
</trkpt>
<trkpt lat="44.8239270" lon="9.0743670">
<ele>626.424927</ele>
<time>2009-04-22T08:24:43.001Z</time>
</trkpt>
<trkpt lat="44.8237970" lon="9.0744420">
<ele>625.967773</ele>
<time>2009-04-22T08:24:44.007Z</time>
</trkpt>
<trkpt lat="44.8236670" lon="9.0744630">
<ele>625.967773</ele>
<time>2009-04-22T08:24:48.004Z</time>
</trkpt>
<trkpt lat="44.8235680" lon="9.0744950">
<ele>627.400269</ele>
<time>2009-04-22T08:24:50.000Z</time>
</trkpt>
<trkpt lat="44.8234390" lon="9.0745380">
<ele>627.888000</ele>
<time>2009-04-22T08:24:52.004Z</time>
</trkpt>
<trkpt lat="44.8233170" lon="9.0745800">
<ele>629.808228</ele>
<time>2009-04-22T08:24:54.000Z</time>
</trkpt>
<trkpt lat="44.8231800" lon="9.0746230">
<ele>631.728516</ele>
<time>2009-04-22T08:24:55.006Z</time>
</trkpt>
<trkpt lat="44.8230350" lon="9.0747080">
<ele>632.216125</ele>
<time>2009-04-22T08:24:58.000Z</time>
</trkpt>
<trkpt lat="44.8229200" lon="9.0747940">
<ele>633.648682</ele>
<time>2009-04-22T08:24:59.006Z</time>
</trkpt>
<trkpt lat="44.8228140" lon="9.0749120">
<ele>633.161072</ele>
<time>2009-04-22T08:25:02.001Z</time>
</trkpt>
<trkpt lat="44.8227070" lon="9.0750080">
<ele>633.648682</ele>
<time>2009-04-22T08:25:03.006Z</time>
</trkpt>
<trkpt lat="44.8225850" lon="9.0751260">
<ele>633.648682</ele>
<time>2009-04-22T08:25:06.001Z</time>
</trkpt>
<trkpt lat="44.8224700" lon="9.0752110">
<ele>633.648682</ele>
<time>2009-04-22T08:25:07.007Z</time>
</trkpt>
<trkpt lat="44.8223710" lon="9.0752640">
<ele>633.161072</ele>
<time>2009-04-22T08:25:10.001Z</time>
</trkpt>
<trkpt lat="44.8222650" lon="9.0752860">
<ele>633.648682</ele>
<time>2009-04-22T08:25:11.007Z</time>
</trkpt>
<trkpt lat="44.8221900" lon="9.0752900">
<ele>633.161072</ele>
<time>2009-04-22T08:25:14.002Z</time>
</trkpt>
<trkpt lat="44.8221300" lon="9.0752000">
<ele>633.648682</ele>
<time>2009-04-22T08:25:15.007Z</time>
</trkpt>
<trkpt lat="44.8220500" lon="9.0750500">
<ele>634.136414</ele>
<time>2009-04-22T08:25:18.002Z</time>
</trkpt>
<trkpt lat="44.8219750" lon="9.0748360">
<ele>635.081299</ele>
<time>2009-04-22T08:25:19.008Z</time>
</trkpt>
<trkpt lat="44.8218990" lon="9.0745780">
<ele>637.001465</ele>
<time>2009-04-22T08:25:22.002Z</time>
</trkpt>
<trkpt lat="44.8218380" lon="9.0744070">
<ele>637.976929</ele>
<time>2009-04-22T08:25:23.008Z</time>
</trkpt>
<trkpt lat="44.8217620" lon="9.0742460">
<ele>638.464539</ele>
<time>2009-04-22T08:25:26.003Z</time>
</trkpt>
<trkpt lat="44.8216800" lon="9.0741000">
<ele>640.384827</ele>
<time>2009-04-22T08:25:27.008Z</time>
</trkpt>
<trkpt lat="44.8216300" lon="9.0739300">
<ele>641.817322</ele>
<time>2009-04-22T08:25:30.003Z</time>
</trkpt>
<trkpt lat="44.8215800" lon="9.0737700">
<ele>642.305054</ele>
<time>2009-04-22T08:25:31.009Z</time>
</trkpt>
<trkpt lat="44.8215000" lon="9.0736100">
<ele>642.792664</ele>
<time>2009-04-22T08:25:34.003Z</time>
</trkpt>
<trkpt lat="44.8214200" lon="9.0734700">
<ele>643.737610</ele>
<time>2009-04-22T08:25:35.009Z</time>
</trkpt>
<trkpt lat="44.8213130" lon="9.0733680">
<ele>644.225281</ele>
<time>2009-04-22T08:25:38.004Z</time>
</trkpt>
<trkpt lat="44.8212070" lon="9.0732920">
<ele>645.657837</ele>
<time>2009-04-22T08:25:39.009Z</time>
</trkpt>
<trkpt lat="44.8210920" lon="9.0732170">
<ele>647.578125</ele>
<time>2009-04-22T08:25:42.004Z</time>
</trkpt>
<trkpt lat="44.8210240" lon="9.0731850">
<ele>648.553467</ele>
<time>2009-04-22T08:25:44.000Z</time>
</trkpt>
<trkpt lat="44.8209320" lon="9.0731640">
<ele>649.041077</ele>
<time>2009-04-22T08:25:46.004Z</time>
</trkpt>
<trkpt lat="44.8208180" lon="9.0731850">
<ele>649.498291</ele>
<time>2009-04-22T08:25:48.000Z</time>
</trkpt>
<trkpt lat="44.8207420" lon="9.0732280">
<ele>651.418518</ele>
<time>2009-04-22T08:25:49.006Z</time>
</trkpt>
<trkpt lat="44.8206730" lon="9.0733670">
<ele>652.393860</ele>
<time>2009-04-22T08:25:53.003Z</time>
</trkpt>
<trkpt lat="44.8205660" lon="9.0734520">
<ele>654.314148</ele>
<time>2009-04-22T08:25:56.001Z</time>
</trkpt>
<trkpt lat="44.8204440" lon="9.0733560">
<ele>655.746704</ele>
<time>2009-04-22T08:26:00.001Z</time>
</trkpt>
<trkpt lat="44.8203230" lon="9.0731520">
<ele>658.154663</ele>
<time>2009-04-22T08:26:01.007Z</time>
</trkpt>
<trkpt lat="44.8201860" lon="9.0730020">
<ele>660.562561</ele>
<time>2009-04-22T08:26:05.004Z</time>
</trkpt>
<trkpt lat="44.8201020" lon="9.0729270">
<ele>661.537903</ele>
<time>2009-04-22T08:26:08.002Z</time>
</trkpt>
<trkpt lat="44.8200260" lon="9.0728840">
<ele>662.482788</ele>
<time>2009-04-22T08:26:11.000Z</time>
</trkpt>
<trkpt lat="44.8199340" lon="9.0727980">
<ele>663.915344</ele>
<time>2009-04-22T08:26:13.004Z</time>
</trkpt>
<trkpt lat="44.8198580" lon="9.0727450">
<ele>665.378418</ele>
<time>2009-04-22T08:26:15.000Z</time>
</trkpt>
<trkpt lat="44.8197740" lon="9.0726700">
<ele>666.323303</ele>
<time>2009-04-22T08:26:16.006Z</time>
</trkpt>
<trkpt lat="44.8197130" lon="9.0726480">
<ele>666.810974</ele>
<time>2009-04-22T08:26:19.000Z</time>
</trkpt>
<trkpt lat="44.8196600" lon="9.0726160">
<ele>668.243469</ele>
<time>2009-04-22T08:26:21.008Z</time>
</trkpt>
<trkpt lat="44.8195840" lon="9.0725940">
<ele>668.243469</ele>
<time>2009-04-22T08:26:39.002Z</time>
</trkpt>
<trkpt lat="44.8194850" lon="9.0725510">
<ele>668.731201</ele>
<time>2009-04-22T08:27:33.002Z</time>
</trkpt>
<trkpt lat="44.8193630" lon="9.0725300">
<ele>670.163757</ele>
<time>2009-04-22T08:27:36.000Z</time>
</trkpt>
<trkpt lat="44.8192480" lon="9.0724980">
<ele>670.651428</ele>
<time>2009-04-22T08:27:37.006Z</time>
</trkpt>
<trkpt lat="44.8191110" lon="9.0724760">
<ele>671.139099</ele>
<time>2009-04-22T08:27:40.000Z</time>
</trkpt>
<trkpt lat="44.8190120" lon="9.0724540">
<ele>672.083984</ele>
<time>2009-04-22T08:27:41.006Z</time>
</trkpt>
<trkpt lat="44.8188830" lon="9.0724110">
<ele>672.571716</ele>
<time>2009-04-22T08:27:44.001Z</time>
</trkpt>
<trkpt lat="44.8187300" lon="9.0723790">
<ele>673.547058</ele>
<time>2009-04-22T08:27:45.006Z</time>
</trkpt>
<trkpt lat="44.8186460" lon="9.0723680">
<ele>674.034668</ele>
<time>2009-04-22T08:27:48.001Z</time>
</trkpt>
<trkpt lat="44.8185170" lon="9.0723360">
<ele>674.034668</ele>
<time>2009-04-22T08:27:49.007Z</time>
</trkpt>
<trkpt lat="44.8184100" lon="9.0722800">
<ele>673.547058</ele>
<time>2009-04-22T08:27:52.001Z</time>
</trkpt>
<trkpt lat="44.8182800" lon="9.0722600">
<ele>673.547058</ele>
<time>2009-04-22T08:27:53.007Z</time>
</trkpt>
<trkpt lat="44.8181500" lon="9.0722400">
<ele>673.059326</ele>
<time>2009-04-22T08:27:56.002Z</time>
</trkpt>
<trkpt lat="44.8180200" lon="9.0722300">
<ele>672.571716</ele>
<time>2009-04-22T08:27:57.007Z</time>
</trkpt>
<trkpt lat="44.8178920" lon="9.0722710">
<ele>672.083984</ele>
<time>2009-04-22T08:28:00.002Z</time>
</trkpt>
<trkpt lat="44.8177850" lon="9.0723240">
<ele>672.571716</ele>
<time>2009-04-22T08:28:01.008Z</time>
</trkpt>
<trkpt lat="44.8176790" lon="9.0723780">
<ele>673.059326</ele>
<time>2009-04-22T08:28:04.002Z</time>
</trkpt>
<trkpt lat="44.8176020" lon="9.0724420">
<ele>673.059326</ele>
<time>2009-04-22T08:28:05.008Z</time>
</trkpt>
<trkpt lat="44.8175030" lon="9.0725270">
<ele>673.059326</ele>
<time>2009-04-22T08:28:08.003Z</time>
</trkpt>
<trkpt lat="44.8174100" lon="9.0725500">
<ele>671.626770</ele>
<time>2009-04-22T08:28:09.008Z</time>
</trkpt>
<trkpt lat="44.8172970" lon="9.0726770">
<ele>670.651428</ele>
<time>2009-04-22T08:28:12.003Z</time>
</trkpt>
<trkpt lat="44.8172290" lon="9.0727200">
<ele>670.163757</ele>
<time>2009-04-22T08:28:13.009Z</time>
</trkpt>
<trkpt lat="44.8171220" lon="9.0728480">
<ele>669.218933</ele>
<time>2009-04-22T08:28:16.007Z</time>
</trkpt>
<trkpt lat="44.8170380" lon="9.0729660">
<ele>669.706543</ele>
<time>2009-04-22T08:28:20.004Z</time>
</trkpt>
<trkpt lat="44.8169620" lon="9.0730620">
<ele>669.706543</ele>
<time>2009-04-22T08:28:23.002Z</time>
</trkpt>
<trkpt lat="44.8168930" lon="9.0731370">
<ele>669.218933</ele>
<time>2009-04-22T08:28:26.000Z</time>
</trkpt>
<trkpt lat="44.8168170" lon="9.0732440">
<ele>669.218933</ele>
<time>2009-04-22T08:28:28.008Z</time>
</trkpt>
<trkpt lat="44.8167560" lon="9.0733510">
<ele>668.243469</ele>
<time>2009-04-22T08:28:34.000Z</time>
</trkpt>
<trkpt lat="44.8167330" lon="9.0734370">
<ele>669.218933</ele>
<time>2009-04-22T08:28:48.009Z</time>
</trkpt>
<trkpt lat="44.8167330" lon="9.0735330">
<ele>668.731201</ele>
<time>2009-04-22T08:28:59.008Z</time>
</trkpt>
<trkpt lat="44.8167400" lon="9.0735760">
<ele>672.571716</ele>
<time>2009-04-22T08:36:02.002Z</time>
</trkpt>
<trkpt lat="44.8167560" lon="9.0737040">
<ele>673.547058</ele>
<time>2009-04-22T08:36:05.000Z</time>
</trkpt>
<trkpt lat="44.8167710" lon="9.0738440">
<ele>673.059326</ele>
<time>2009-04-22T08:36:07.004Z</time>
</trkpt>
<trkpt lat="44.8167710" lon="9.0740150">
<ele>672.571716</ele>
<time>2009-04-22T08:36:10.006Z</time>
</trkpt>
<trkpt lat="44.8167780" lon="9.0741650">
<ele>672.571716</ele>
<time>2009-04-22T08:36:14.006Z</time>
</trkpt>
<trkpt lat="44.8167400" lon="9.0743260">
<ele>672.083984</ele>
<time>2009-04-22T08:36:19.009Z</time>
</trkpt>
<trkpt lat="44.8166710" lon="9.0743900">
<ele>671.139099</ele>
<time>2009-04-22T08:36:44.001Z</time>
</trkpt>
<trkpt lat="44.8166030" lon="9.0744750">
<ele>673.547058</ele>
<time>2009-04-22T08:40:20.001Z</time>
</trkpt>
<trkpt lat="44.8164960" lon="9.0745710">
<ele>671.626770</ele>
<time>2009-04-22T08:40:24.001Z</time>
</trkpt>
<trkpt lat="44.8164580" lon="9.0746890">
<ele>671.139099</ele>
<time>2009-04-22T08:40:26.009Z</time>
</trkpt>
<trkpt lat="44.8164350" lon="9.0748180">
<ele>671.139099</ele>
<time>2009-04-22T08:40:29.007Z</time>
</trkpt>
<trkpt lat="44.8164190" lon="9.0750000">
<ele>671.139099</ele>
<time>2009-04-22T08:40:33.004Z</time>
</trkpt>
<trkpt lat="44.8164040" lon="9.0751390">
<ele>670.163757</ele>
<time>2009-04-22T08:40:36.002Z</time>
</trkpt>
<trkpt lat="44.8163660" lon="9.0752780">
<ele>669.706543</ele>
<time>2009-04-22T08:40:39.000Z</time>
</trkpt>
<trkpt lat="44.8163120" lon="9.0754390">
<ele>668.243469</ele>
<time>2009-04-22T08:40:41.008Z</time>
</trkpt>
<trkpt lat="44.8162360" lon="9.0756100">
<ele>668.731201</ele>
<time>2009-04-22T08:40:44.006Z</time>
</trkpt>
<trkpt lat="44.8161750" lon="9.0756850">
<ele>668.731201</ele>
<time>2009-04-22T08:40:47.001Z</time>
</trkpt>
<trkpt lat="44.8160990" lon="9.0757700">
<ele>668.243469</ele>
<time>2009-04-22T08:40:48.006Z</time>
</trkpt>
<trkpt lat="44.8160070" lon="9.0758880">
<ele>668.731201</ele>
<time>2009-04-22T08:40:51.001Z</time>
</trkpt>
<trkpt lat="44.8159390" lon="9.0759740">
<ele>668.731201</ele>
<time>2009-04-22T08:40:52.007Z</time>
</trkpt>
<trkpt lat="44.8158620" lon="9.0760480">
<ele>668.731201</ele>
<time>2009-04-22T08:40:55.001Z</time>
</trkpt>
<trkpt lat="44.8157780" lon="9.0761340">
<ele>668.243469</ele>
<time>2009-04-22T08:40:56.007Z</time>
</trkpt>
<trkpt lat="44.8156640" lon="9.0762410">
<ele>667.786316</ele>
<time>2009-04-22T08:41:00.004Z</time>
</trkpt>
<trkpt lat="44.8155270" lon="9.0763690">
<ele>666.323303</ele>
<time>2009-04-22T08:41:02.000Z</time>
</trkpt>
<trkpt lat="44.8154350" lon="9.0764550">
<ele>664.403076</ele>
<time>2009-04-22T08:41:04.008Z</time>
</trkpt>
<trkpt lat="44.8153590" lon="9.0765300">
<ele>662.970520</ele>
<time>2009-04-22T08:41:07.002Z</time>
</trkpt>
<trkpt lat="44.8152140" lon="9.0766360">
<ele>660.562561</ele>
<time>2009-04-22T08:41:10.000Z</time>
</trkpt>
<trkpt lat="44.8151450" lon="9.0767540">
<ele>659.587219</ele>
<time>2009-04-22T08:41:11.006Z</time>
</trkpt>
<trkpt lat="44.8150390" lon="9.0768500">
<ele>659.130005</ele>
<time>2009-04-22T08:41:14.001Z</time>
</trkpt>
<trkpt lat="44.8149470" lon="9.0769790">
<ele>659.130005</ele>
<time>2009-04-22T08:41:15.006Z</time>
</trkpt>
<trkpt lat="44.8148790" lon="9.0770430">
<ele>659.130005</ele>
<time>2009-04-22T08:41:18.001Z</time>
</trkpt>
<trkpt lat="44.8147950" lon="9.0771500">
<ele>658.642273</ele>
<time>2009-04-22T08:41:19.007Z</time>
</trkpt>
<trkpt lat="44.8147110" lon="9.0772460">
<ele>658.642273</ele>
<time>2009-04-22T08:41:22.001Z</time>
</trkpt>
<trkpt lat="44.8146800" lon="9.0773210">
<ele>656.722107</ele>
<time>2009-04-22T08:41:27.007Z</time>
</trkpt>
<trkpt lat="44.8146120" lon="9.0773850">
<ele>657.209717</ele>
<time>2009-04-22T08:41:46.003Z</time>
</trkpt>
<trkpt lat="44.8145730" lon="9.0775140">
<ele>658.154663</ele>
<time>2009-04-22T08:41:50.004Z</time>
</trkpt>
<trkpt lat="44.8145280" lon="9.0776420">
<ele>659.130005</ele>
<time>2009-04-22T08:41:53.002Z</time>
</trkpt>
<trkpt lat="44.8144590" lon="9.0777280">
<ele>659.130005</ele>
<time>2009-04-22T08:41:54.007Z</time>
</trkpt>
<trkpt lat="44.8144050" lon="9.0778990">
<ele>660.074890</ele>
<time>2009-04-22T08:41:58.004Z</time>
</trkpt>
<trkpt lat="44.8143520" lon="9.0780060">
<ele>661.050232</ele>
<time>2009-04-22T08:42:00.000Z</time>
</trkpt>
<trkpt lat="44.8143060" lon="9.0781560">
<ele>662.970520</ele>
<time>2009-04-22T08:42:02.008Z</time>
</trkpt>
<trkpt lat="44.8142680" lon="9.0782950">
<ele>664.403076</ele>
<time>2009-04-22T08:42:05.006Z</time>
</trkpt>
<trkpt lat="44.8142600" lon="9.0784130">
<ele>664.890686</ele>
<time>2009-04-22T08:42:09.006Z</time>
</trkpt>
<trkpt lat="44.8142450" lon="9.0785300">
<ele>666.810974</ele>
<time>2009-04-22T08:42:25.008Z</time>
</trkpt>
<trkpt lat="44.8142370" lon="9.0786270">
<ele>667.298645</ele>
<time>2009-04-22T08:49:28.001Z</time>
</trkpt>
<trkpt lat="44.8142370" lon="9.0787660">
<ele>667.786316</ele>
<time>2009-04-22T08:50:04.004Z</time>
</trkpt>
<trkpt lat="44.8142450" lon="9.0788840">
<ele>668.243469</ele>
<time>2009-04-22T08:50:11.006Z</time>
</trkpt>
<trkpt lat="44.8142900" lon="9.0790340">
<ele>669.706543</ele>
<time>2009-04-22T08:50:19.007Z</time>
</trkpt>
<trkpt lat="44.8143360" lon="9.0791410">
<ele>669.706543</ele>
<time>2009-04-22T08:50:27.004Z</time>
</trkpt>
<trkpt lat="44.8143660" lon="9.0792370">
<ele>670.163757</ele>
<time>2009-04-22T08:50:39.008Z</time>
</trkpt>
<trkpt lat="44.8144200" lon="9.0793550">
<ele>671.626770</ele>
<time>2009-04-22T08:50:49.001Z</time>
</trkpt>
<trkpt lat="44.8144000" lon="9.0794900">
<ele>673.547058</ele>
<time>2009-04-22T08:51:17.004Z</time>
</trkpt>
<trkpt lat="44.8144100" lon="9.0796300">
<ele>674.979614</ele>
<time>2009-04-22T08:51:27.000Z</time>
</trkpt>
<trkpt lat="44.8144100" lon="9.0797600">
<ele>675.954956</ele>
<time>2009-04-22T08:51:36.003Z</time>
</trkpt>
<trkpt lat="44.8144100" lon="9.0798800">
<ele>677.387512</ele>
<time>2009-04-22T08:51:48.007Z</time>
</trkpt>
<trkpt lat="44.8144000" lon="9.0800000">
<ele>678.820129</ele>
<time>2009-04-22T08:51:59.003Z</time>
</trkpt>
<trkpt lat="44.8144100" lon="9.0801400">
<ele>679.307739</ele>
<time>2009-04-22T08:52:10.001Z</time>
</trkpt>
<trkpt lat="44.8144300" lon="9.0802800">
<ele>681.228027</ele>
<time>2009-04-22T08:52:21.000Z</time>
</trkpt>
<trkpt lat="44.8144400" lon="9.0804100">
<ele>682.203369</ele>
<time>2009-04-22T08:52:30.006Z</time>
</trkpt>
<trkpt lat="44.8144900" lon="9.0805200">
<ele>683.148254</ele>
<time>2009-04-22T08:52:39.009Z</time>
</trkpt>
<trkpt lat="44.8145300" lon="9.0806500">
<ele>683.635864</ele>
<time>2009-04-22T08:52:49.002Z</time>
</trkpt>
<trkpt lat="44.8145600" lon="9.0807600">
<ele>684.611328</ele>
<time>2009-04-22T08:53:33.009Z</time>
</trkpt>
<trkpt lat="44.8146000" lon="9.0808800">
<ele>685.556152</ele>
<time>2009-04-22T08:53:43.002Z</time>
</trkpt>
<trkpt lat="44.8146400" lon="9.0810000">
<ele>686.531494</ele>
<time>2009-04-22T08:53:51.003Z</time>
</trkpt>
<trkpt lat="44.8146500" lon="9.0811300">
<ele>686.531494</ele>
<time>2009-04-22T08:53:59.004Z</time>
</trkpt>
<trkpt lat="44.8146800" lon="9.0812700">
<ele>686.531494</ele>
<time>2009-04-22T08:54:07.008Z</time>
</trkpt>
<trkpt lat="44.8146700" lon="9.0814100">
<ele>687.476379</ele>
<time>2009-04-22T08:54:17.001Z</time>
</trkpt>
<trkpt lat="44.8147100" lon="9.0815200">
<ele>689.396667</ele>
<time>2009-04-22T08:54:26.004Z</time>
</trkpt>
<trkpt lat="44.8147500" lon="9.0816400">
<ele>690.372009</ele>
<time>2009-04-22T08:54:34.008Z</time>
</trkpt>
<trkpt lat="44.8147900" lon="9.0817700">
<ele>691.316895</ele>
<time>2009-04-22T08:54:44.001Z</time>
</trkpt>
<trkpt lat="44.8148200" lon="9.0818800">
<ele>690.859680</ele>
<time>2009-04-22T08:55:01.008Z</time>
</trkpt>
<trkpt lat="44.8149000" lon="9.0819700">
<ele>690.859680</ele>
<time>2009-04-22T08:55:20.007Z</time>
</trkpt>
<trkpt lat="44.8149700" lon="9.0820500">
<ele>690.372009</ele>
<time>2009-04-22T08:55:28.008Z</time>
</trkpt>
<trkpt lat="44.8150200" lon="9.0821700">
<ele>690.859680</ele>
<time>2009-04-22T08:55:36.008Z</time>
</trkpt>
<trkpt lat="44.8150600" lon="9.0822400">
<ele>688.908936</ele>
<time>2009-04-22T08:56:01.000Z</time>
</trkpt>
<trkpt lat="44.8151400" lon="9.0823400">
<ele>687.964111</ele>
<time>2009-04-22T08:56:10.003Z</time>
</trkpt>
<trkpt lat="44.8151500" lon="9.0824800">
<ele>687.476379</ele>
<time>2009-04-22T08:56:18.007Z</time>
</trkpt>
<trkpt lat="44.8151800" lon="9.0826100">
<ele>685.556152</ele>
<time>2009-04-22T08:56:29.003Z</time>
</trkpt>
<trkpt lat="44.8152100" lon="9.0827300">
<ele>685.556152</ele>
<time>2009-04-22T08:56:37.007Z</time>
</trkpt>
<trkpt lat="44.8152300" lon="9.0828500">
<ele>683.635864</ele>
<time>2009-04-22T08:56:47.000Z</time>
</trkpt>
<trkpt lat="44.8152700" lon="9.0829500">
<ele>683.148254</ele>
<time>2009-04-22T08:57:14.000Z</time>
</trkpt>
<trkpt lat="44.8153200" lon="9.0830600">
<ele>682.203369</ele>
<time>2009-04-22T08:58:06.004Z</time>
</trkpt>
<trkpt lat="44.8153800" lon="9.0831700">
<ele>681.715698</ele>
<time>2009-04-22T08:58:13.006Z</time>
</trkpt>
<trkpt lat="44.8154400" lon="9.0832800">
<ele>681.228027</ele>
<time>2009-04-22T08:58:21.006Z</time>
</trkpt>
<trkpt lat="44.8155000" lon="9.0833600">
<ele>681.715698</ele>
<time>2009-04-22T08:58:29.007Z</time>
</trkpt>
<trkpt lat="44.8155600" lon="9.0834800">
<ele>683.148254</ele>
<time>2009-04-22T08:58:40.002Z</time>
</trkpt>
<trkpt lat="44.8156200" lon="9.0836000">
<ele>683.635864</ele>
<time>2009-04-22T08:58:48.003Z</time>
</trkpt>
<trkpt lat="44.8156800" lon="9.0836900">
<ele>684.123596</ele>
<time>2009-04-22T08:58:56.007Z</time>
</trkpt>
<trkpt lat="44.8157500" lon="9.0837900">
<ele>685.068481</ele>
<time>2009-04-22T08:59:43.009Z</time>
</trkpt>
<trkpt lat="44.8158100" lon="9.0839100">
<ele>686.043884</ele>
<time>2009-04-22T08:59:51.009Z</time>
</trkpt>
<trkpt lat="44.8158500" lon="9.0840300">
<ele>687.476379</ele>
<time>2009-04-22T09:00:00.000Z</time>
</trkpt>
<trkpt lat="44.8159100" lon="9.0841200">
<ele>686.988708</ele>
<time>2009-04-22T09:00:06.008Z</time>
</trkpt>
<trkpt lat="44.8159900" lon="9.0842000">
<ele>686.988708</ele>
<time>2009-04-22T09:00:14.009Z</time>
</trkpt>
<trkpt lat="44.8160700" lon="9.0842800">
<ele>687.476379</ele>
<time>2009-04-22T09:00:23.000Z</time>
</trkpt>
<trkpt lat="44.8161400" lon="9.0843800">
<ele>687.964111</ele>
<time>2009-04-22T09:00:31.000Z</time>
</trkpt>
<trkpt lat="44.8161900" lon="9.0844800">
<ele>688.908936</ele>
<time>2009-04-22T09:00:39.001Z</time>
</trkpt>
<trkpt lat="44.8162500" lon="9.0845800">
<ele>691.316895</ele>
<time>2009-04-22T09:00:48.004Z</time>
</trkpt>
<trkpt lat="44.8163300" lon="9.0846800">
<ele>691.316895</ele>
<time>2009-04-22T09:00:58.000Z</time>
</trkpt>
<trkpt lat="44.8164000" lon="9.0847600">
<ele>691.316895</ele>
<time>2009-04-22T09:01:06.001Z</time>
</trkpt>
<trkpt lat="44.8164600" lon="9.0848700">
<ele>691.316895</ele>
<time>2009-04-22T09:01:15.004Z</time>
</trkpt>
<trkpt lat="44.8165100" lon="9.0849900">
<ele>692.779907</ele>
<time>2009-04-22T09:01:23.008Z</time>
</trkpt>
<trkpt lat="44.8165100" lon="9.0851200">
<ele>692.779907</ele>
<time>2009-04-22T09:01:34.003Z</time>
</trkpt>
<trkpt lat="44.8164800" lon="9.0852500">
<ele>691.804565</ele>
<time>2009-04-22T09:01:42.007Z</time>
</trkpt>
<trkpt lat="44.8164300" lon="9.0854100">
<ele>691.804565</ele>
<time>2009-04-22T09:01:53.006Z</time>
</trkpt>
<trkpt lat="44.8163800" lon="9.0855500">
<ele>690.372009</ele>
<time>2009-04-22T09:02:05.004Z</time>
</trkpt>
<trkpt lat="44.8163100" lon="9.0856900">
<ele>690.372009</ele>
<time>2009-04-22T09:02:15.000Z</time>
</trkpt>
<trkpt lat="44.8162600" lon="9.0858400">
<ele>689.884277</ele>
<time>2009-04-22T09:02:23.001Z</time>
</trkpt>
<trkpt lat="44.8162100" lon="9.0860000">
<ele>692.779907</ele>
<time>2009-04-22T09:02:43.006Z</time>
</trkpt>
<trkpt lat="44.8161400" lon="9.0860900">
<ele>691.804565</ele>
<time>2009-04-22T09:09:28.006Z</time>
</trkpt>
<trkpt lat="44.8161200" lon="9.0861700">
<ele>689.884277</ele>
<time>2009-04-22T09:09:55.002Z</time>
</trkpt>
<trkpt lat="44.8160900" lon="9.0863000">
<ele>687.964111</ele>
<time>2009-04-22T09:10:07.003Z</time>
</trkpt>
<trkpt lat="44.8160500" lon="9.0864100">
<ele>685.068481</ele>
<time>2009-04-22T09:10:21.000Z</time>
</trkpt>
<trkpt lat="44.8160200" lon="9.0865400">
<ele>684.123596</ele>
<time>2009-04-22T09:10:29.001Z</time>
</trkpt>
<trkpt lat="44.8160300" lon="9.0866800">
<ele>683.635864</ele>
<time>2009-04-22T09:10:37.001Z</time>
</trkpt>
<trkpt lat="44.8160100" lon="9.0868100">
<ele>683.148254</ele>
<time>2009-04-22T09:10:49.002Z</time>
</trkpt>
<trkpt lat="44.8160200" lon="9.0869500">
<ele>682.660522</ele>
<time>2009-04-22T09:10:57.003Z</time>
</trkpt>
<trkpt lat="44.8160200" lon="9.0870800">
<ele>681.228027</ele>
<time>2009-04-22T09:11:05.007Z</time>
</trkpt>
<trkpt lat="44.8160100" lon="9.0871900">
<ele>681.228027</ele>
<time>2009-04-22T09:11:13.004Z</time>
</trkpt>
<trkpt lat="44.8160100" lon="9.0873300">
<ele>680.740295</ele>
<time>2009-04-22T09:11:23.001Z</time>
</trkpt>
<trkpt lat="44.8160200" lon="9.0874600">
<ele>681.715698</ele>
<time>2009-04-22T09:11:31.001Z</time>
</trkpt>
<trkpt lat="44.8160300" lon="9.0875800">
<ele>683.148254</ele>
<time>2009-04-22T09:11:39.002Z</time>
</trkpt>
<trkpt lat="44.8160300" lon="9.0877100">
<ele>683.148254</ele>
<time>2009-04-22T09:11:51.006Z</time>
</trkpt>
<trkpt lat="44.8160200" lon="9.0878600">
<ele>683.635864</ele>
<time>2009-04-22T09:12:13.000Z</time>
</trkpt>
<trkpt lat="44.8160300" lon="9.0879800">
<ele>685.068481</ele>
<time>2009-04-22T09:12:23.009Z</time>
</trkpt>
<trkpt lat="44.8160300" lon="9.0881200">
<ele>686.043884</ele>
<time>2009-04-22T09:12:34.004Z</time>
</trkpt>
<trkpt lat="44.8160100" lon="9.0882500">
<ele>686.988708</ele>
<time>2009-04-22T09:12:44.001Z</time>
</trkpt>
<trkpt lat="44.8159900" lon="9.0883900">
<ele>687.476379</ele>
<time>2009-04-22T09:12:53.004Z</time>
</trkpt>
<trkpt lat="44.8159900" lon="9.0885100">
<ele>686.988708</ele>
<time>2009-04-22T09:13:04.002Z</time>
</trkpt>
<trkpt lat="44.8160400" lon="9.0886100">
<ele>686.531494</ele>
<time>2009-04-22T09:13:26.000Z</time>
</trkpt>
<trkpt lat="44.8161300" lon="9.0886800">
<ele>687.964111</ele>
<time>2009-04-22T09:13:36.008Z</time>
</trkpt>
<trkpt lat="44.8161800" lon="9.0887900">
<ele>688.908936</ele>
<time>2009-04-22T09:13:54.002Z</time>
</trkpt>
<trkpt lat="44.8162500" lon="9.0888900">
<ele>689.396667</ele>
<time>2009-04-22T09:14:06.003Z</time>
</trkpt>
<trkpt lat="44.8163300" lon="9.0889700">
<ele>690.372009</ele>
<time>2009-04-22T09:14:17.002Z</time>
</trkpt>
<trkpt lat="44.8164200" lon="9.0890500">
<ele>692.292236</ele>
<time>2009-04-22T09:14:29.003Z</time>
</trkpt>
<trkpt lat="44.8164900" lon="9.0891300">
<ele>693.724792</ele>
<time>2009-04-22T09:14:37.007Z</time>
</trkpt>
<trkpt lat="44.8165700" lon="9.0892400">
<ele>694.212524</ele>
<time>2009-04-22T09:14:48.002Z</time>
</trkpt>
<trkpt lat="44.8166700" lon="9.0893500">
<ele>692.292236</ele>
<time>2009-04-22T09:15:39.004Z</time>
</trkpt>
<trkpt lat="44.8167300" lon="9.0894700">
<ele>692.292236</ele>
<time>2009-04-22T09:16:13.006Z</time>
</trkpt>
<trkpt lat="44.8168000" lon="9.0895500">
<ele>691.804565</ele>
<time>2009-04-22T09:16:24.001Z</time>
</trkpt>
<trkpt lat="44.8168500" lon="9.0896500">
<ele>691.316895</ele>
<time>2009-04-22T09:16:39.000Z</time>
</trkpt>
<trkpt lat="44.8169300" lon="9.0897300">
<ele>691.316895</ele>
<time>2009-04-22T09:16:57.009Z</time>
</trkpt>
<trkpt lat="44.8169700" lon="9.0898400">
<ele>690.859680</ele>
<time>2009-04-22T09:17:06.000Z</time>
</trkpt>
<trkpt lat="44.8170200" lon="9.0899500">
<ele>690.372009</ele>
<time>2009-04-22T09:17:14.001Z</time>
</trkpt>
<trkpt lat="44.8170700" lon="9.0900900">
<ele>690.372009</ele>
<time>2009-04-22T09:18:01.002Z</time>
</trkpt>
<trkpt lat="44.8171100" lon="9.0901900">
<ele>690.372009</ele>
<time>2009-04-22T09:18:09.003Z</time>
</trkpt>
<trkpt lat="44.8171300" lon="9.0903200">
<ele>689.396667</ele>
<time>2009-04-22T09:18:17.007Z</time>
</trkpt>
<trkpt lat="44.8171600" lon="9.0904400">
<ele>687.964111</ele>
<time>2009-04-22T09:18:27.000Z</time>
</trkpt>
<trkpt lat="44.8171600" lon="9.0905700">
<ele>686.043884</ele>
<time>2009-04-22T09:18:37.009Z</time>
</trkpt>
<trkpt lat="44.8171500" lon="9.0906900">
<ele>684.611328</ele>
<time>2009-04-22T09:18:48.004Z</time>
</trkpt>
<trkpt lat="44.8171400" lon="9.0908300">
<ele>684.123596</ele>
<time>2009-04-22T09:18:55.006Z</time>
</trkpt>
<trkpt lat="44.8171400" lon="9.0909700">
<ele>682.660522</ele>
<time>2009-04-22T09:19:03.006Z</time>
</trkpt>
<trkpt lat="44.8171400" lon="9.0911000">
<ele>682.203369</ele>
<time>2009-04-22T09:19:11.007Z</time>
</trkpt>
<trkpt lat="44.8171600" lon="9.0912300">
<ele>682.203369</ele>
<time>2009-04-22T09:19:42.007Z</time>
</trkpt>
<trkpt lat="44.8171900" lon="9.0913600">
<ele>682.203369</ele>
<time>2009-04-22T09:19:54.008Z</time>
</trkpt>
<trkpt lat="44.8172100" lon="9.0914800">
<ele>682.660522</ele>
<time>2009-04-22T09:20:05.004Z</time>
</trkpt>
<trkpt lat="44.8172100" lon="9.0916000">
<ele>681.715698</ele>
<time>2009-04-22T09:20:19.000Z</time>
</trkpt>
<trkpt lat="44.8171900" lon="9.0917300">
<ele>681.228027</ele>
<time>2009-04-22T09:20:28.003Z</time>
</trkpt>
<trkpt lat="44.8171700" lon="9.0918600">
<ele>681.228027</ele>
<time>2009-04-22T09:20:36.007Z</time>
</trkpt>
<trkpt lat="44.8171600" lon="9.0919800">
<ele>679.307739</ele>
<time>2009-04-22T09:20:44.008Z</time>
</trkpt>
<trkpt lat="44.8171200" lon="9.0920900">
<ele>678.332397</ele>
<time>2009-04-22T09:20:54.001Z</time>
</trkpt>
<trkpt lat="44.8170500" lon="9.0920300">
<ele>678.332397</ele>
<time>2009-04-22T09:22:47.004Z</time>
</trkpt>
<trkpt lat="44.8169800" lon="9.0919800">
<ele>675.954956</ele>
<time>2009-04-22T09:25:01.001Z</time>
</trkpt>
<trkpt lat="44.8169200" lon="9.0919000">
<ele>674.034668</ele>
<time>2009-04-22T09:25:08.000Z</time>
</trkpt>
<trkpt lat="44.8168500" lon="9.0917800">
<ele>672.083984</ele>
<time>2009-04-22T09:25:17.003Z</time>
</trkpt>
<trkpt lat="44.8167800" lon="9.0916700">
<ele>670.163757</ele>
<time>2009-04-22T09:25:25.003Z</time>
</trkpt>
<trkpt lat="44.8167200" lon="9.0915700">
<ele>668.243469</ele>
<time>2009-04-22T09:25:33.004Z</time>
</trkpt>
<trkpt lat="44.8166400" lon="9.0914600">
<ele>666.810974</ele>
<time>2009-04-22T09:25:41.008Z</time>
</trkpt>
<trkpt lat="44.8165800" lon="9.0913600">
<ele>665.378418</ele>
<time>2009-04-22T09:25:49.009Z</time>
</trkpt>
<trkpt lat="44.8165100" lon="9.0912600">
<ele>663.458130</ele>
<time>2009-04-22T09:25:57.009Z</time>
</trkpt>
<trkpt lat="44.8164300" lon="9.0911500">
<ele>662.482788</ele>
<time>2009-04-22T09:26:07.002Z</time>
</trkpt>
<trkpt lat="44.8163600" lon="9.0910600">
<ele>661.995117</ele>
<time>2009-04-22T09:26:15.003Z</time>
</trkpt>
<trkpt lat="44.8162900" lon="9.0909700">
<ele>660.562561</ele>
<time>2009-04-22T09:26:22.001Z</time>
</trkpt>
<trkpt lat="44.8162100" lon="9.0908800">
<ele>659.587219</ele>
<time>2009-04-22T09:26:30.002Z</time>
</trkpt>
<trkpt lat="44.8161200" lon="9.0908100">
<ele>658.154663</ele>
<time>2009-04-22T09:26:38.003Z</time>
</trkpt>
<trkpt lat="44.8160200" lon="9.0907700">
<ele>657.209717</ele>
<time>2009-04-22T09:26:46.003Z</time>
</trkpt>
<trkpt lat="44.8159300" lon="9.0907800">
<ele>656.234375</ele>
<time>2009-04-22T09:26:54.004Z</time>
</trkpt>
<trkpt lat="44.8158500" lon="9.0908300">
<ele>654.801880</ele>
<time>2009-04-22T09:27:17.007Z</time>
</trkpt>
<trkpt lat="44.8159200" lon="9.0909200">
<ele>655.746704</ele>
<time>2009-04-22T09:32:20.000Z</time>
</trkpt>
<trkpt lat="44.8159800" lon="9.0910000">
<ele>655.746704</ele>
<time>2009-04-22T09:32:29.003Z</time>
</trkpt>
<trkpt lat="44.8160400" lon="9.0911000">
<ele>656.722107</ele>
<time>2009-04-22T09:32:37.003Z</time>
</trkpt>
<trkpt lat="44.8160900" lon="9.0912000">
<ele>656.234375</ele>
<time>2009-04-22T09:32:44.002Z</time>
</trkpt>
<trkpt lat="44.8161400" lon="9.0913200">
<ele>656.722107</ele>
<time>2009-04-22T09:32:52.002Z</time>
</trkpt>
<trkpt lat="44.8161800" lon="9.0914300">
<ele>656.722107</ele>
<time>2009-04-22T09:32:59.001Z</time>
</trkpt>
<trkpt lat="44.8162200" lon="9.0915500">
<ele>656.234375</ele>
<time>2009-04-22T09:33:05.009Z</time>
</trkpt>
<trkpt lat="44.8162500" lon="9.0916700">
<ele>656.234375</ele>
<time>2009-04-22T09:33:14.000Z</time>
</trkpt>
<trkpt lat="44.8162900" lon="9.0918000">
<ele>656.722107</ele>
<time>2009-04-22T09:33:20.008Z</time>
</trkpt>
<trkpt lat="44.8163200" lon="9.0919300">
<ele>657.666931</ele>
<time>2009-04-22T09:33:28.009Z</time>
</trkpt>
<trkpt lat="44.8163600" lon="9.0920600">
<ele>658.642273</ele>
<time>2009-04-22T09:33:36.009Z</time>
</trkpt>
<trkpt lat="44.8164000" lon="9.0921900">
<ele>658.642273</ele>
<time>2009-04-22T09:33:45.000Z</time>
</trkpt>
<trkpt lat="44.8164300" lon="9.0923100">
<ele>659.587219</ele>
<time>2009-04-22T09:33:51.008Z</time>
</trkpt>
<trkpt lat="44.8164700" lon="9.0924300">
<ele>660.074890</ele>
<time>2009-04-22T09:33:59.009Z</time>
</trkpt>
<trkpt lat="44.8165200" lon="9.0925400">
<ele>660.074890</ele>
<time>2009-04-22T09:34:06.007Z</time>
</trkpt>
<trkpt lat="44.8165700" lon="9.0926700">
<ele>660.562561</ele>
<time>2009-04-22T09:34:14.008Z</time>
</trkpt>
<trkpt lat="44.8166300" lon="9.0927900">
<ele>661.537903</ele>
<time>2009-04-22T09:34:22.009Z</time>
</trkpt>
<trkpt lat="44.8166900" lon="9.0929000">
<ele>661.995117</ele>
<time>2009-04-22T09:34:30.009Z</time>
</trkpt>
<trkpt lat="44.8167300" lon="9.0930000">
<ele>662.482788</ele>
<time>2009-04-22T09:34:52.003Z</time>
</trkpt>
<trkpt lat="44.8167900" lon="9.0931000">
<ele>663.458130</ele>
<time>2009-04-22T09:34:59.002Z</time>
</trkpt>
<trkpt lat="44.8168400" lon="9.0932100">
<ele>663.915344</ele>
<time>2009-04-22T09:35:06.000Z</time>
</trkpt>
<trkpt lat="44.8169100" lon="9.0933100">
<ele>664.890686</ele>
<time>2009-04-22T09:35:14.001Z</time>
</trkpt>
<trkpt lat="44.8169600" lon="9.0934000">
<ele>665.378418</ele>
<time>2009-04-22T09:35:22.001Z</time>
</trkpt>
<trkpt lat="44.8170300" lon="9.0935100">
<ele>665.835571</ele>
<time>2009-04-22T09:35:30.002Z</time>
</trkpt>
<trkpt lat="44.8170900" lon="9.0936000">
<ele>665.835571</ele>
<time>2009-04-22T09:35:37.000Z</time>
</trkpt>
<trkpt lat="44.8171700" lon="9.0937100">
<ele>665.835571</ele>
<time>2009-04-22T09:35:45.001Z</time>
</trkpt>
<trkpt lat="44.8172300" lon="9.0938200">
<ele>666.323303</ele>
<time>2009-04-22T09:35:54.007Z</time>
</trkpt>
<trkpt lat="44.8172800" lon="9.0939300">
<ele>666.323303</ele>
<time>2009-04-22T09:36:01.006Z</time>
</trkpt>
<trkpt lat="44.8173400" lon="9.0940400">
<ele>665.835571</ele>
<time>2009-04-22T09:36:09.006Z</time>
</trkpt>
<trkpt lat="44.8174000" lon="9.0941400">
<ele>666.810974</ele>
<time>2009-04-22T09:36:17.004Z</time>
</trkpt>
<trkpt lat="44.8174600" lon="9.0942500">
<ele>666.323303</ele>
<time>2009-04-22T09:36:25.004Z</time>
</trkpt>
<trkpt lat="44.8175200" lon="9.0943600">
<ele>666.810974</ele>
<time>2009-04-22T09:36:32.003Z</time>
</trkpt>
<trkpt lat="44.8175700" lon="9.0944700">
<ele>666.323303</ele>
<time>2009-04-22T09:36:40.003Z</time>
</trkpt>
<trkpt lat="44.8176100" lon="9.0945900">
<ele>666.810974</ele>
<time>2009-04-22T09:36:47.002Z</time>
</trkpt>
<trkpt lat="44.8176600" lon="9.0947200">
<ele>666.323303</ele>
<time>2009-04-22T09:36:55.002Z</time>
</trkpt>
<trkpt lat="44.8177000" lon="9.0948400">
<ele>665.378418</ele>
<time>2009-04-22T09:37:02.001Z</time>
</trkpt>
<trkpt lat="44.8177400" lon="9.0949800">
<ele>665.378418</ele>
<time>2009-04-22T09:37:10.001Z</time>
</trkpt>
<trkpt lat="44.8177700" lon="9.0950900">
<ele>664.890686</ele>
<time>2009-04-22T09:37:17.000Z</time>
</trkpt>
<trkpt lat="44.8178100" lon="9.0952300">
<ele>664.403076</ele>
<time>2009-04-22T09:37:25.000Z</time>
</trkpt>
<trkpt lat="44.8178400" lon="9.0953500">
<ele>662.970520</ele>
<time>2009-04-22T09:37:31.009Z</time>
</trkpt>
<trkpt lat="44.8178700" lon="9.0954900">
<ele>662.970520</ele>
<time>2009-04-22T09:37:39.009Z</time>
</trkpt>
<trkpt lat="44.8179000" lon="9.0956200">
<ele>662.482788</ele>
<time>2009-04-22T09:37:48.000Z</time>
</trkpt>
<trkpt lat="44.8179200" lon="9.0957600">
<ele>662.482788</ele>
<time>2009-04-22T09:37:56.001Z</time>
</trkpt>
<trkpt lat="44.8179500" lon="9.0959000">
<ele>661.995117</ele>
<time>2009-04-22T09:38:04.001Z</time>
</trkpt>
<trkpt lat="44.8179800" lon="9.0960400">
<ele>661.537903</ele>
<time>2009-04-22T09:38:12.002Z</time>
</trkpt>
<trkpt lat="44.8180000" lon="9.0961700">
<ele>661.050232</ele>
<time>2009-04-22T09:38:20.003Z</time>
</trkpt>
<trkpt lat="44.8180400" lon="9.0962800">
<ele>660.562561</ele>
<time>2009-04-22T09:38:28.003Z</time>
</trkpt>
<trkpt lat="44.8180600" lon="9.0963900">
<ele>662.482788</ele>
<time>2009-04-22T09:38:47.006Z</time>
</trkpt>
<trkpt lat="44.8180500" lon="9.0963900">
<ele>659.130005</ele>
<time>2009-04-22T09:38:54.001Z</time>
</trkpt>
<trkpt lat="44.8180600" lon="9.0964500">
<ele>671.626770</ele>
<time>2009-04-23T07:21:36.003Z</time>
</trkpt>
<trkpt lat="44.8179900" lon="9.0965200">
<ele>669.706543</ele>
<time>2009-04-23T07:21:45.009Z</time>
</trkpt>
<trkpt lat="44.8179200" lon="9.0966300">
<ele>668.243469</ele>
<time>2009-04-23T07:21:55.002Z</time>
</trkpt>
<trkpt lat="44.8178500" lon="9.0967000">
<ele>668.243469</ele>
<time>2009-04-23T07:22:03.003Z</time>
</trkpt>
<trkpt lat="44.8177900" lon="9.0968200">
<ele>669.218933</ele>
<time>2009-04-23T07:22:11.007Z</time>
</trkpt>
<trkpt lat="44.8177100" lon="9.0969000">
<ele>669.706543</ele>
<time>2009-04-23T07:22:19.008Z</time>
</trkpt>
<trkpt lat="44.8176300" lon="9.0969700">
<ele>668.731201</ele>
<time>2009-04-23T07:22:29.001Z</time>
</trkpt>
<trkpt lat="44.8175500" lon="9.0970600">
<ele>666.810974</ele>
<time>2009-04-23T07:22:38.007Z</time>
</trkpt>
<trkpt lat="44.8174700" lon="9.0971100">
<ele>665.835571</ele>
<time>2009-04-23T07:22:46.008Z</time>
</trkpt>
<trkpt lat="44.8174300" lon="9.0972100">
<ele>663.915344</ele>
<time>2009-04-23T07:22:57.006Z</time>
</trkpt>
<trkpt lat="44.8174300" lon="9.0973400">
<ele>661.995117</ele>
<time>2009-04-23T07:23:08.002Z</time>
</trkpt>
<trkpt lat="44.8174200" lon="9.0974800">
<ele>660.074890</ele>
<time>2009-04-23T07:23:19.000Z</time>
</trkpt>
<trkpt lat="44.8174040" lon="9.0975380">
<ele>660.074890</ele>
<time>2009-04-23T07:24:17.001Z</time>
</trkpt>
<trkpt lat="44.8173510" lon="9.0976450">
<ele>661.050232</ele>
<time>2009-04-23T07:25:11.001Z</time>
</trkpt>
<trkpt lat="44.8172820" lon="9.0977200">
<ele>659.587219</ele>
<time>2009-04-23T07:25:19.001Z</time>
</trkpt>
<trkpt lat="44.8172300" lon="9.0977700">
<ele>657.666931</ele>
<time>2009-04-23T07:26:10.003Z</time>
</trkpt>
<trkpt lat="44.8171400" lon="9.0978100">
<ele>657.209717</ele>
<time>2009-04-23T07:26:29.006Z</time>
</trkpt>
<trkpt lat="44.8170600" lon="9.0978800">
<ele>655.746704</ele>
<time>2009-04-23T07:26:49.004Z</time>
</trkpt>
<trkpt lat="44.8169800" lon="9.0979000">
<ele>654.314148</ele>
<time>2009-04-23T07:26:57.008Z</time>
</trkpt>
<trkpt lat="44.8168800" lon="9.0979100">
<ele>651.906250</ele>
<time>2009-04-23T07:27:09.009Z</time>
</trkpt>
<trkpt lat="44.8167900" lon="9.0979200">
<ele>649.498291</ele>
<time>2009-04-23T07:27:19.002Z</time>
</trkpt>
<trkpt lat="44.8167000" lon="9.0979400">
<ele>647.578125</ele>
<time>2009-04-23T07:27:26.001Z</time>
</trkpt>
<trkpt lat="44.8166300" lon="9.0979600">
<ele>645.657837</ele>
<time>2009-04-23T07:27:34.001Z</time>
</trkpt>
<trkpt lat="44.8165700" lon="9.0980500">
<ele>643.737610</ele>
<time>2009-04-23T07:27:43.004Z</time>
</trkpt>
<trkpt lat="44.8165500" lon="9.0980600">
<ele>643.737610</ele>
<time>2009-04-23T07:29:39.008Z</time>
</trkpt>
<trkpt lat="44.8164800" lon="9.0981300">
<ele>639.897095</ele>
<time>2009-04-23T07:29:50.007Z</time>
</trkpt>
<trkpt lat="44.8164100" lon="9.0982200">
<ele>638.464539</ele>
<time>2009-04-23T07:30:00.000Z</time>
</trkpt>
<trkpt lat="44.8163400" lon="9.0983000">
<ele>636.544312</ele>
<time>2009-04-23T07:30:08.001Z</time>
</trkpt>
<trkpt lat="44.8162700" lon="9.0983700">
<ele>635.081299</ele>
<time>2009-04-23T07:30:16.001Z</time>
</trkpt>
<trkpt lat="44.8161900" lon="9.0984500">
<ele>633.648682</ele>
<time>2009-04-23T07:30:25.004Z</time>
</trkpt>
<trkpt lat="44.8161100" lon="9.0985100">
<ele>631.728516</ele>
<time>2009-04-23T07:30:33.008Z</time>
</trkpt>
<trkpt lat="44.8160400" lon="9.0986000">
<ele>630.753113</ele>
<time>2009-04-23T07:30:43.001Z</time>
</trkpt>
<trkpt lat="44.8159800" lon="9.0987100">
<ele>629.808228</ele>
<time>2009-04-23T07:30:51.002Z</time>
</trkpt>
<trkpt lat="44.8159200" lon="9.0988100">
<ele>628.832886</ele>
<time>2009-04-23T07:30:59.003Z</time>
</trkpt>
<trkpt lat="44.8158500" lon="9.0989000">
<ele>628.345215</ele>
<time>2009-04-23T07:31:08.009Z</time>
</trkpt>
<trkpt lat="44.8157700" lon="9.0989700">
<ele>627.400269</ele>
<time>2009-04-23T07:31:15.007Z</time>
</trkpt>
<trkpt lat="44.8157000" lon="9.0990500">
<ele>627.400269</ele>
<time>2009-04-23T07:31:22.006Z</time>
</trkpt>
<trkpt lat="44.8156100" lon="9.0991200">
<ele>627.400269</ele>
<time>2009-04-23T07:31:30.003Z</time>
</trkpt>
<trkpt lat="44.8155300" lon="9.0991900">
<ele>627.400269</ele>
<time>2009-04-23T07:31:37.001Z</time>
</trkpt>
<trkpt lat="44.8154700" lon="9.0993100">
<ele>627.400269</ele>
<time>2009-04-23T07:31:44.000Z</time>
</trkpt>
<trkpt lat="44.8154700" lon="9.0994400">
<ele>627.400269</ele>
<time>2009-04-23T07:31:52.000Z</time>
</trkpt>
<trkpt lat="44.8154400" lon="9.0995700">
<ele>626.912659</ele>
<time>2009-04-23T07:32:01.003Z</time>
</trkpt>
<trkpt lat="44.8154300" lon="9.0996900">
<ele>627.888000</ele>
<time>2009-04-23T07:32:08.002Z</time>
</trkpt>
<trkpt lat="44.8154500" lon="9.0998300">
<ele>628.345215</ele>
<time>2009-04-23T07:32:16.006Z</time>
</trkpt>
<trkpt lat="44.8154400" lon="9.0999600">
<ele>629.320557</ele>
<time>2009-04-23T07:32:24.006Z</time>
</trkpt>
<trkpt lat="44.8154700" lon="9.1000900">
<ele>631.728516</ele>
<time>2009-04-23T07:32:54.001Z</time>
</trkpt>
<trkpt lat="44.8155000" lon="9.1002300">
<ele>632.673340</ele>
<time>2009-04-23T07:33:02.002Z</time>
</trkpt>
<trkpt lat="44.8155200" lon="9.1003700">
<ele>632.216125</ele>
<time>2009-04-23T07:33:10.002Z</time>
</trkpt>
<trkpt lat="44.8155300" lon="9.1005100">
<ele>631.728516</ele>
<time>2009-04-23T07:33:18.006Z</time>
</trkpt>
<trkpt lat="44.8155200" lon="9.1006500">
<ele>631.240784</ele>
<time>2009-04-23T07:33:26.004Z</time>
</trkpt>
<trkpt lat="44.8155100" lon="9.1008000">
<ele>629.808228</ele>
<time>2009-04-23T07:33:34.008Z</time>
</trkpt>
<trkpt lat="44.8155200" lon="9.1009400">
<ele>628.832886</ele>
<time>2009-04-23T07:33:42.008Z</time>
</trkpt>
<trkpt lat="44.8155100" lon="9.1010700">
<ele>628.345215</ele>
<time>2009-04-23T07:33:49.007Z</time>
</trkpt>
<trkpt lat="44.8154900" lon="9.1011900">
<ele>628.832886</ele>
<time>2009-04-23T07:33:57.007Z</time>
</trkpt>
<trkpt lat="44.8154700" lon="9.1013300">
<ele>628.345215</ele>
<time>2009-04-23T07:34:05.008Z</time>
</trkpt>
<trkpt lat="44.8154500" lon="9.1014700">
<ele>626.912659</ele>
<time>2009-04-23T07:34:12.006Z</time>
</trkpt>
<trkpt lat="44.8154200" lon="9.1016100">
<ele>625.480103</ele>
<time>2009-04-23T07:34:20.004Z</time>
</trkpt>
<trkpt lat="44.8153900" lon="9.1017300">
<ele>625.480103</ele>
<time>2009-04-23T07:34:26.000Z</time>
</trkpt>
<trkpt lat="44.8153700" lon="9.1018700">
<ele>624.047546</ele>
<time>2009-04-23T07:34:35.003Z</time>
</trkpt>
<trkpt lat="44.8153200" lon="9.1020000">
<ele>623.559875</ele>
<time>2009-04-23T07:34:42.001Z</time>
</trkpt>
<trkpt lat="44.8152700" lon="9.1021200">
<ele>623.072144</ele>
<time>2009-04-23T07:34:48.009Z</time>
</trkpt>
<trkpt lat="44.8152200" lon="9.1022400">
<ele>622.584473</ele>
<time>2009-04-23T07:34:55.008Z</time>
</trkpt>
<trkpt lat="44.8151800" lon="9.1023700">
<ele>621.151917</ele>
<time>2009-04-23T07:35:03.008Z</time>
</trkpt>
<trkpt lat="44.8151400" lon="9.1024600">
<ele>619.231689</ele>
<time>2009-04-23T07:35:10.007Z</time>
</trkpt>
<trkpt lat="44.8150700" lon="9.1025500">
<ele>616.336060</ele>
<time>2009-04-23T07:35:18.007Z</time>
</trkpt>
<trkpt lat="44.8150100" lon="9.1026600">
<ele>614.903503</ele>
<time>2009-04-23T07:35:26.008Z</time>
</trkpt>
<trkpt lat="44.8149400" lon="9.1027200">
<ele>613.470947</ele>
<time>2009-04-23T07:35:36.001Z</time>
</trkpt>
<trkpt lat="44.8148600" lon="9.1027900">
<ele>611.550720</ele>
<time>2009-04-23T07:35:45.007Z</time>
</trkpt>
<trkpt lat="44.8147800" lon="9.1028900">
<ele>608.167480</ele>
<time>2009-04-23T07:35:55.000Z</time>
</trkpt>
<trkpt lat="44.8147500" lon="9.1030100">
<ele>606.247192</ele>
<time>2009-04-23T07:36:04.007Z</time>
</trkpt>
<trkpt lat="44.8147800" lon="9.1030800">
<ele>603.351624</ele>
<time>2009-04-23T07:38:00.004Z</time>
</trkpt>
<trkpt lat="44.8148000" lon="9.1032100">
<ele>600.974121</ele>
<time>2009-04-23T07:38:15.006Z</time>
</trkpt>
<trkpt lat="44.8147800" lon="9.1033700">
<ele>598.566284</ele>
<time>2009-04-23T07:38:24.009Z</time>
</trkpt>
<trkpt lat="44.8147700" lon="9.1034900">
<ele>596.645996</ele>
<time>2009-04-23T07:38:34.002Z</time>
</trkpt>
<trkpt lat="44.8148100" lon="9.1036100">
<ele>594.238098</ele>
<time>2009-04-23T07:38:43.009Z</time>
</trkpt>
<trkpt lat="44.8147900" lon="9.1037300">
<ele>592.317871</ele>
<time>2009-04-23T07:38:53.002Z</time>
</trkpt>
<trkpt lat="44.8147900" lon="9.1038400">
<ele>589.909912</ele>
<time>2009-04-23T07:39:01.006Z</time>
</trkpt>
<trkpt lat="44.8147600" lon="9.1039500">
<ele>587.502014</ele>
<time>2009-04-23T07:39:12.001Z</time>
</trkpt>
<trkpt lat="44.8147700" lon="9.1040900">
<ele>585.094055</ele>
<time>2009-04-23T07:39:23.000Z</time>
</trkpt>
<trkpt lat="44.8147600" lon="9.1042100">
<ele>583.173828</ele>
<time>2009-04-23T07:39:32.006Z</time>
</trkpt>
<trkpt lat="44.8147700" lon="9.1043400">
<ele>580.765930</ele>
<time>2009-04-23T07:39:41.009Z</time>
</trkpt>
<trkpt lat="44.8147700" lon="9.1044700">
<ele>579.333374</ele>
<time>2009-04-23T07:39:51.002Z</time>
</trkpt>
<trkpt lat="44.8148200" lon="9.1045600">
<ele>577.413147</ele>
<time>2009-04-23T07:40:00.008Z</time>
</trkpt>
<trkpt lat="44.8148800" lon="9.1046900">
<ele>575.005188</ele>
<time>2009-04-23T07:40:11.007Z</time>
</trkpt>
<trkpt lat="44.8149600" lon="9.1047700">
<ele>572.597290</ele>
<time>2009-04-23T07:40:22.006Z</time>
</trkpt>
<trkpt lat="44.8150300" lon="9.1048500">
<ele>569.244446</ele>
<time>2009-04-23T07:40:35.009Z</time>
</trkpt>
<trkpt lat="44.8151100" lon="9.1049200">
<ele>567.324280</ele>
<time>2009-04-23T07:40:49.006Z</time>
</trkpt>
<trkpt lat="44.8152300" lon="9.1049300">
<ele>565.861206</ele>
<time>2009-04-23T07:41:01.007Z</time>
</trkpt>
<trkpt lat="44.8153900" lon="9.1050300">
<ele>561.075867</ele>
<time>2009-04-23T07:41:24.006Z</time>
</trkpt>
<trkpt lat="44.8154100" lon="9.1052000">
<ele>560.100464</ele>
<time>2009-04-23T07:41:36.007Z</time>
</trkpt>
<trkpt lat="44.8154600" lon="9.1053300">
<ele>558.667908</ele>
<time>2009-04-23T07:41:51.003Z</time>
</trkpt>
<trkpt lat="44.8154100" lon="9.1054900">
<ele>557.692566</ele>
<time>2009-04-23T07:42:11.008Z</time>
</trkpt>
<trkpt lat="44.8153500" lon="9.1056100">
<ele>557.235352</ele>
<time>2009-04-23T07:42:22.003Z</time>
</trkpt>
<trkpt lat="44.8153100" lon="9.1057600">
<ele>556.260010</ele>
<time>2009-04-23T07:42:30.004Z</time>
</trkpt>
<trkpt lat="44.8153100" lon="9.1058800">
<ele>554.339722</ele>
<time>2009-04-23T07:42:37.002Z</time>
</trkpt>
<trkpt lat="44.8153100" lon="9.1060100">
<ele>550.499268</ele>
<time>2009-04-23T07:42:45.006Z</time>
</trkpt>
<trkpt lat="44.8153100" lon="9.1061500">
<ele>548.579041</ele>
<time>2009-04-23T07:42:53.004Z</time>
</trkpt>
<trkpt lat="44.8153000" lon="9.1062800">
<ele>546.658813</ele>
<time>2009-04-23T07:43:01.008Z</time>
</trkpt>
<trkpt lat="44.8152600" lon="9.1063900">
<ele>544.738525</ele>
<time>2009-04-23T07:43:11.001Z</time>
</trkpt>
<trkpt lat="44.8152200" lon="9.1064900">
<ele>542.787842</ele>
<time>2009-04-23T07:43:20.004Z</time>
</trkpt>
<trkpt lat="44.8151700" lon="9.1066000">
<ele>539.922729</ele>
<time>2009-04-23T07:43:28.008Z</time>
</trkpt>
<trkpt lat="44.8151300" lon="9.1067000">
<ele>537.514771</ele>
<time>2009-04-23T07:43:38.001Z</time>
</trkpt>
<trkpt lat="44.8151000" lon="9.1068200">
<ele>536.082275</ele>
<time>2009-04-23T07:43:47.004Z</time>
</trkpt>
<trkpt lat="44.8150900" lon="9.1069400">
<ele>534.619202</ele>
<time>2009-04-23T07:43:55.008Z</time>
</trkpt>
<trkpt lat="44.8150400" lon="9.1070600">
<ele>532.241760</ele>
<time>2009-04-23T07:44:05.001Z</time>
</trkpt>
<trkpt lat="44.8149800" lon="9.1071200">
<ele>531.266418</ele>
<time>2009-04-23T07:44:15.009Z</time>
</trkpt>
<trkpt lat="44.8150900" lon="9.1072300">
<ele>529.833862</ele>
<time>2009-04-23T07:48:02.008Z</time>
</trkpt>
<trkpt lat="44.8150500" lon="9.1073200">
<ele>529.346130</ele>
<time>2009-04-23T07:49:11.004Z</time>
</trkpt>
<trkpt lat="44.8151300" lon="9.1073900">
<ele>527.913574</ele>
<time>2009-04-23T07:49:34.007Z</time>
</trkpt>
<trkpt lat="44.8151300" lon="9.1075100">
<ele>524.042664</ele>
<time>2009-04-23T07:49:49.006Z</time>
</trkpt>
<trkpt lat="44.8150400" lon="9.1075900">
<ele>523.097717</ele>
<time>2009-04-23T07:50:02.009Z</time>
</trkpt>
<trkpt lat="44.8149200" lon="9.1075500">
<ele>522.610046</ele>
<time>2009-04-23T07:50:13.004Z</time>
</trkpt>
<trkpt lat="44.8148100" lon="9.1074700">
<ele>521.665222</ele>
<time>2009-04-23T07:50:21.008Z</time>
</trkpt>
<trkpt lat="44.8147400" lon="9.1073700">
<ele>521.177551</ele>
<time>2009-04-23T07:50:28.007Z</time>
</trkpt>
<trkpt lat="44.8146700" lon="9.1072500">
<ele>520.202148</ele>
<time>2009-04-23T07:50:36.004Z</time>
</trkpt>
<trkpt lat="44.8146100" lon="9.1071300">
<ele>520.202148</ele>
<time>2009-04-23T07:50:43.006Z</time>
</trkpt>
<trkpt lat="44.8145400" lon="9.1070300">
<ele>519.744934</ele>
<time>2009-04-23T07:50:52.009Z</time>
</trkpt>
<trkpt lat="44.8144500" lon="9.1069700">
<ele>519.744934</ele>
<time>2009-04-23T07:51:03.007Z</time>
</trkpt>
<trkpt lat="44.8144000" lon="9.1068400">
<ele>520.202148</ele>
<time>2009-04-23T07:51:14.006Z</time>
</trkpt>
<trkpt lat="44.8143300" lon="9.1067500">
<ele>520.202148</ele>
<time>2009-04-23T07:51:30.004Z</time>
</trkpt>
<trkpt lat="44.8142400" lon="9.1066900">
<ele>520.202148</ele>
<time>2009-04-23T07:51:46.009Z</time>
</trkpt>
<trkpt lat="44.8141500" lon="9.1067100">
<ele>520.689880</ele>
<time>2009-04-23T07:52:01.008Z</time>
</trkpt>
<trkpt lat="44.8140400" lon="9.1067300">
<ele>521.665222</ele>
<time>2009-04-23T07:52:12.006Z</time>
</trkpt>
<trkpt lat="44.8139300" lon="9.1067600">
<ele>520.689880</ele>
<time>2009-04-23T07:52:23.002Z</time>
</trkpt>
<trkpt lat="44.8138400" lon="9.1067700">
<ele>521.177551</ele>
<time>2009-04-23T07:53:07.009Z</time>
</trkpt>
<trkpt lat="44.8137600" lon="9.1068000">
<ele>521.665222</ele>
<time>2009-04-23T07:53:55.000Z</time>
</trkpt>
<trkpt lat="44.8136600" lon="9.1068400">
<ele>522.122375</ele>
<time>2009-04-23T07:54:12.007Z</time>
</trkpt>
<trkpt lat="44.8135200" lon="9.1071300">
<ele>522.610046</ele>
<time>2009-04-23T07:55:17.003Z</time>
</trkpt>
<trkpt lat="44.8133200" lon="9.1073100">
<ele>526.938232</ele>
<time>2009-04-23T07:56:02.000Z</time>
</trkpt>
<trkpt lat="44.8129700" lon="9.1075100">
<ele>539.922729</ele>
<time>2009-04-23T07:57:28.002Z</time>
</trkpt>
<trkpt lat="44.8128600" lon="9.1076600">
<ele>542.787842</ele>
<time>2009-04-23T07:57:43.001Z</time>
</trkpt>
<trkpt lat="44.8128100" lon="9.1078500">
<ele>545.195740</ele>
<time>2009-04-23T07:57:56.008Z</time>
</trkpt>
<trkpt lat="44.8127800" lon="9.1080500">
<ele>546.171143</ele>
<time>2009-04-23T07:58:49.006Z</time>
</trkpt>
<trkpt lat="44.8128400" lon="9.1080700">
<ele>550.011597</ele>
<time>2009-04-23T07:59:04.001Z</time>
</trkpt>
<trkpt lat="44.8128700" lon="9.1081800">
<ele>552.419556</ele>
<time>2009-04-23T07:59:20.003Z</time>
</trkpt>
<trkpt lat="44.8126500" lon="9.1086400">
<ele>560.588135</ele>
<time>2009-04-23T08:00:03.004Z</time>
</trkpt>
<trkpt lat="44.8126000" lon="9.1089300">
<ele>561.533081</ele>
<time>2009-04-23T08:00:30.007Z</time>
</trkpt>
<trkpt lat="44.8126300" lon="9.1090600">
<ele>563.940918</ele>
<time>2009-04-23T08:00:42.008Z</time>
</trkpt>
<trkpt lat="44.8125500" lon="9.1092900">
<ele>565.861206</ele>
<time>2009-04-23T08:00:53.007Z</time>
</trkpt>
<trkpt lat="44.8124800" lon="9.1094800">
<ele>565.403992</ele>
<time>2009-04-23T08:01:01.008Z</time>
</trkpt>
<trkpt lat="44.8124100" lon="9.1097000">
<ele>563.483765</ele>
<time>2009-04-23T08:01:24.004Z</time>
</trkpt>
<trkpt lat="44.8122900" lon="9.1098100">
<ele>564.916321</ele>
<time>2009-04-23T08:01:36.008Z</time>
</trkpt>
<trkpt lat="44.8120900" lon="9.1100000">
<ele>563.483765</ele>
<time>2009-04-23T08:02:47.000Z</time>
</trkpt>
<trkpt lat="44.8119600" lon="9.1100000">
<ele>562.996094</ele>
<time>2009-04-23T08:02:56.006Z</time>
</trkpt>
<trkpt lat="44.8118500" lon="9.1100900">
<ele>562.508423</ele>
<time>2009-04-23T08:03:07.001Z</time>
</trkpt>
<trkpt lat="44.8118800" lon="9.1105800">
<ele>562.020752</ele>
<time>2009-04-23T08:04:22.009Z</time>
</trkpt>
<trkpt lat="44.8118900" lon="9.1111000">
<ele>560.100464</ele>
<time>2009-04-23T08:06:09.006Z</time>
</trkpt>
<trkpt lat="44.8119200" lon="9.1112300">
<ele>560.588135</ele>
<time>2009-04-23T08:06:20.002Z</time>
</trkpt>
<trkpt lat="44.8119400" lon="9.1114000">
<ele>559.155579</ele>
<time>2009-04-23T08:06:28.006Z</time>
</trkpt>
<trkpt lat="44.8119700" lon="9.1115700">
<ele>557.692566</ele>
<time>2009-04-23T08:06:36.006Z</time>
</trkpt>
<trkpt lat="44.8120200" lon="9.1117000">
<ele>557.235352</ele>
<time>2009-04-23T08:06:44.004Z</time>
</trkpt>
<trkpt lat="44.8120600" lon="9.1118600">
<ele>555.284668</ele>
<time>2009-04-23T08:06:52.004Z</time>
</trkpt>
<trkpt lat="44.8120700" lon="9.1120100">
<ele>552.907227</ele>
<time>2009-04-23T08:06:59.006Z</time>
</trkpt>
<trkpt lat="44.8120200" lon="9.1121400">
<ele>550.499268</ele>
<time>2009-04-23T08:07:08.009Z</time>
</trkpt>
<trkpt lat="44.8119300" lon="9.1123600">
<ele>543.763184</ele>
<time>2009-04-23T08:07:38.007Z</time>
</trkpt>
<trkpt lat="44.8117700" lon="9.1124200">
<ele>543.763184</ele>
<time>2009-04-23T08:07:56.001Z</time>
</trkpt>
<trkpt lat="44.8116300" lon="9.1124100">
<ele>543.275513</ele>
<time>2009-04-23T08:08:08.002Z</time>
</trkpt>
<trkpt lat="44.8115300" lon="9.1123800">
<ele>542.787842</ele>
<time>2009-04-23T08:08:17.008Z</time>
</trkpt>
<trkpt lat="44.8114500" lon="9.1123100">
<ele>543.763184</ele>
<time>2009-04-23T08:08:29.009Z</time>
</trkpt>
<trkpt lat="44.8113500" lon="9.1122600">
<ele>544.738525</ele>
<time>2009-04-23T08:08:39.002Z</time>
</trkpt>
<trkpt lat="44.8112700" lon="9.1121800">
<ele>546.171143</ele>
<time>2009-04-23T08:08:47.006Z</time>
</trkpt>
<trkpt lat="44.8111900" lon="9.1121000">
<ele>547.603699</ele>
<time>2009-04-23T08:08:56.009Z</time>
</trkpt>
<trkpt lat="44.8111200" lon="9.1120100">
<ele>549.036255</ele>
<time>2009-04-23T08:09:06.002Z</time>
</trkpt>
<trkpt lat="44.8110500" lon="9.1119100">
<ele>550.011597</ele>
<time>2009-04-23T08:09:15.008Z</time>
</trkpt>
<trkpt lat="44.8109600" lon="9.1118600">
<ele>550.986938</ele>
<time>2009-04-23T08:09:23.009Z</time>
</trkpt>
<trkpt lat="44.8108600" lon="9.1118500">
<ele>550.986938</ele>
<time>2009-04-23T08:09:32.000Z</time>
</trkpt>
<trkpt lat="44.8107700" lon="9.1118300">
<ele>550.986938</ele>
<time>2009-04-23T08:09:40.000Z</time>
</trkpt>
<trkpt lat="44.8106700" lon="9.1118100">
<ele>550.499268</ele>
<time>2009-04-23T08:09:48.001Z</time>
</trkpt>
<trkpt lat="44.8105000" lon="9.1117900">
<ele>549.523926</ele>
<time>2009-04-23T08:11:13.001Z</time>
</trkpt>
<trkpt lat="44.8104000" lon="9.1117800">
<ele>549.523926</ele>
<time>2009-04-23T08:11:20.000Z</time>
</trkpt>
<trkpt lat="44.8103000" lon="9.1118000">
<ele>549.523926</ele>
<time>2009-04-23T08:11:28.000Z</time>
</trkpt>
<trkpt lat="44.8102200" lon="9.1118000">
<ele>549.523926</ele>
<time>2009-04-23T08:11:36.001Z</time>
</trkpt>
<trkpt lat="44.8101100" lon="9.1117800">
<ele>548.579041</ele>
<time>2009-04-23T08:11:44.002Z</time>
</trkpt>
<trkpt lat="44.8100300" lon="9.1117200">
<ele>548.579041</ele>
<time>2009-04-23T08:11:51.000Z</time>
</trkpt>
<trkpt lat="44.8099400" lon="9.1116500">
<ele>548.091370</ele>
<time>2009-04-23T08:11:57.008Z</time>
</trkpt>
<trkpt lat="44.8098500" lon="9.1115800">
<ele>547.603699</ele>
<time>2009-04-23T08:12:04.007Z</time>
</trkpt>
<trkpt lat="44.8097600" lon="9.1115600">
<ele>548.091370</ele>
<time>2009-04-23T08:12:12.007Z</time>
</trkpt>
<trkpt lat="44.8096600" lon="9.1116000">
<ele>547.603699</ele>
<time>2009-04-23T08:12:20.008Z</time>
</trkpt>
<trkpt lat="44.8095600" lon="9.1116100">
<ele>547.603699</ele>
<time>2009-04-23T08:12:30.001Z</time>
</trkpt>
<trkpt lat="44.8094600" lon="9.1116500">
<ele>547.603699</ele>
<time>2009-04-23T08:12:39.004Z</time>
</trkpt>
<trkpt lat="44.8093700" lon="9.1116600">
<ele>547.603699</ele>
<time>2009-04-23T08:12:50.003Z</time>
</trkpt>
<trkpt lat="44.8092500" lon="9.1116700">
<ele>548.091370</ele>
<time>2009-04-23T08:12:59.009Z</time>
</trkpt>
<trkpt lat="44.8091500" lon="9.1116600">
<ele>547.603699</ele>
<time>2009-04-23T08:13:09.002Z</time>
</trkpt>
<trkpt lat="44.8090500" lon="9.1116700">
<ele>546.658813</ele>
<time>2009-04-23T08:13:18.008Z</time>
</trkpt>
<trkpt lat="44.8089300" lon="9.1116400">
<ele>546.171143</ele>
<time>2009-04-23T08:13:32.002Z</time>
</trkpt>
<trkpt lat="44.8087900" lon="9.1116300">
<ele>545.683472</ele>
<time>2009-04-23T08:13:52.007Z</time>
</trkpt>
<trkpt lat="44.8086900" lon="9.1116500">
<ele>546.171143</ele>
<time>2009-04-23T08:14:04.004Z</time>
</trkpt>
<trkpt lat="44.8086100" lon="9.1117200">
<ele>547.603699</ele>
<time>2009-04-23T08:14:15.003Z</time>
</trkpt>
<trkpt lat="44.8085200" lon="9.1118100">
<ele>548.579041</ele>
<time>2009-04-23T08:14:24.009Z</time>
</trkpt>
<trkpt lat="44.8084300" lon="9.1119000">
<ele>549.036255</ele>
<time>2009-04-23T08:14:34.002Z</time>
</trkpt>
<trkpt lat="44.8083600" lon="9.1120500">
<ele>549.036255</ele>
<time>2009-04-23T08:14:43.009Z</time>
</trkpt>
<trkpt lat="44.8082800" lon="9.1121800">
<ele>548.091370</ele>
<time>2009-04-23T08:14:54.004Z</time>
</trkpt>
<trkpt lat="44.8082500" lon="9.1123400">
<ele>547.603699</ele>
<time>2009-04-23T08:15:06.008Z</time>
</trkpt>
<trkpt lat="44.8082700" lon="9.1125000">
<ele>547.116028</ele>
<time>2009-04-23T08:15:17.007Z</time>
</trkpt>
<trkpt lat="44.8083100" lon="9.1126500">
<ele>547.603699</ele>
<time>2009-04-23T08:15:27.000Z</time>
</trkpt>
<trkpt lat="44.8083900" lon="9.1127900">
<ele>547.603699</ele>
<time>2009-04-23T08:15:36.003Z</time>
</trkpt>
<trkpt lat="44.8084300" lon="9.1129500">
<ele>546.658813</ele>
<time>2009-04-23T08:15:44.007Z</time>
</trkpt>
<trkpt lat="44.8084400" lon="9.1131100">
<ele>545.683472</ele>
<time>2009-04-23T08:15:55.002Z</time>
</trkpt>
<trkpt lat="44.8084800" lon="9.1132200">
<ele>545.195740</ele>
<time>2009-04-23T08:16:03.003Z</time>
</trkpt>
<trkpt lat="44.8085300" lon="9.1133800">
<ele>544.738525</ele>
<time>2009-04-23T08:16:11.007Z</time>
</trkpt>
<trkpt lat="44.8085600" lon="9.1135300">
<ele>544.738525</ele>
<time>2009-04-23T08:16:21.000Z</time>
</trkpt>
<trkpt lat="44.8085800" lon="9.1137100">
<ele>544.738525</ele>
<time>2009-04-23T08:16:31.009Z</time>
</trkpt>
<trkpt lat="44.8085600" lon="9.1139300">
<ele>545.195740</ele>
<time>2009-04-23T08:16:44.000Z</time>
</trkpt>
<trkpt lat="44.8085900" lon="9.1140900">
<ele>545.195740</ele>
<time>2009-04-23T08:16:53.006Z</time>
</trkpt>
<trkpt lat="44.8086100" lon="9.1142400">
<ele>543.763184</ele>
<time>2009-04-23T08:17:04.001Z</time>
</trkpt>
<trkpt lat="44.8086000" lon="9.1144200">
<ele>543.275513</ele>
<time>2009-04-23T08:17:15.000Z</time>
</trkpt>
<trkpt lat="44.8085500" lon="9.1146000">
<ele>545.683472</ele>
<time>2009-04-23T08:17:36.007Z</time>
</trkpt>
<trkpt lat="44.8084400" lon="9.1146700">
<ele>547.116028</ele>
<time>2009-04-23T08:17:48.008Z</time>
</trkpt>
<trkpt lat="44.8083200" lon="9.1146900">
<ele>549.523926</ele>
<time>2009-04-23T08:18:00.009Z</time>
</trkpt>
<trkpt lat="44.8082300" lon="9.1147400">
<ele>551.931885</ele>
<time>2009-04-23T08:18:13.000Z</time>
</trkpt>
<trkpt lat="44.8081000" lon="9.1148000">
<ele>553.364380</ele>
<time>2009-04-23T08:19:04.006Z</time>
</trkpt>
<trkpt lat="44.8079900" lon="9.1148000">
<ele>556.747681</ele>
<time>2009-04-23T08:19:16.003Z</time>
</trkpt>
<trkpt lat="44.8078900" lon="9.1147900">
<ele>559.155579</ele>
<time>2009-04-23T08:19:26.000Z</time>
</trkpt>
<trkpt lat="44.8077900" lon="9.1147800">
<ele>560.100464</ele>
<time>2009-04-23T08:19:35.006Z</time>
</trkpt>
<trkpt lat="44.8077000" lon="9.1148000">
<ele>561.075867</ele>
<time>2009-04-23T08:19:47.007Z</time>
</trkpt>
<trkpt lat="44.8076100" lon="9.1147600">
<ele>562.508423</ele>
<time>2009-04-23T08:20:01.000Z</time>
</trkpt>
<trkpt lat="44.8074800" lon="9.1147500">
<ele>566.348877</ele>
<time>2009-04-23T08:20:25.002Z</time>
</trkpt>
<trkpt lat="44.8073700" lon="9.1147100">
<ele>569.244446</ele>
<time>2009-04-23T08:20:41.004Z</time>
</trkpt>
<trkpt lat="44.8072700" lon="9.1147000">
<ele>571.164734</ele>
<time>2009-04-23T08:20:52.002Z</time>
</trkpt>
<trkpt lat="44.8071700" lon="9.1147000">
<ele>573.084961</ele>
<time>2009-04-23T08:21:04.003Z</time>
</trkpt>
<trkpt lat="44.8070700" lon="9.1147300">
<ele>575.492859</ele>
<time>2009-04-23T08:21:15.002Z</time>
</trkpt>
<trkpt lat="44.8070000" lon="9.1148000">
<ele>575.005188</ele>
<time>2009-04-23T08:21:54.006Z</time>
</trkpt>
<trkpt lat="44.8070100" lon="9.1148200">
<ele>575.492859</ele>
<time>2009-04-23T08:24:36.003Z</time>
</trkpt>
<trkpt lat="44.8069500" lon="9.1150200">
<ele>575.980530</ele>
<time>2009-04-23T08:25:42.007Z</time>
</trkpt>
<trkpt lat="44.8069600" lon="9.1151500">
<ele>576.437744</ele>
<time>2009-04-23T08:25:58.009Z</time>
</trkpt>
<trkpt lat="44.8069800" lon="9.1152800">
<ele>577.413147</ele>
<time>2009-04-23T08:26:06.009Z</time>
</trkpt>
<trkpt lat="44.8069800" lon="9.1154200">
<ele>577.413147</ele>
<time>2009-04-23T08:26:15.000Z</time>
</trkpt>
<trkpt lat="44.8069690" lon="9.1155410">
<ele>578.357971</ele>
<time>2009-04-23T08:26:24.003Z</time>
</trkpt>
<trkpt lat="44.8069760" lon="9.1156800">
<ele>579.333374</ele>
<time>2009-04-23T08:26:33.009Z</time>
</trkpt>
<trkpt lat="44.8069990" lon="9.1158200">
<ele>582.686157</ele>
<time>2009-04-23T08:26:43.006Z</time>
</trkpt>
<trkpt lat="44.8070290" lon="9.1159700">
<ele>584.149170</ele>
<time>2009-04-23T08:26:54.001Z</time>
</trkpt>
<trkpt lat="44.8070400" lon="9.1161200">
<ele>586.069458</ele>
<time>2009-04-23T08:27:02.002Z</time>
</trkpt>
<trkpt lat="44.8070100" lon="9.1162500">
<ele>585.094055</ele>
<time>2009-04-23T08:27:13.000Z</time>
</trkpt>
<trkpt lat="44.8069980" lon="9.1163980">
<ele>585.094055</ele>
<time>2009-04-23T08:27:23.009Z</time>
</trkpt>
<trkpt lat="44.8070130" lon="9.1165480">
<ele>586.069458</ele>
<time>2009-04-23T08:27:33.002Z</time>
</trkpt>
<trkpt lat="44.8070440" lon="9.1166760">
<ele>587.502014</ele>
<time>2009-04-23T08:27:41.003Z</time>
</trkpt>
<trkpt lat="44.8070280" lon="9.1168370">
<ele>587.502014</ele>
<time>2009-04-23T08:27:49.003Z</time>
</trkpt>
<trkpt lat="44.8070130" lon="9.1169760">
<ele>588.477356</ele>
<time>2009-04-23T08:27:57.007Z</time>
</trkpt>
<trkpt lat="44.8070590" lon="9.1171580">
<ele>590.397583</ele>
<time>2009-04-23T08:28:07.000Z</time>
</trkpt>
<trkpt lat="44.8071730" lon="9.1172330">
<ele>591.342468</ele>
<time>2009-04-23T08:28:16.007Z</time>
</trkpt>
<trkpt lat="44.8072410" lon="9.1173190">
<ele>591.830139</ele>
<time>2009-04-23T08:28:26.000Z</time>
</trkpt>
<trkpt lat="44.8072950" lon="9.1173840">
<ele>591.830139</ele>
<time>2009-04-23T08:28:34.000Z</time>
</trkpt>
<trkpt lat="44.8073630" lon="9.1175120">
<ele>591.342468</ele>
<time>2009-04-23T08:28:43.007Z</time>
</trkpt>
<trkpt lat="44.8073860" lon="9.1176190">
<ele>592.775024</ele>
<time>2009-04-23T08:29:17.002Z</time>
</trkpt>
<trkpt lat="44.8074620" lon="9.1177480">
<ele>591.830139</ele>
<time>2009-04-23T08:29:25.002Z</time>
</trkpt>
<trkpt lat="44.8075150" lon="9.1178550">
<ele>591.830139</ele>
<time>2009-04-23T08:29:32.001Z</time>
</trkpt>
<trkpt lat="44.8075610" lon="9.1179730">
<ele>591.342468</ele>
<time>2009-04-23T08:29:38.009Z</time>
</trkpt>
<trkpt lat="44.8076060" lon="9.1180690">
<ele>591.830139</ele>
<time>2009-04-23T08:29:45.007Z</time>
</trkpt>
<trkpt lat="44.8076600" lon="9.1182190">
<ele>591.342468</ele>
<time>2009-04-23T08:29:53.008Z</time>
</trkpt>
<trkpt lat="44.8077130" lon="9.1183270">
<ele>592.775024</ele>
<time>2009-04-23T08:30:01.009Z</time>
</trkpt>
<trkpt lat="44.8077600" lon="9.1184000">
<ele>591.342468</ele>
<time>2009-04-23T08:30:16.004Z</time>
</trkpt>
<trkpt lat="44.8078120" lon="9.1185410">
<ele>590.854797</ele>
<time>2009-04-23T08:31:03.009Z</time>
</trkpt>
<trkpt lat="44.8079030" lon="9.1186480">
<ele>589.909912</ele>
<time>2009-04-23T08:31:17.006Z</time>
</trkpt>
<trkpt lat="44.8079720" lon="9.1187130">
<ele>589.909912</ele>
<time>2009-04-23T08:32:00.007Z</time>
</trkpt>
<trkpt lat="44.8080250" lon="9.1187660">
<ele>588.477356</ele>
<time>2009-04-23T08:32:35.008Z</time>
</trkpt>
<trkpt lat="44.8080930" lon="9.1188520">
<ele>587.014343</ele>
<time>2009-04-23T08:32:42.006Z</time>
</trkpt>
<trkpt lat="44.8081800" lon="9.1189100">
<ele>586.069458</ele>
<time>2009-04-23T08:32:50.004Z</time>
</trkpt>
<trkpt lat="44.8082500" lon="9.1190100">
<ele>586.069458</ele>
<time>2009-04-23T08:32:57.002Z</time>
</trkpt>
<trkpt lat="44.8082800" lon="9.1191400">
<ele>585.581726</ele>
<time>2009-04-23T08:33:04.000Z</time>
</trkpt>
<trkpt lat="44.8083000" lon="9.1192700">
<ele>583.661499</ele>
<time>2009-04-23T08:33:10.009Z</time>
</trkpt>
<trkpt lat="44.8083500" lon="9.1193800">
<ele>583.173828</ele>
<time>2009-04-23T08:33:18.009Z</time>
</trkpt>
<trkpt lat="44.8084200" lon="9.1195100">
<ele>581.741272</ele>
<time>2009-04-23T08:33:28.006Z</time>
</trkpt>
<trkpt lat="44.8084500" lon="9.1196600">
<ele>580.278259</ele>
<time>2009-04-23T08:33:36.006Z</time>
</trkpt>
<trkpt lat="44.8084800" lon="9.1197900">
<ele>579.333374</ele>
<time>2009-04-23T08:33:44.004Z</time>
</trkpt>
<trkpt lat="44.8085400" lon="9.1199100">
<ele>579.333374</ele>
<time>2009-04-23T08:33:51.002Z</time>
</trkpt>
<trkpt lat="44.8085700" lon="9.1200300">
<ele>578.845642</ele>
<time>2009-04-23T08:33:58.000Z</time>
</trkpt>
<trkpt lat="44.8085950" lon="9.1201700">
<ele>576.925476</ele>
<time>2009-04-23T08:34:04.009Z</time>
</trkpt>
<trkpt lat="44.8086250" lon="9.1203200">
<ele>576.437744</ele>
<time>2009-04-23T08:34:12.009Z</time>
</trkpt>
<trkpt lat="44.8086790" lon="9.1204270">
<ele>575.005188</ele>
<time>2009-04-23T08:34:19.008Z</time>
</trkpt>
<trkpt lat="44.8087240" lon="9.1205670">
<ele>574.029846</ele>
<time>2009-04-23T08:34:26.006Z</time>
</trkpt>
<trkpt lat="44.8087540" lon="9.1207060">
<ele>573.572632</ele>
<time>2009-04-23T08:34:35.009Z</time>
</trkpt>
<trkpt lat="44.8087770" lon="9.1208020">
<ele>573.084961</ele>
<time>2009-04-23T08:34:45.002Z</time>
</trkpt>
<trkpt lat="44.8088200" lon="9.1209400">
<ele>571.652405</ele>
<time>2009-04-23T08:34:53.003Z</time>
</trkpt>
<trkpt lat="44.8088200" lon="9.1210700">
<ele>570.189331</ele>
<time>2009-04-23T08:35:00.001Z</time>
</trkpt>
<trkpt lat="44.8088200" lon="9.1212000">
<ele>569.244446</ele>
<time>2009-04-23T08:35:06.009Z</time>
</trkpt>
<trkpt lat="44.8088000" lon="9.1213380">
<ele>566.836548</ele>
<time>2009-04-23T08:35:15.000Z</time>
</trkpt>
<trkpt lat="44.8088450" lon="9.1215090">
<ele>564.428650</ele>
<time>2009-04-23T08:35:24.006Z</time>
</trkpt>
<trkpt lat="44.8089200" lon="9.1216200">
<ele>562.020752</ele>
<time>2009-04-23T08:35:33.009Z</time>
</trkpt>
<trkpt lat="44.8089700" lon="9.1217400">
<ele>560.100464</ele>
<time>2009-04-23T08:35:43.002Z</time>
</trkpt>
<trkpt lat="44.8090200" lon="9.1218600">
<ele>556.747681</ele>
<time>2009-04-23T08:35:51.006Z</time>
</trkpt>
<trkpt lat="44.8090600" lon="9.1220200">
<ele>555.284668</ele>
<time>2009-04-23T08:36:00.009Z</time>
</trkpt>
<trkpt lat="44.8091000" lon="9.1221500">
<ele>554.339722</ele>
<time>2009-04-23T08:36:09.000Z</time>
</trkpt>
<trkpt lat="44.8091300" lon="9.1222900">
<ele>553.852051</ele>
<time>2009-04-23T08:36:17.001Z</time>
</trkpt>
<trkpt lat="44.8091500" lon="9.1224400">
<ele>552.907227</ele>
<time>2009-04-23T08:36:25.001Z</time>
</trkpt>
<trkpt lat="44.8091500" lon="9.1225700">
<ele>552.907227</ele>
<time>2009-04-23T08:36:32.000Z</time>
</trkpt>
<trkpt lat="44.8091000" lon="9.1227000">
<ele>551.931885</ele>
<time>2009-04-23T08:36:40.000Z</time>
</trkpt>
<trkpt lat="44.8090600" lon="9.1228400">
<ele>551.444153</ele>
<time>2009-04-23T08:36:46.009Z</time>
</trkpt>
<trkpt lat="44.8089900" lon="9.1229300">
<ele>550.986938</ele>
<time>2009-04-23T08:36:53.007Z</time>
</trkpt>
<trkpt lat="44.8089200" lon="9.1230300">
<ele>550.499268</ele>
<time>2009-04-23T08:37:03.000Z</time>
</trkpt>
<trkpt lat="44.8088500" lon="9.1231400">
<ele>550.499268</ele>
<time>2009-04-23T08:37:09.008Z</time>
</trkpt>
<trkpt lat="44.8087800" lon="9.1232300">
<ele>550.011597</ele>
<time>2009-04-23T08:37:16.007Z</time>
</trkpt>
<trkpt lat="44.8086910" lon="9.1232760">
<ele>549.036255</ele>
<time>2009-04-23T08:37:26.000Z</time>
</trkpt>
<trkpt lat="44.8085840" lon="9.1233610">
<ele>548.091370</ele>
<time>2009-04-23T08:37:34.000Z</time>
</trkpt>
<trkpt lat="44.8085000" lon="9.1234250">
<ele>546.658813</ele>
<time>2009-04-23T08:37:42.001Z</time>
</trkpt>
<trkpt lat="44.8084400" lon="9.1234900">
<ele>546.171143</ele>
<time>2009-04-23T08:37:50.002Z</time>
</trkpt>
<trkpt lat="44.8083700" lon="9.1235800">
<ele>545.683472</ele>
<time>2009-04-23T08:37:58.006Z</time>
</trkpt>
<trkpt lat="44.8082480" lon="9.1236600">
<ele>544.250854</ele>
<time>2009-04-23T08:38:07.009Z</time>
</trkpt>
<trkpt lat="44.8081640" lon="9.1237560">
<ele>542.787842</ele>
<time>2009-04-23T08:38:15.009Z</time>
</trkpt>
<trkpt lat="44.8081180" lon="9.1238740">
<ele>541.355286</ele>
<time>2009-04-23T08:38:25.002Z</time>
</trkpt>
<trkpt lat="44.8080700" lon="9.1239700">
<ele>539.922729</ele>
<time>2009-04-23T08:38:33.006Z</time>
</trkpt>
<trkpt lat="44.8080650" lon="9.1240990">
<ele>539.435059</ele>
<time>2009-04-23T08:38:41.007Z</time>
</trkpt>
<trkpt lat="44.8080100" lon="9.1242100">
<ele>538.947327</ele>
<time>2009-04-23T08:38:57.008Z</time>
</trkpt>
<trkpt lat="44.8079600" lon="9.1243600">
<ele>538.947327</ele>
<time>2009-04-23T08:39:08.007Z</time>
</trkpt>
<trkpt lat="44.8079200" lon="9.1245100">
<ele>539.435059</ele>
<time>2009-04-23T08:39:19.006Z</time>
</trkpt>
<trkpt lat="44.8079000" lon="9.1246900">
<ele>539.922729</ele>
<time>2009-04-23T08:39:28.009Z</time>
</trkpt>
<trkpt lat="44.8079100" lon="9.1248300">
<ele>539.922729</ele>
<time>2009-04-23T08:39:36.009Z</time>
</trkpt>
<trkpt lat="44.8078900" lon="9.1249900">
<ele>540.410400</ele>
<time>2009-04-23T08:39:47.008Z</time>
</trkpt>
<trkpt lat="44.8078800" lon="9.1251400">
<ele>540.867615</ele>
<time>2009-04-23T08:39:57.001Z</time>
</trkpt>
<trkpt lat="44.8078600" lon="9.1252800">
<ele>540.410400</ele>
<time>2009-04-23T08:40:03.009Z</time>
</trkpt>
<trkpt lat="44.8078200" lon="9.1254300">
<ele>539.922729</ele>
<time>2009-04-23T08:40:13.002Z</time>
</trkpt>
<trkpt lat="44.8077600" lon="9.1255800">
<ele>539.922729</ele>
<time>2009-04-23T08:40:25.007Z</time>
</trkpt>
<trkpt lat="44.8077100" lon="9.1257100">
<ele>539.922729</ele>
<time>2009-04-23T08:40:33.004Z</time>
</trkpt>
<trkpt lat="44.8076500" lon="9.1258600">
<ele>539.922729</ele>
<time>2009-04-23T08:40:40.006Z</time>
</trkpt>
<trkpt lat="44.8076000" lon="9.1260000">
<ele>541.355286</ele>
<time>2009-04-23T08:40:49.009Z</time>
</trkpt>
<trkpt lat="44.8075800" lon="9.1261400">
<ele>542.330627</ele>
<time>2009-04-23T08:40:59.002Z</time>
</trkpt>
<trkpt lat="44.8075800" lon="9.1262700">
<ele>542.787842</ele>
<time>2009-04-23T08:41:07.002Z</time>
</trkpt>
<trkpt lat="44.8075700" lon="9.1264100">
<ele>543.275513</ele>
<time>2009-04-23T08:41:15.003Z</time>
</trkpt>
<trkpt lat="44.8075300" lon="9.1265400">
<ele>543.763184</ele>
<time>2009-04-23T08:41:26.002Z</time>
</trkpt>
<trkpt lat="44.8074700" lon="9.1266900">
<ele>546.658813</ele>
<time>2009-04-23T08:41:45.001Z</time>
</trkpt>
<trkpt lat="44.8073900" lon="9.1268100">
<ele>548.091370</ele>
<time>2009-04-23T08:41:56.000Z</time>
</trkpt>
<trkpt lat="44.8073100" lon="9.1269500">
<ele>549.523926</ele>
<time>2009-04-23T08:42:08.001Z</time>
</trkpt>
<trkpt lat="44.8072300" lon="9.1270300">
<ele>548.091370</ele>
<time>2009-04-23T08:42:14.009Z</time>
</trkpt>
<trkpt lat="44.8071400" lon="9.1271100">
<ele>548.091370</ele>
<time>2009-04-23T08:42:24.002Z</time>
</trkpt>
<trkpt lat="44.8071000" lon="9.1272500">
<ele>549.036255</ele>
<time>2009-04-23T08:42:33.008Z</time>
</trkpt>
<trkpt lat="44.8070800" lon="9.1274300">
<ele>550.011597</ele>
<time>2009-04-23T08:42:47.002Z</time>
</trkpt>
<trkpt lat="44.8070600" lon="9.1276100">
<ele>550.499268</ele>
<time>2009-04-23T08:42:58.000Z</time>
</trkpt>
<trkpt lat="44.8070700" lon="9.1277600">
<ele>551.931885</ele>
<time>2009-04-23T08:43:06.001Z</time>
</trkpt>
<trkpt lat="44.8070700" lon="9.1279200">
<ele>552.419556</ele>
<time>2009-04-23T08:43:15.004Z</time>
</trkpt>
<trkpt lat="44.8070200" lon="9.1280600">
<ele>552.907227</ele>
<time>2009-04-23T08:43:25.000Z</time>
</trkpt>
<trkpt lat="44.8069200" lon="9.1281300">
<ele>552.907227</ele>
<time>2009-04-23T08:43:34.003Z</time>
</trkpt>
<trkpt lat="44.8069400" lon="9.1282500">
<ele>552.907227</ele>
<time>2009-04-23T08:43:42.004Z</time>
</trkpt>
<trkpt lat="44.8070000" lon="9.1283900">
<ele>552.907227</ele>
<time>2009-04-23T08:43:50.008Z</time>
</trkpt>
<trkpt lat="44.8070400" lon="9.1285200">
<ele>552.419556</ele>
<time>2009-04-23T08:44:00.001Z</time>
</trkpt>
<trkpt lat="44.8070700" lon="9.1286500">
<ele>551.931885</ele>
<time>2009-04-23T08:44:06.009Z</time>
</trkpt>
<trkpt lat="44.8070800" lon="9.1288000">
<ele>551.931885</ele>
<time>2009-04-23T08:44:15.000Z</time>
</trkpt>
<trkpt lat="44.8070800" lon="9.1289400">
<ele>551.444153</ele>
<time>2009-04-23T08:44:25.009Z</time>
</trkpt>
<trkpt lat="44.8070400" lon="9.1290500">
<ele>550.499268</ele>
<time>2009-04-23T08:44:38.000Z</time>
</trkpt>
<trkpt lat="44.8069900" lon="9.1291900">
<ele>549.036255</ele>
<time>2009-04-23T08:44:48.008Z</time>
</trkpt>
<trkpt lat="44.8070400" lon="9.1293500">
<ele>548.091370</ele>
<time>2009-04-23T08:44:59.007Z</time>
</trkpt>
<trkpt lat="44.8070300" lon="9.1295200">
<ele>548.091370</ele>
<time>2009-04-23T08:45:13.000Z</time>
</trkpt>
<trkpt lat="44.8070100" lon="9.1297000">
<ele>548.091370</ele>
<time>2009-04-23T08:45:23.009Z</time>
</trkpt>
<trkpt lat="44.8069800" lon="9.1298700">
<ele>547.603699</ele>
<time>2009-04-23T08:45:36.000Z</time>
</trkpt>
<trkpt lat="44.8070500" lon="9.1299800">
<ele>548.579041</ele>
<time>2009-04-23T08:45:45.003Z</time>
</trkpt>
<trkpt lat="44.8071500" lon="9.1300400">
<ele>547.116028</ele>
<time>2009-04-23T08:45:53.004Z</time>
</trkpt>
<trkpt lat="44.8072100" lon="9.1301700">
<ele>546.171143</ele>
<time>2009-04-23T08:46:01.004Z</time>
</trkpt>
<trkpt lat="44.8072500" lon="9.1303000">
<ele>545.195740</ele>
<time>2009-04-23T08:46:08.003Z</time>
</trkpt>
<trkpt lat="44.8072600" lon="9.1304400">
<ele>544.250854</ele>
<time>2009-04-23T08:46:15.001Z</time>
</trkpt>
<trkpt lat="44.8073100" lon="9.1305700">
<ele>543.763184</ele>
<time>2009-04-23T08:46:24.007Z</time>
</trkpt>
<trkpt lat="44.8073600" lon="9.1307000">
<ele>543.763184</ele>
<time>2009-04-23T08:46:35.003Z</time>
</trkpt>
<trkpt lat="44.8074400" lon="9.1308200">
<ele>544.250854</ele>
<time>2009-04-23T08:46:47.004Z</time>
</trkpt>
<trkpt lat="44.8074900" lon="9.1309500">
<ele>545.195740</ele>
<time>2009-04-23T08:46:55.004Z</time>
</trkpt>
<trkpt lat="44.8075500" lon="9.1310600">
<ele>546.171143</ele>
<time>2009-04-23T08:47:09.001Z</time>
</trkpt>
<trkpt lat="44.8075900" lon="9.1311800">
<ele>547.116028</ele>
<time>2009-04-23T08:47:22.008Z</time>
</trkpt>
<trkpt lat="44.8076700" lon="9.1312100">
<ele>548.091370</ele>
<time>2009-04-23T08:50:30.002Z</time>
</trkpt>
<trkpt lat="44.8077600" lon="9.1312600">
<ele>548.579041</ele>
<time>2009-04-23T08:50:50.007Z</time>
</trkpt>
<trkpt lat="44.8078500" lon="9.1312800">
<ele>550.499268</ele>
<time>2009-04-23T08:51:00.000Z</time>
</trkpt>
<trkpt lat="44.8079400" lon="9.1312900">
<ele>553.852051</ele>
<time>2009-04-23T08:51:09.003Z</time>
</trkpt>
<trkpt lat="44.8080400" lon="9.1313200">
<ele>555.284668</ele>
<time>2009-04-23T08:51:20.002Z</time>
</trkpt>
<trkpt lat="44.8081300" lon="9.1313800">
<ele>557.235352</ele>
<time>2009-04-23T08:51:28.006Z</time>
</trkpt>
<trkpt lat="44.8082100" lon="9.1314300">
<ele>558.667908</ele>
<time>2009-04-23T08:51:39.001Z</time>
</trkpt>
<trkpt lat="44.8082900" lon="9.1314400">
<ele>559.155579</ele>
<time>2009-04-23T08:52:19.004Z</time>
</trkpt>
<trkpt lat="44.8083500" lon="9.1315500">
<ele>559.155579</ele>
<time>2009-04-23T08:52:44.000Z</time>
</trkpt>
<trkpt lat="44.8084100" lon="9.1316600">
<ele>560.100464</ele>
<time>2009-04-23T08:52:50.008Z</time>
</trkpt>
<trkpt lat="44.8084800" lon="9.1317400">
<ele>559.612793</ele>
<time>2009-04-23T08:52:57.003Z</time>
</trkpt>
<trkpt lat="44.8085700" lon="9.1317900">
<ele>560.100464</ele>
<time>2009-04-23T08:53:04.001Z</time>
</trkpt>
<trkpt lat="44.8086500" lon="9.1318500">
<ele>560.588135</ele>
<time>2009-04-23T08:53:12.002Z</time>
</trkpt>
<trkpt lat="44.8087500" lon="9.1319200">
<ele>561.533081</ele>
<time>2009-04-23T08:53:20.003Z</time>
</trkpt>
<trkpt lat="44.8088100" lon="9.1320400">
<ele>562.020752</ele>
<time>2009-04-23T08:53:27.001Z</time>
</trkpt>
<trkpt lat="44.8088500" lon="9.1321600">
<ele>561.533081</ele>
<time>2009-04-23T08:53:33.009Z</time>
</trkpt>
<trkpt lat="44.8089000" lon="9.1323000">
<ele>561.075867</ele>
<time>2009-04-23T08:53:42.000Z</time>
</trkpt>
<trkpt lat="44.8089500" lon="9.1324400">
<ele>560.588135</ele>
<time>2009-04-23T08:53:50.001Z</time>
</trkpt>
<trkpt lat="44.8090100" lon="9.1325500">
<ele>560.100464</ele>
<time>2009-04-23T08:53:56.009Z</time>
</trkpt>
<trkpt lat="44.8091000" lon="9.1325900">
<ele>559.612793</ele>
<time>2009-04-23T08:54:03.007Z</time>
</trkpt>
<trkpt lat="44.8091800" lon="9.1326300">
<ele>559.612793</ele>
<time>2009-04-23T08:54:10.002Z</time>
</trkpt>
<trkpt lat="44.8092700" lon="9.1327000">
<ele>559.612793</ele>
<time>2009-04-23T08:54:17.001Z</time>
</trkpt>
<trkpt lat="44.8093400" lon="9.1328000">
<ele>559.155579</ele>
<time>2009-04-23T08:54:23.009Z</time>
</trkpt>
<trkpt lat="44.8094100" lon="9.1328900">
<ele>559.612793</ele>
<time>2009-04-23T08:54:30.007Z</time>
</trkpt>
<trkpt lat="44.8095000" lon="9.1329200">
<ele>559.155579</ele>
<time>2009-04-23T08:54:44.001Z</time>
</trkpt>
<trkpt lat="44.8095800" lon="9.1329500">
<ele>559.612793</ele>
<time>2009-04-23T08:54:50.009Z</time>
</trkpt>
<trkpt lat="44.8096700" lon="9.1330100">
<ele>559.612793</ele>
<time>2009-04-23T08:54:57.007Z</time>
</trkpt>
<trkpt lat="44.8097600" lon="9.1330600">
<ele>558.667908</ele>
<time>2009-04-23T08:55:04.006Z</time>
</trkpt>
<trkpt lat="44.8098400" lon="9.1331400">
<ele>559.155579</ele>
<time>2009-04-23T08:55:12.003Z</time>
</trkpt>
<trkpt lat="44.8099200" lon="9.1332300">
<ele>558.667908</ele>
<time>2009-04-23T08:55:20.004Z</time>
</trkpt>
<trkpt lat="44.8100000" lon="9.1333100">
<ele>557.235352</ele>
<time>2009-04-23T08:55:27.002Z</time>
</trkpt>
<trkpt lat="44.8100900" lon="9.1333800">
<ele>555.284668</ele>
<time>2009-04-23T08:55:34.000Z</time>
</trkpt>
<trkpt lat="44.8101900" lon="9.1333900">
<ele>554.339722</ele>
<time>2009-04-23T08:55:40.009Z</time>
</trkpt>
<trkpt lat="44.8102900" lon="9.1333800">
<ele>552.419556</ele>
<time>2009-04-23T08:55:47.007Z</time>
</trkpt>
<trkpt lat="44.8103600" lon="9.1334400">
<ele>552.907227</ele>
<time>2009-04-23T08:55:55.004Z</time>
</trkpt>
<trkpt lat="44.8104300" lon="9.1335500">
<ele>550.986938</ele>
<time>2009-04-23T08:56:02.003Z</time>
</trkpt>
<trkpt lat="44.8105000" lon="9.1336400">
<ele>550.986938</ele>
<time>2009-04-23T08:56:22.004Z</time>
</trkpt>
<trkpt lat="44.8105700" lon="9.1337500">
<ele>550.011597</ele>
<time>2009-04-23T08:56:32.001Z</time>
</trkpt>
<trkpt lat="44.8106200" lon="9.1338800">
<ele>550.011597</ele>
<time>2009-04-23T08:56:48.002Z</time>
</trkpt>
<trkpt lat="44.8107000" lon="9.1339600">
<ele>550.011597</ele>
<time>2009-04-23T08:56:56.003Z</time>
</trkpt>
<trkpt lat="44.8107900" lon="9.1340300">
<ele>549.036255</ele>
<time>2009-04-23T08:57:03.001Z</time>
</trkpt>
<trkpt lat="44.8108800" lon="9.1340700">
<ele>549.523926</ele>
<time>2009-04-23T08:57:12.007Z</time>
</trkpt>
<trkpt lat="44.8109500" lon="9.1341800">
<ele>549.523926</ele>
<time>2009-04-23T08:57:20.008Z</time>
</trkpt>
<trkpt lat="44.8110100" lon="9.1342900">
<ele>549.523926</ele>
<time>2009-04-23T08:57:27.006Z</time>
</trkpt>
<trkpt lat="44.8110700" lon="9.1344200">
<ele>550.499268</ele>
<time>2009-04-23T08:57:35.007Z</time>
</trkpt>
<trkpt lat="44.8111400" lon="9.1345400">
<ele>550.986938</ele>
<time>2009-04-23T08:57:45.000Z</time>
</trkpt>
<trkpt lat="44.8112100" lon="9.1346200">
<ele>551.444153</ele>
<time>2009-04-23T08:57:51.008Z</time>
</trkpt>
<trkpt lat="44.8113000" lon="9.1347300">
<ele>552.419556</ele>
<time>2009-04-23T08:58:01.001Z</time>
</trkpt>
<trkpt lat="44.8113900" lon="9.1347800">
<ele>554.339722</ele>
<time>2009-04-23T08:58:10.008Z</time>
</trkpt>
<trkpt lat="44.8114900" lon="9.1348000">
<ele>555.772339</ele>
<time>2009-04-23T08:58:20.001Z</time>
</trkpt>
<trkpt lat="44.8115500" lon="9.1349000">
<ele>556.747681</ele>
<time>2009-04-23T08:58:29.004Z</time>
</trkpt>
<trkpt lat="44.8116300" lon="9.1350100">
<ele>556.747681</ele>
<time>2009-04-23T08:58:39.000Z</time>
</trkpt>
<trkpt lat="44.8116800" lon="9.1351400">
<ele>559.155579</ele>
<time>2009-04-23T08:58:51.001Z</time>
</trkpt>
<trkpt lat="44.8117100" lon="9.1352700">
<ele>560.100464</ele>
<time>2009-04-23T08:59:00.004Z</time>
</trkpt>
<trkpt lat="44.8117300" lon="9.1354000">
<ele>560.588135</ele>
<time>2009-04-23T08:59:10.000Z</time>
</trkpt>
<trkpt lat="44.8117500" lon="9.1355300">
<ele>561.075867</ele>
<time>2009-04-23T08:59:19.003Z</time>
</trkpt>
<trkpt lat="44.8117600" lon="9.1356400">
<ele>562.508423</ele>
<time>2009-04-23T08:59:27.007Z</time>
</trkpt>
<trkpt lat="44.8117900" lon="9.1357700">
<ele>564.428650</ele>
<time>2009-04-23T08:59:42.003Z</time>
</trkpt>
<trkpt lat="44.8118000" lon="9.1359100">
<ele>565.403992</ele>
<time>2009-04-23T08:59:51.009Z</time>
</trkpt>
<trkpt lat="44.8117800" lon="9.1360100">
<ele>564.428650</ele>
<time>2009-04-23T09:00:10.009Z</time>
</trkpt>
<trkpt lat="44.8118100" lon="9.1359100">
<ele>528.858459</ele>
<time>2009-05-07T08:21:41.000Z</time>
</trkpt>
<trkpt lat="44.8117400" lon="9.1360300">
<ele>538.002502</ele>
<time>2009-05-07T08:21:51.008Z</time>
</trkpt>
<trkpt lat="44.8116700" lon="9.1361300">
<ele>543.275513</ele>
<time>2009-05-07T08:21:59.009Z</time>
</trkpt>
<trkpt lat="44.8116100" lon="9.1362300">
<ele>546.171143</ele>
<time>2009-05-07T08:22:06.007Z</time>
</trkpt>
<trkpt lat="44.8115700" lon="9.1363500">
<ele>550.499268</ele>
<time>2009-05-07T08:22:13.006Z</time>
</trkpt>
<trkpt lat="44.8115500" lon="9.1364700">
<ele>552.907227</ele>
<time>2009-05-07T08:22:21.003Z</time>
</trkpt>
<trkpt lat="44.8115500" lon="9.1366200">
<ele>554.339722</ele>
<time>2009-05-07T08:22:29.004Z</time>
</trkpt>
<trkpt lat="44.8115400" lon="9.1367700">
<ele>557.692566</ele>
<time>2009-05-07T08:22:37.008Z</time>
</trkpt>
<trkpt lat="44.8115400" lon="9.1369200">
<ele>560.100464</ele>
<time>2009-05-07T08:22:45.008Z</time>
</trkpt>
<trkpt lat="44.8115500" lon="9.1370600">
<ele>561.533081</ele>
<time>2009-05-07T08:22:53.009Z</time>
</trkpt>
<trkpt lat="44.8116000" lon="9.1371900">
<ele>563.483765</ele>
<time>2009-05-07T08:23:03.002Z</time>
</trkpt>
<trkpt lat="44.8116500" lon="9.1373100">
<ele>563.940918</ele>
<time>2009-05-07T08:23:16.009Z</time>
</trkpt>
<trkpt lat="44.8117000" lon="9.1374400">
<ele>566.836548</ele>
<time>2009-05-07T08:23:27.004Z</time>
</trkpt>
<trkpt lat="44.8117300" lon="9.1375800">
<ele>568.756775</ele>
<time>2009-05-07T08:23:37.000Z</time>
</trkpt>
<trkpt lat="44.8117500" lon="9.1377100">
<ele>569.732117</ele>
<time>2009-05-07T08:23:46.007Z</time>
</trkpt>
<trkpt lat="44.8117700" lon="9.1378300">
<ele>571.164734</ele>
<time>2009-05-07T08:23:54.007Z</time>
</trkpt>
<trkpt lat="44.8118200" lon="9.1379700">
<ele>570.189331</ele>
<time>2009-05-07T08:24:04.000Z</time>
</trkpt>
<trkpt lat="44.8118800" lon="9.1380900">
<ele>568.269104</ele>
<time>2009-05-07T08:24:14.009Z</time>
</trkpt>
<trkpt lat="44.8119300" lon="9.1382000">
<ele>564.916321</ele>
<time>2009-05-07T08:24:25.008Z</time>
</trkpt>
<trkpt lat="44.8119500" lon="9.1383400">
<ele>562.508423</ele>
<time>2009-05-07T08:24:35.001Z</time>
</trkpt>
<trkpt lat="44.8119500" lon="9.1384800">
<ele>561.533081</ele>
<time>2009-05-07T08:24:41.009Z</time>
</trkpt>
<trkpt lat="44.8119600" lon="9.1386200">
<ele>561.075867</ele>
<time>2009-05-07T08:24:50.000Z</time>
</trkpt>
<trkpt lat="44.8119500" lon="9.1387600">
<ele>560.100464</ele>
<time>2009-05-07T08:24:56.008Z</time>
</trkpt>
<trkpt lat="44.8119100" lon="9.1389000">
<ele>560.100464</ele>
<time>2009-05-07T08:25:04.009Z</time>
</trkpt>
<trkpt lat="44.8118700" lon="9.1390300">
<ele>559.155579</ele>
<time>2009-05-07T08:25:11.007Z</time>
</trkpt>
<trkpt lat="44.8118100" lon="9.1391400">
<ele>558.180237</ele>
<time>2009-05-07T08:25:19.004Z</time>
</trkpt>
<trkpt lat="44.8117500" lon="9.1392400">
<ele>557.692566</ele>
<time>2009-05-07T08:25:26.003Z</time>
</trkpt>
<trkpt lat="44.8116900" lon="9.1393400">
<ele>557.235352</ele>
<time>2009-05-07T08:25:34.003Z</time>
</trkpt>
<trkpt lat="44.8116100" lon="9.1393900">
<ele>555.284668</ele>
<time>2009-05-07T08:26:20.006Z</time>
</trkpt>
<trkpt lat="44.8115300" lon="9.1394400">
<ele>553.852051</ele>
<time>2009-05-07T08:26:29.009Z</time>
</trkpt>
<trkpt lat="44.8114400" lon="9.1394800">
<ele>551.931885</ele>
<time>2009-05-07T08:26:38.000Z</time>
</trkpt>
<trkpt lat="44.8113700" lon="9.1395500">
<ele>550.011597</ele>
<time>2009-05-07T08:26:46.000Z</time>
</trkpt>
<trkpt lat="44.8113100" lon="9.1396500">
<ele>546.171143</ele>
<time>2009-05-07T08:26:54.001Z</time>
</trkpt>
<trkpt lat="44.8112700" lon="9.1397800">
<ele>544.738525</ele>
<time>2009-05-07T08:27:02.002Z</time>
</trkpt>
<trkpt lat="44.8112500" lon="9.1399100">
<ele>543.763184</ele>
<time>2009-05-07T08:27:09.000Z</time>
</trkpt>
<trkpt lat="44.8112300" lon="9.1400400">
<ele>542.787842</ele>
<time>2009-05-07T08:27:15.008Z</time>
</trkpt>
<trkpt lat="44.8111800" lon="9.1401700">
<ele>541.842957</ele>
<time>2009-05-07T08:27:23.009Z</time>
</trkpt>
<trkpt lat="44.8111500" lon="9.1403000">
<ele>541.842957</ele>
<time>2009-05-07T08:27:32.000Z</time>
</trkpt>
<trkpt lat="44.8111300" lon="9.1404400">
<ele>542.330627</ele>
<time>2009-05-07T08:27:38.008Z</time>
</trkpt>
<trkpt lat="44.8110900" lon="9.1405600">
<ele>542.787842</ele>
<time>2009-05-07T08:27:45.006Z</time>
</trkpt>
<trkpt lat="44.8110800" lon="9.1407000">
<ele>543.763184</ele>
<time>2009-05-07T08:27:53.007Z</time>
</trkpt>
<trkpt lat="44.8110900" lon="9.1408200">
<ele>544.250854</ele>
<time>2009-05-07T08:28:23.002Z</time>
</trkpt>
<trkpt lat="44.8110500" lon="9.1409500">
<ele>546.658813</ele>
<time>2009-05-07T08:28:31.006Z</time>
</trkpt>
<trkpt lat="44.8110700" lon="9.1410900">
<ele>547.603699</ele>
<time>2009-05-07T08:28:42.001Z</time>
</trkpt>
<trkpt lat="44.8111200" lon="9.1412200">
<ele>548.091370</ele>
<time>2009-05-07T08:30:20.008Z</time>
</trkpt>
<trkpt lat="44.8111500" lon="9.1413700">
<ele>547.603699</ele>
<time>2009-05-07T08:30:28.009Z</time>
</trkpt>
<trkpt lat="44.8110800" lon="9.1414600">
<ele>547.603699</ele>
<time>2009-05-07T08:30:38.002Z</time>
</trkpt>
<trkpt lat="44.8109800" lon="9.1415200">
<ele>547.116028</ele>
<time>2009-05-07T08:30:46.002Z</time>
</trkpt>
<trkpt lat="44.8109100" lon="9.1415900">
<ele>545.195740</ele>
<time>2009-05-07T08:30:53.001Z</time>
</trkpt>
<trkpt lat="44.8108800" lon="9.1417300">
<ele>544.250854</ele>
<time>2009-05-07T08:30:59.009Z</time>
</trkpt>
<trkpt lat="44.8108500" lon="9.1418500">
<ele>543.763184</ele>
<time>2009-05-07T08:31:06.007Z</time>
</trkpt>
<trkpt lat="44.8108100" lon="9.1419600">
<ele>542.787842</ele>
<time>2009-05-07T08:31:14.008Z</time>
</trkpt>
<trkpt lat="44.8107700" lon="9.1420800">
<ele>542.330627</ele>
<time>2009-05-07T08:31:22.009Z</time>
</trkpt>
<trkpt lat="44.8107200" lon="9.1422200">
<ele>543.275513</ele>
<time>2009-05-07T08:31:30.009Z</time>
</trkpt>
<trkpt lat="44.8106800" lon="9.1423300">
<ele>542.787842</ele>
<time>2009-05-07T08:31:37.008Z</time>
</trkpt>
<trkpt lat="44.8106500" lon="9.1424000">
<ele>542.787842</ele>
<time>2009-05-07T08:31:48.006Z</time>
</trkpt>
<trkpt lat="44.8106400" lon="9.1424600">
<ele>543.275513</ele>
<time>2009-05-07T08:32:18.001Z</time>
</trkpt>
<trkpt lat="44.8106000" lon="9.1425800">
<ele>543.763184</ele>
<time>2009-05-07T08:32:24.009Z</time>
</trkpt>
<trkpt lat="44.8105500" lon="9.1427000">
<ele>544.738525</ele>
<time>2009-05-07T08:32:31.008Z</time>
</trkpt>
<trkpt lat="44.8105200" lon="9.1428200">
<ele>545.683472</ele>
<time>2009-05-07T08:32:38.006Z</time>
</trkpt>
<trkpt lat="44.8105200" lon="9.1429400">
<ele>545.683472</ele>
<time>2009-05-07T08:32:46.003Z</time>
</trkpt>
<trkpt lat="44.8105500" lon="9.1430600">
<ele>546.658813</ele>
<time>2009-05-07T08:32:53.002Z</time>
</trkpt>
<trkpt lat="44.8105400" lon="9.1431900">
<ele>547.116028</ele>
<time>2009-05-07T08:33:00.000Z</time>
</trkpt>
<trkpt lat="44.8105000" lon="9.1432900">
<ele>546.171143</ele>
<time>2009-05-07T08:33:09.003Z</time>
</trkpt>
<trkpt lat="44.8104600" lon="9.1434100">
<ele>546.171143</ele>
<time>2009-05-07T08:33:43.001Z</time>
</trkpt>
<trkpt lat="44.8104200" lon="9.1435400">
<ele>545.683472</ele>
<time>2009-05-07T08:33:50.000Z</time>
</trkpt>
<trkpt lat="44.8103800" lon="9.1436700">
<ele>545.195740</ele>
<time>2009-05-07T08:33:56.008Z</time>
</trkpt>
<trkpt lat="44.8103600" lon="9.1438100">
<ele>544.738525</ele>
<time>2009-05-07T08:34:03.006Z</time>
</trkpt>
<trkpt lat="44.8103600" lon="9.1439400">
<ele>544.738525</ele>
<time>2009-05-07T08:34:11.004Z</time>
</trkpt>
<trkpt lat="44.8103100" lon="9.1440800">
<ele>543.763184</ele>
<time>2009-05-07T08:34:19.004Z</time>
</trkpt>
<trkpt lat="44.8102800" lon="9.1442000">
<ele>543.275513</ele>
<time>2009-05-07T08:34:26.003Z</time>
</trkpt>
<trkpt lat="44.8102500" lon="9.1443200">
<ele>542.787842</ele>
<time>2009-05-07T08:34:33.001Z</time>
</trkpt>
<trkpt lat="44.8101900" lon="9.1444400">
<ele>541.355286</ele>
<time>2009-05-07T08:34:41.002Z</time>
</trkpt>
<trkpt lat="44.8101000" lon="9.1444600">
<ele>541.355286</ele>
<time>2009-05-07T08:34:48.000Z</time>
</trkpt>
<trkpt lat="44.8100000" lon="9.1444500">
<ele>540.867615</ele>
<time>2009-05-07T08:34:56.001Z</time>
</trkpt>
<trkpt lat="44.8099100" lon="9.1444400">
<ele>539.435059</ele>
<time>2009-05-07T08:35:04.001Z</time>
</trkpt>
<trkpt lat="44.8098100" lon="9.1444300">
<ele>538.002502</ele>
<time>2009-05-07T08:35:11.000Z</time>
</trkpt>
<trkpt lat="44.8097200" lon="9.1444200">
<ele>537.027100</ele>
<time>2009-05-07T08:35:16.006Z</time>
</trkpt>
<trkpt lat="44.8096300" lon="9.1444200">
<ele>536.539429</ele>
<time>2009-05-07T08:35:24.003Z</time>
</trkpt>
<trkpt lat="44.8095300" lon="9.1444400">
<ele>535.106873</ele>
<time>2009-05-07T08:35:32.004Z</time>
</trkpt>
<trkpt lat="44.8094500" lon="9.1444900">
<ele>533.674316</ele>
<time>2009-05-07T08:35:39.002Z</time>
</trkpt>
<trkpt lat="44.8093700" lon="9.1445500">
<ele>533.186646</ele>
<time>2009-05-07T08:35:44.008Z</time>
</trkpt>
<trkpt lat="44.8092900" lon="9.1446200">
<ele>531.754089</ele>
<time>2009-05-07T08:35:51.006Z</time>
</trkpt>
<trkpt lat="44.8092200" lon="9.1446900">
<ele>531.266418</ele>
<time>2009-05-07T08:35:59.004Z</time>
</trkpt>
<trkpt lat="44.8091400" lon="9.1447500">
<ele>530.291077</ele>
<time>2009-05-07T08:36:06.002Z</time>
</trkpt>
<trkpt lat="44.8090500" lon="9.1448000">
<ele>528.858459</ele>
<time>2009-05-07T08:36:13.000Z</time>
</trkpt>
<trkpt lat="44.8089700" lon="9.1448500">
<ele>525.993347</ele>
<time>2009-05-07T08:36:19.009Z</time>
</trkpt>
<trkpt lat="44.8088700" lon="9.1448600">
<ele>525.993347</ele>
<time>2009-05-07T08:36:26.007Z</time>
</trkpt>
<trkpt lat="44.8087800" lon="9.1448200">
<ele>525.505676</ele>
<time>2009-05-07T08:36:34.004Z</time>
</trkpt>
<trkpt lat="44.8087200" lon="9.1447200">
<ele>523.585449</ele>
<time>2009-05-07T08:36:41.006Z</time>
</trkpt>
<trkpt lat="44.8086800" lon="9.1446000">
<ele>521.665222</ele>
<time>2009-05-07T08:36:53.004Z</time>
</trkpt>
<trkpt lat="44.8086500" lon="9.1444700">
<ele>521.177551</ele>
<time>2009-05-07T08:37:01.004Z</time>
</trkpt>
<trkpt lat="44.8086900" lon="9.1443500">
<ele>519.744934</ele>
<time>2009-05-07T08:37:08.006Z</time>
</trkpt>
<trkpt lat="44.8087700" lon="9.1442800">
<ele>519.744934</ele>
<time>2009-05-07T08:37:16.007Z</time>
</trkpt>
<trkpt lat="44.8088700" lon="9.1442400">
<ele>518.769592</ele>
<time>2009-05-07T08:37:26.000Z</time>
</trkpt>
<trkpt lat="44.8089700" lon="9.1442000">
<ele>519.744934</ele>
<time>2009-05-07T08:37:35.003Z</time>
</trkpt>
<trkpt lat="44.8090400" lon="9.1441000">
<ele>520.202148</ele>
<time>2009-05-07T08:37:43.007Z</time>
</trkpt>
<trkpt lat="44.8090900" lon="9.1439700">
<ele>519.744934</ele>
<time>2009-05-07T08:37:53.000Z</time>
</trkpt>
<trkpt lat="44.8091500" lon="9.1438600">
<ele>518.769592</ele>
<time>2009-05-07T08:38:01.000Z</time>
</trkpt>
<trkpt lat="44.8092100" lon="9.1437600">
<ele>517.337036</ele>
<time>2009-05-07T08:38:09.001Z</time>
</trkpt>
<trkpt lat="44.8092700" lon="9.1436300">
<ele>517.337036</ele>
<time>2009-05-07T08:38:18.004Z</time>
</trkpt>
<trkpt lat="44.8093300" lon="9.1435200">
<ele>515.874023</ele>
<time>2009-05-07T08:38:25.006Z</time>
</trkpt>
<trkpt lat="44.8093700" lon="9.1433900">
<ele>515.874023</ele>
<time>2009-05-07T08:38:33.006Z</time>
</trkpt>
<trkpt lat="44.8093900" lon="9.1432400">
<ele>515.416809</ele>
<time>2009-05-07T08:38:53.008Z</time>
</trkpt>
<trkpt lat="44.8094000" lon="9.1431100">
<ele>513.008850</ele>
<time>2009-05-07T08:39:08.004Z</time>
</trkpt>
<trkpt lat="44.8093690" lon="9.1430110">
<ele>510.600952</ele>
<time>2009-05-07T08:39:19.006Z</time>
</trkpt>
<trkpt lat="44.8092850" lon="9.1430650">
<ele>510.113281</ele>
<time>2009-05-07T08:40:29.007Z</time>
</trkpt>
<trkpt lat="44.8092010" lon="9.1430320">
<ele>511.545868</ele>
<time>2009-05-07T08:41:26.002Z</time>
</trkpt>
<trkpt lat="44.8091480" lon="9.1429470">
<ele>512.521179</ele>
<time>2009-05-07T08:41:37.000Z</time>
</trkpt>
<trkpt lat="44.8091400" lon="9.1427900">
<ele>515.416809</ele>
<time>2009-05-07T08:41:46.007Z</time>
</trkpt>
<trkpt lat="44.8091100" lon="9.1426500">
<ele>516.849365</ele>
<time>2009-05-07T08:41:56.000Z</time>
</trkpt>
<trkpt lat="44.8091000" lon="9.1425100">
<ele>517.794250</ele>
<time>2009-05-07T08:42:05.006Z</time>
</trkpt>
<trkpt lat="44.8091000" lon="9.1423700">
<ele>518.769592</ele>
<time>2009-05-07T08:42:16.001Z</time>
</trkpt>
<trkpt lat="44.8090400" lon="9.1422300">
<ele>522.122375</ele>
<time>2009-05-07T08:42:28.002Z</time>
</trkpt>
<trkpt lat="44.8089740" lon="9.1421430">
<ele>523.097717</ele>
<time>2009-05-07T08:42:40.003Z</time>
</trkpt>
<trkpt lat="44.8088980" lon="9.1420140">
<ele>525.018005</ele>
<time>2009-05-07T08:42:50.000Z</time>
</trkpt>
<trkpt lat="44.8088700" lon="9.1418800">
<ele>525.505676</ele>
<time>2009-05-07T08:43:00.008Z</time>
</trkpt>
<trkpt lat="44.8088500" lon="9.1417400">
<ele>525.993347</ele>
<time>2009-05-07T08:43:10.001Z</time>
</trkpt>
<trkpt lat="44.8088700" lon="9.1416000">
<ele>526.450562</ele>
<time>2009-05-07T08:43:18.002Z</time>
</trkpt>
<trkpt lat="44.8089200" lon="9.1414800">
<ele>526.450562</ele>
<time>2009-05-07T08:43:26.003Z</time>
</trkpt>
<trkpt lat="44.8089400" lon="9.1413400">
<ele>525.993347</ele>
<time>2009-05-07T08:43:34.003Z</time>
</trkpt>
<trkpt lat="44.8089100" lon="9.1412100">
<ele>526.450562</ele>
<time>2009-05-07T08:43:41.002Z</time>
</trkpt>
<trkpt lat="44.8088600" lon="9.1410900">
<ele>526.938232</ele>
<time>2009-05-07T08:43:49.002Z</time>
</trkpt>
<trkpt lat="44.8088000" lon="9.1409900">
<ele>526.938232</ele>
<time>2009-05-07T08:43:56.001Z</time>
</trkpt>
<trkpt lat="44.8087540" lon="9.1410180">
<ele>526.938232</ele>
<time>2009-05-07T08:44:04.001Z</time>
</trkpt>
<trkpt lat="44.8087390" lon="9.1411250">
<ele>530.778748</ele>
<time>2009-05-07T08:44:13.004Z</time>
</trkpt>
<trkpt lat="44.8087310" lon="9.1412540">
<ele>532.241760</ele>
<time>2009-05-07T08:44:21.008Z</time>
</trkpt>
<trkpt lat="44.8087310" lon="9.1413820">
<ele>534.161987</ele>
<time>2009-05-07T08:44:31.001Z</time>
</trkpt>
<trkpt lat="44.8086770" lon="9.1414680">
<ele>535.106873</ele>
<time>2009-05-07T08:44:40.004Z</time>
</trkpt>
<trkpt lat="44.8085700" lon="9.1414600">
<ele>536.082275</ele>
<time>2009-05-07T08:44:51.006Z</time>
</trkpt>
<trkpt lat="44.8085170" lon="9.1413070">
<ele>537.514771</ele>
<time>2009-05-07T08:45:02.002Z</time>
</trkpt>
<trkpt lat="44.8084600" lon="9.1412200">
<ele>538.947327</ele>
<time>2009-05-07T08:45:10.002Z</time>
</trkpt>
<trkpt lat="44.8083800" lon="9.1411200">
<ele>539.435059</ele>
<time>2009-05-07T08:45:18.003Z</time>
</trkpt>
<trkpt lat="44.8083000" lon="9.1410600">
<ele>538.947327</ele>
<time>2009-05-07T08:45:26.004Z</time>
</trkpt>
<trkpt lat="44.8082200" lon="9.1409800">
<ele>538.947327</ele>
<time>2009-05-07T08:45:34.004Z</time>
</trkpt>
<trkpt lat="44.8082130" lon="9.1408560">
<ele>538.490173</ele>
<time>2009-05-07T08:45:41.006Z</time>
</trkpt>
<trkpt lat="44.8082200" lon="9.1407100">
<ele>538.490173</ele>
<time>2009-05-07T08:45:50.009Z</time>
</trkpt>
<trkpt lat="44.8082100" lon="9.1405800">
<ele>538.002502</ele>
<time>2009-05-07T08:45:57.007Z</time>
</trkpt>
<trkpt lat="44.8081800" lon="9.1404500">
<ele>538.947327</ele>
<time>2009-05-07T08:46:07.000Z</time>
</trkpt>
<trkpt lat="44.8081600" lon="9.1403200">
<ele>538.947327</ele>
<time>2009-05-07T08:46:16.003Z</time>
</trkpt>
<trkpt lat="44.8081400" lon="9.1401900">
<ele>538.490173</ele>
<time>2009-05-07T08:46:24.004Z</time>
</trkpt>
<trkpt lat="44.8081000" lon="9.1400700">
<ele>538.002502</ele>
<time>2009-05-07T08:46:32.008Z</time>
</trkpt>
<trkpt lat="44.8080700" lon="9.1399500">
<ele>538.947327</ele>
<time>2009-05-07T08:46:40.009Z</time>
</trkpt>
<trkpt lat="44.8080300" lon="9.1398300">
<ele>538.947327</ele>
<time>2009-05-07T08:46:48.009Z</time>
</trkpt>
<trkpt lat="44.8079800" lon="9.1397100">
<ele>539.435059</ele>
<time>2009-05-07T08:46:57.000Z</time>
</trkpt>
<trkpt lat="44.8079200" lon="9.1395900">
<ele>540.867615</ele>
<time>2009-05-07T08:47:06.003Z</time>
</trkpt>
<trkpt lat="44.8078300" lon="9.1394900">
<ele>542.787842</ele>
<time>2009-05-07T08:47:20.000Z</time>
</trkpt>
<trkpt lat="44.8077800" lon="9.1393990">
<ele>543.763184</ele>
<time>2009-05-07T08:47:26.008Z</time>
</trkpt>
<trkpt lat="44.8077350" lon="9.1393030">
<ele>543.275513</ele>
<time>2009-05-07T08:47:34.009Z</time>
</trkpt>
<trkpt lat="44.8076740" lon="9.1392380">
<ele>543.275513</ele>
<time>2009-05-07T08:47:42.009Z</time>
</trkpt>
<trkpt lat="44.8076440" lon="9.1391950">
<ele>543.275513</ele>
<time>2009-05-07T08:47:51.000Z</time>
</trkpt>
<trkpt lat="44.8075900" lon="9.1391850">
<ele>548.091370</ele>
<time>2009-05-07T08:48:50.006Z</time>
</trkpt>
<trkpt lat="44.8075200" lon="9.1392500">
<ele>548.579041</ele>
<time>2009-05-07T08:48:59.009Z</time>
</trkpt>
<trkpt lat="44.8075200" lon="9.1393900">
<ele>550.011597</ele>
<time>2009-05-07T08:49:09.002Z</time>
</trkpt>
<trkpt lat="44.8074900" lon="9.1395200">
<ele>551.444153</ele>
<time>2009-05-07T08:49:18.008Z</time>
</trkpt>
<trkpt lat="44.8074300" lon="9.1396600">
<ele>552.419556</ele>
<time>2009-05-07T08:49:29.004Z</time>
</trkpt>
<trkpt lat="44.8073600" lon="9.1397600">
<ele>552.907227</ele>
<time>2009-05-07T08:49:37.004Z</time>
</trkpt>
<trkpt lat="44.8073100" lon="9.1398900">
<ele>553.852051</ele>
<time>2009-05-07T08:49:47.001Z</time>
</trkpt>
<trkpt lat="44.8072800" lon="9.1400300">
<ele>555.284668</ele>
<time>2009-05-07T08:49:56.004Z</time>
</trkpt>
<trkpt lat="44.8073000" lon="9.1401500">
<ele>557.692566</ele>
<time>2009-05-07T08:50:04.004Z</time>
</trkpt>
<trkpt lat="44.8073400" lon="9.1402700">
<ele>558.667908</ele>
<time>2009-05-07T08:50:11.006Z</time>
</trkpt>
<trkpt lat="44.8073800" lon="9.1404000">
<ele>560.100464</ele>
<time>2009-05-07T08:50:20.009Z</time>
</trkpt>
<trkpt lat="44.8073900" lon="9.1405300">
<ele>561.075867</ele>
<time>2009-05-07T08:50:29.000Z</time>
</trkpt>
<trkpt lat="44.8073800" lon="9.1406600">
<ele>562.508423</ele>
<time>2009-05-07T08:50:38.003Z</time>
</trkpt>
<trkpt lat="44.8073700" lon="9.1408000">
<ele>563.483765</ele>
<time>2009-05-07T08:50:46.007Z</time>
</trkpt>
<trkpt lat="44.8073600" lon="9.1409300">
<ele>564.428650</ele>
<time>2009-05-07T08:50:54.007Z</time>
</trkpt>
<trkpt lat="44.8073500" lon="9.1410600">
<ele>565.403992</ele>
<time>2009-05-07T08:51:02.008Z</time>
</trkpt>
<trkpt lat="44.8073400" lon="9.1411900">
<ele>566.348877</ele>
<time>2009-05-07T08:51:10.009Z</time>
</trkpt>
<trkpt lat="44.8073100" lon="9.1413300">
<ele>567.781433</ele>
<time>2009-05-07T08:51:20.002Z</time>
</trkpt>
<trkpt lat="44.8073280" lon="9.1414860">
<ele>569.244446</ele>
<time>2009-05-07T08:51:29.008Z</time>
</trkpt>
<trkpt lat="44.8073810" lon="9.1415610">
<ele>569.244446</ele>
<time>2009-05-07T08:51:37.009Z</time>
</trkpt>
<trkpt lat="44.8074580" lon="9.1416150">
<ele>569.732117</ele>
<time>2009-05-07T08:51:45.009Z</time>
</trkpt>
<trkpt lat="44.8075200" lon="9.1417000">
<ele>570.677063</ele>
<time>2009-05-07T08:51:54.000Z</time>
</trkpt>
<trkpt lat="44.8076100" lon="9.1417970">
<ele>571.652405</ele>
<time>2009-05-07T08:52:03.006Z</time>
</trkpt>
<trkpt lat="44.8076480" lon="9.1419580">
<ele>572.597290</ele>
<time>2009-05-07T08:52:14.002Z</time>
</trkpt>
<trkpt lat="44.8076630" lon="9.1421190">
<ele>574.517517</ele>
<time>2009-05-07T08:52:23.008Z</time>
</trkpt>
<trkpt lat="44.8076320" lon="9.1422360">
<ele>575.005188</ele>
<time>2009-05-07T08:52:31.009Z</time>
</trkpt>
<trkpt lat="44.8075300" lon="9.1421300">
<ele>576.437744</ele>
<time>2009-05-07T08:52:41.002Z</time>
</trkpt>
<trkpt lat="44.8074700" lon="9.1420100">
<ele>575.980530</ele>
<time>2009-05-07T08:52:49.002Z</time>
</trkpt>
<trkpt lat="44.8074000" lon="9.1419200">
<ele>576.925476</ele>
<time>2009-05-07T08:52:56.001Z</time>
</trkpt>
<trkpt lat="44.8073200" lon="9.1418700">
<ele>576.925476</ele>
<time>2009-05-07T08:53:02.009Z</time>
</trkpt>
<trkpt lat="44.8072200" lon="9.1418800">
<ele>577.900818</ele>
<time>2009-05-07T08:53:11.000Z</time>
</trkpt>
<trkpt lat="44.8071400" lon="9.1419200">
<ele>578.845642</ele>
<time>2009-05-07T08:53:19.000Z</time>
</trkpt>
<trkpt lat="44.8070600" lon="9.1418500">
<ele>580.278259</ele>
<time>2009-05-07T08:53:28.003Z</time>
</trkpt>
<trkpt lat="44.8070200" lon="9.1417300">
<ele>581.253601</ele>
<time>2009-05-07T08:53:36.004Z</time>
</trkpt>
<trkpt lat="44.8069700" lon="9.1416200">
<ele>581.741272</ele>
<time>2009-05-07T08:53:43.006Z</time>
</trkpt>
<trkpt lat="44.8069100" lon="9.1415000">
<ele>582.686157</ele>
<time>2009-05-07T08:53:51.006Z</time>
</trkpt>
<trkpt lat="44.8068500" lon="9.1414100">
<ele>584.149170</ele>
<time>2009-05-07T08:53:59.007Z</time>
</trkpt>
<trkpt lat="44.8068000" lon="9.1413100">
<ele>585.581726</ele>
<time>2009-05-07T08:54:26.004Z</time>
</trkpt>
<trkpt lat="44.8067600" lon="9.1411800">
<ele>586.526672</ele>
<time>2009-05-07T08:55:20.004Z</time>
</trkpt>
<trkpt lat="44.8067100" lon="9.1410400">
<ele>587.014343</ele>
<time>2009-05-07T08:55:28.008Z</time>
</trkpt>
<trkpt lat="44.8066700" lon="9.1409200">
<ele>588.477356</ele>
<time>2009-05-07T08:55:36.008Z</time>
</trkpt>
<trkpt lat="44.8066100" lon="9.1410100">
<ele>590.397583</ele>
<time>2009-05-07T08:55:46.001Z</time>
</trkpt>
<trkpt lat="44.8066500" lon="9.1411200">
<ele>590.397583</ele>
<time>2009-05-07T08:55:51.007Z</time>
</trkpt>
<trkpt lat="44.8066900" lon="9.1412500">
<ele>589.909912</ele>
<time>2009-05-07T08:55:58.006Z</time>
</trkpt>
<trkpt lat="44.8067100" lon="9.1413800">
<ele>590.397583</ele>
<time>2009-05-07T08:56:06.003Z</time>
</trkpt>
<trkpt lat="44.8067300" lon="9.1415000">
<ele>590.397583</ele>
<time>2009-05-07T08:56:11.009Z</time>
</trkpt>
<trkpt lat="44.8067500" lon="9.1416400">
<ele>590.854797</ele>
<time>2009-05-07T08:56:18.007Z</time>
</trkpt>
<trkpt lat="44.8067700" lon="9.1417700">
<ele>590.854797</ele>
<time>2009-05-07T08:56:25.006Z</time>
</trkpt>
<trkpt lat="44.8067800" lon="9.1418900">
<ele>591.342468</ele>
<time>2009-05-07T08:56:33.003Z</time>
</trkpt>
<trkpt lat="44.8067900" lon="9.1420300">
<ele>591.830139</ele>
<time>2009-05-07T08:56:41.004Z</time>
</trkpt>
<trkpt lat="44.8068000" lon="9.1421500">
<ele>593.750427</ele>
<time>2009-05-07T08:56:49.004Z</time>
</trkpt>
<trkpt lat="44.8068200" lon="9.1422800">
<ele>594.725769</ele>
<time>2009-05-07T08:56:56.006Z</time>
</trkpt>
<trkpt lat="44.8068700" lon="9.1424000">
<ele>596.645996</ele>
<time>2009-05-07T08:57:04.007Z</time>
</trkpt>
<trkpt lat="44.8069100" lon="9.1425300">
<ele>598.566284</ele>
<time>2009-05-07T08:57:12.007Z</time>
</trkpt>
<trkpt lat="44.8069400" lon="9.1426500">
<ele>599.023438</ele>
<time>2009-05-07T08:57:20.008Z</time>
</trkpt>
<trkpt lat="44.8069900" lon="9.1427800">
<ele>599.998779</ele>
<time>2009-05-07T08:57:30.001Z</time>
</trkpt>
<trkpt lat="44.8070200" lon="9.1429000">
<ele>599.511108</ele>
<time>2009-05-07T08:57:38.002Z</time>
</trkpt>
<trkpt lat="44.8070400" lon="9.1430300">
<ele>600.974121</ele>
<time>2009-05-07T08:57:46.006Z</time>
</trkpt>
<trkpt lat="44.8070700" lon="9.1431600">
<ele>602.406738</ele>
<time>2009-05-07T08:57:55.009Z</time>
</trkpt>
<trkpt lat="44.8070900" lon="9.1432900">
<ele>603.351624</ele>
<time>2009-05-07T08:58:03.009Z</time>
</trkpt>
<trkpt lat="44.8071200" lon="9.1434200">
<ele>604.326965</ele>
<time>2009-05-07T08:58:12.000Z</time>
</trkpt>
<trkpt lat="44.8070800" lon="9.1435500">
<ele>605.759521</ele>
<time>2009-05-07T08:58:21.003Z</time>
</trkpt>
<trkpt lat="44.8070000" lon="9.1436500">
<ele>606.734863</ele>
<time>2009-05-07T08:58:29.007Z</time>
</trkpt>
<trkpt lat="44.8069100" lon="9.1437000">
<ele>607.679749</ele>
<time>2009-05-07T08:58:39.000Z</time>
</trkpt>
<trkpt lat="44.8068000" lon="9.1437200">
<ele>608.655151</ele>
<time>2009-05-07T08:58:48.003Z</time>
</trkpt>
<trkpt lat="44.8067200" lon="9.1437400">
<ele>609.599976</ele>
<time>2009-05-07T08:58:56.004Z</time>
</trkpt>
<trkpt lat="44.8066100" lon="9.1437800">
<ele>610.087646</ele>
<time>2009-05-07T08:59:04.004Z</time>
</trkpt>
<trkpt lat="44.8065200" lon="9.1438200">
<ele>610.575317</ele>
<time>2009-05-07T08:59:11.003Z</time>
</trkpt>
<trkpt lat="44.8064200" lon="9.1438800">
<ele>611.550720</ele>
<time>2009-05-07T08:59:19.003Z</time>
</trkpt>
<trkpt lat="44.8063300" lon="9.1439200">
<ele>612.007935</ele>
<time>2009-05-07T08:59:26.002Z</time>
</trkpt>
<trkpt lat="44.8062400" lon="9.1439500">
<ele>611.550720</ele>
<time>2009-05-07T08:59:34.006Z</time>
</trkpt>
<trkpt lat="44.8061400" lon="9.1439500">
<ele>611.550720</ele>
<time>2009-05-07T08:59:42.003Z</time>
</trkpt>
<trkpt lat="44.8060500" lon="9.1439900">
<ele>612.007935</ele>
<time>2009-05-07T08:59:49.001Z</time>
</trkpt>
<trkpt lat="44.8059500" lon="9.1439900">
<ele>612.495605</ele>
<time>2009-05-07T08:59:58.004Z</time>
</trkpt>
<trkpt lat="44.8058600" lon="9.1440100">
<ele>613.470947</ele>
<time>2009-05-07T09:00:05.006Z</time>
</trkpt>
<trkpt lat="44.8057600" lon="9.1440400">
<ele>614.903503</ele>
<time>2009-05-07T09:00:13.007Z</time>
</trkpt>
<trkpt lat="44.8056700" lon="9.1440800">
<ele>615.391174</ele>
<time>2009-05-07T09:00:28.006Z</time>
</trkpt>
<trkpt lat="44.8055900" lon="9.1441400">
<ele>615.848389</ele>
<time>2009-05-07T09:00:37.009Z</time>
</trkpt>
<trkpt lat="44.8055100" lon="9.1442100">
<ele>617.799133</ele>
<time>2009-05-07T09:00:47.002Z</time>
</trkpt>
<trkpt lat="44.8054200" lon="9.1442900">
<ele>620.176575</ele>
<time>2009-05-07T09:00:58.000Z</time>
</trkpt>
<trkpt lat="44.8053500" lon="9.1443600">
<ele>621.639587</ele>
<time>2009-05-07T09:01:11.004Z</time>
</trkpt>
<trkpt lat="44.8052600" lon="9.1444500">
<ele>621.639587</ele>
<time>2009-05-07T09:01:33.001Z</time>
</trkpt>
<trkpt lat="44.8051700" lon="9.1445300">
<ele>623.072144</ele>
<time>2009-05-07T09:01:49.002Z</time>
</trkpt>
<trkpt lat="44.8050800" lon="9.1446100">
<ele>624.047546</ele>
<time>2009-05-07T09:01:58.009Z</time>
</trkpt>
<trkpt lat="44.8050000" lon="9.1446900">
<ele>624.992371</ele>
<time>2009-05-07T09:02:09.004Z</time>
</trkpt>
<trkpt lat="44.8049200" lon="9.1447500">
<ele>624.504700</ele>
<time>2009-05-07T09:02:17.008Z</time>
</trkpt>
<trkpt lat="44.8048600" lon="9.1448200">
<ele>624.992371</ele>
<time>2009-05-07T09:02:27.001Z</time>
</trkpt>
<trkpt lat="44.8047500" lon="9.1449000">
<ele>625.480103</ele>
<time>2009-05-07T09:04:17.009Z</time>
</trkpt>
<trkpt lat="44.8046600" lon="9.1449400">
<ele>626.424927</ele>
<time>2009-05-07T09:04:26.000Z</time>
</trkpt>
<trkpt lat="44.8045700" lon="9.1449600">
<ele>627.400269</ele>
<time>2009-05-07T09:04:34.000Z</time>
</trkpt>
<trkpt lat="44.8044800" lon="9.1449800">
<ele>628.832886</ele>
<time>2009-05-07T09:04:43.003Z</time>
</trkpt>
<trkpt lat="44.8043900" lon="9.1450200">
<ele>629.808228</ele>
<time>2009-05-07T09:04:53.000Z</time>
</trkpt>
<trkpt lat="44.8043100" lon="9.1450500">
<ele>630.295898</ele>
<time>2009-05-07T09:05:10.003Z</time>
</trkpt>
<trkpt lat="44.8042100" lon="9.1450900">
<ele>632.216125</ele>
<time>2009-05-07T09:05:21.002Z</time>
</trkpt>
<trkpt lat="44.8041400" lon="9.1451300">
<ele>633.648682</ele>
<time>2009-05-07T09:05:40.001Z</time>
</trkpt>
<trkpt lat="44.8040700" lon="9.1451600">
<ele>636.544312</ele>
<time>2009-05-07T09:06:08.007Z</time>
</trkpt>
<trkpt lat="44.8039800" lon="9.1452300">
<ele>636.056641</ele>
<time>2009-05-07T09:06:27.006Z</time>
</trkpt>
<trkpt lat="44.8039100" lon="9.1453200">
<ele>636.544312</ele>
<time>2009-05-07T09:06:39.007Z</time>
</trkpt>
<trkpt lat="44.8038500" lon="9.1454200">
<ele>637.976929</ele>
<time>2009-05-07T09:06:50.003Z</time>
</trkpt>
<trkpt lat="44.8038000" lon="9.1454900">
<ele>639.409485</ele>
<time>2009-05-07T09:07:03.009Z</time>
</trkpt>
<trkpt lat="44.8037300" lon="9.1455800">
<ele>640.841980</ele>
<time>2009-05-07T09:08:07.002Z</time>
</trkpt>
<trkpt lat="44.8036500" lon="9.1456700">
<ele>643.249878</ele>
<time>2009-05-07T09:08:15.006Z</time>
</trkpt>
<trkpt lat="44.8035700" lon="9.1457500">
<ele>644.225281</ele>
<time>2009-05-07T09:08:23.007Z</time>
</trkpt>
<trkpt lat="44.8035000" lon="9.1458200">
<ele>644.225281</ele>
<time>2009-05-07T09:08:31.008Z</time>
</trkpt>
<trkpt lat="44.8034200" lon="9.1459300">
<ele>644.712952</ele>
<time>2009-05-07T09:08:41.001Z</time>
</trkpt>
<trkpt lat="44.8033700" lon="9.1460700">
<ele>645.170166</ele>
<time>2009-05-07T09:08:49.001Z</time>
</trkpt>
<trkpt lat="44.8033400" lon="9.1462100">
<ele>645.657837</ele>
<time>2009-05-07T09:08:56.000Z</time>
</trkpt>
<trkpt lat="44.8033300" lon="9.1463400">
<ele>646.633179</ele>
<time>2009-05-07T09:09:02.008Z</time>
</trkpt>
<trkpt lat="44.8033100" lon="9.1464700">
<ele>646.145508</ele>
<time>2009-05-07T09:09:09.006Z</time>
</trkpt>
<trkpt lat="44.8032800" lon="9.1466000">
<ele>647.090393</ele>
<time>2009-05-07T09:09:17.007Z</time>
</trkpt>
<trkpt lat="44.8032200" lon="9.1467200">
<ele>649.041077</ele>
<time>2009-05-07T09:09:25.008Z</time>
</trkpt>
<trkpt lat="44.8031700" lon="9.1468300">
<ele>649.041077</ele>
<time>2009-05-07T09:09:32.006Z</time>
</trkpt>
<trkpt lat="44.8031100" lon="9.1469300">
<ele>650.961365</ele>
<time>2009-05-07T09:09:40.007Z</time>
</trkpt>
<trkpt lat="44.8030700" lon="9.1470500">
<ele>651.906250</ele>
<time>2009-05-07T09:09:48.007Z</time>
</trkpt>
<trkpt lat="44.8030300" lon="9.1471800">
<ele>651.418518</ele>
<time>2009-05-07T09:09:56.008Z</time>
</trkpt>
<trkpt lat="44.8030000" lon="9.1472900">
<ele>651.418518</ele>
<time>2009-05-07T09:10:38.007Z</time>
</trkpt>
<trkpt lat="44.8029900" lon="9.1474200">
<ele>650.473694</ele>
<time>2009-05-07T09:10:46.008Z</time>
</trkpt>
<trkpt lat="44.8030300" lon="9.1475500">
<ele>651.906250</ele>
<time>2009-05-07T09:11:20.006Z</time>
</trkpt>
<trkpt lat="44.8030900" lon="9.1476600">
<ele>651.906250</ele>
<time>2009-05-07T09:11:28.007Z</time>
</trkpt>
<trkpt lat="44.8031700" lon="9.1477500">
<ele>651.906250</ele>
<time>2009-05-07T09:11:36.007Z</time>
</trkpt>
<trkpt lat="44.8032700" lon="9.1478000">
<ele>652.881592</ele>
<time>2009-05-07T09:11:44.008Z</time>
</trkpt>
<trkpt lat="44.8033500" lon="9.1478500">
<ele>652.881592</ele>
<time>2009-05-07T09:11:52.009Z</time>
</trkpt>
<trkpt lat="44.8034400" lon="9.1478600">
<ele>653.826538</ele>
<time>2009-05-07T09:12:00.009Z</time>
</trkpt>
<trkpt lat="44.8035200" lon="9.1478700">
<ele>653.338806</ele>
<time>2009-05-07T09:12:10.002Z</time>
</trkpt>
<trkpt lat="44.8035600" lon="9.1479500">
<ele>652.393860</ele>
<time>2009-05-07T09:12:52.001Z</time>
</trkpt>
<trkpt lat="44.8035700" lon="9.1481000">
<ele>650.961365</ele>
<time>2009-05-07T09:13:01.004Z</time>
</trkpt>
<trkpt lat="44.8035700" lon="9.1482200">
<ele>649.498291</ele>
<time>2009-05-07T09:13:08.003Z</time>
</trkpt>
<trkpt lat="44.8035800" lon="9.1483600">
<ele>648.553467</ele>
<time>2009-05-07T09:13:16.003Z</time>
</trkpt>
<trkpt lat="44.8036100" lon="9.1484800">
<ele>647.578125</ele>
<time>2009-05-07T09:13:24.004Z</time>
</trkpt>
<trkpt lat="44.8036200" lon="9.1486200">
<ele>646.145508</ele>
<time>2009-05-07T09:13:31.006Z</time>
</trkpt>
<trkpt lat="44.8036400" lon="9.1487600">
<ele>644.712952</ele>
<time>2009-05-07T09:13:39.006Z</time>
</trkpt>
<trkpt lat="44.8036500" lon="9.1489000">
<ele>644.712952</ele>
<time>2009-05-07T09:13:47.007Z</time>
</trkpt>
<trkpt lat="44.8036830" lon="9.1490360">
<ele>643.737610</ele>
<time>2009-05-07T09:13:57.000Z</time>
</trkpt>
<trkpt lat="44.8036830" lon="9.1491750">
<ele>643.249878</ele>
<time>2009-05-07T09:14:06.003Z</time>
</trkpt>
<trkpt lat="44.8036670" lon="9.1493140">
<ele>643.249878</ele>
<time>2009-05-07T09:14:22.004Z</time>
</trkpt>
<trkpt lat="44.8035990" lon="9.1494000">
<ele>643.737610</ele>
<time>2009-05-07T09:17:04.004Z</time>
</trkpt>
<trkpt lat="44.8035380" lon="9.1494530">
<ele>643.737610</ele>
<time>2009-05-07T09:17:12.008Z</time>
</trkpt>
<trkpt lat="44.8034700" lon="9.1495400">
<ele>643.737610</ele>
<time>2009-05-07T09:17:20.009Z</time>
</trkpt>
<trkpt lat="44.8033600" lon="9.1495500">
<ele>642.792664</ele>
<time>2009-05-07T09:17:30.002Z</time>
</trkpt>
<trkpt lat="44.8032700" lon="9.1495000">
<ele>641.329712</ele>
<time>2009-05-07T09:17:37.000Z</time>
</trkpt>
<trkpt lat="44.8031900" lon="9.1494200">
<ele>640.841980</ele>
<time>2009-05-07T09:17:43.009Z</time>
</trkpt>
<trkpt lat="44.8031100" lon="9.1493400">
<ele>641.329712</ele>
<time>2009-05-07T09:17:50.007Z</time>
</trkpt>
<trkpt lat="44.8030500" lon="9.1492500">
<ele>640.384827</ele>
<time>2009-05-07T09:17:58.004Z</time>
</trkpt>
<trkpt lat="44.8029700" lon="9.1491600">
<ele>640.384827</ele>
<time>2009-05-07T09:18:05.006Z</time>
</trkpt>
<trkpt lat="44.8028900" lon="9.1490600">
<ele>639.409485</ele>
<time>2009-05-07T09:18:13.007Z</time>
</trkpt>
<trkpt lat="44.8028200" lon="9.1489800">
<ele>638.921753</ele>
<time>2009-05-07T09:18:21.004Z</time>
</trkpt>
<trkpt lat="44.8027400" lon="9.1489000">
<ele>637.976929</ele>
<time>2009-05-07T09:18:28.002Z</time>
</trkpt>
<trkpt lat="44.8026600" lon="9.1488200">
<ele>637.489197</ele>
<time>2009-05-07T09:18:35.001Z</time>
</trkpt>
<trkpt lat="44.8025800" lon="9.1487600">
<ele>637.001465</ele>
<time>2009-05-07T09:18:41.009Z</time>
</trkpt>
<trkpt lat="44.8024900" lon="9.1486800">
<ele>635.568970</ele>
<time>2009-05-07T09:18:50.000Z</time>
</trkpt>
<trkpt lat="44.8024200" lon="9.1486100">
<ele>635.081299</ele>
<time>2009-05-07T09:18:56.008Z</time>
</trkpt>
<trkpt lat="44.8023600" lon="9.1485200">
<ele>634.136414</ele>
<time>2009-05-07T09:19:11.007Z</time>
</trkpt>
<trkpt lat="44.8022900" lon="9.1484300">
<ele>634.136414</ele>
<time>2009-05-07T09:19:19.004Z</time>
</trkpt>
<trkpt lat="44.8022440" lon="9.1483040">
<ele>633.648682</ele>
<time>2009-05-07T09:19:26.003Z</time>
</trkpt>
<trkpt lat="44.8021900" lon="9.1481860">
<ele>634.136414</ele>
<time>2009-05-07T09:19:44.000Z</time>
</trkpt>
<trkpt lat="44.8021140" lon="9.1480900">
<ele>634.136414</ele>
<time>2009-05-07T09:19:57.003Z</time>
</trkpt>
<trkpt lat="44.8020100" lon="9.1480300">
<ele>635.568970</ele>
<time>2009-05-07T09:20:05.004Z</time>
</trkpt>
<trkpt lat="44.8019300" lon="9.1479700">
<ele>636.056641</ele>
<time>2009-05-07T09:20:13.004Z</time>
</trkpt>
<trkpt lat="44.8018300" lon="9.1479300">
<ele>637.001465</ele>
<time>2009-05-07T09:20:20.006Z</time>
</trkpt>
<trkpt lat="44.8017400" lon="9.1479100">
<ele>638.464539</ele>
<time>2009-05-07T09:20:28.007Z</time>
</trkpt>
<trkpt lat="44.8016500" lon="9.1479100">
<ele>638.464539</ele>
<time>2009-05-07T09:20:36.007Z</time>
</trkpt>
<trkpt lat="44.8015500" lon="9.1479100">
<ele>638.464539</ele>
<time>2009-05-07T09:20:44.008Z</time>
</trkpt>
<trkpt lat="44.8014400" lon="9.1478900">
<ele>638.464539</ele>
<time>2009-05-07T09:20:52.009Z</time>
</trkpt>
<trkpt lat="44.8013600" lon="9.1478400">
<ele>637.489197</ele>
<time>2009-05-07T09:20:59.007Z</time>
</trkpt>
<trkpt lat="44.8012800" lon="9.1477700">
<ele>637.489197</ele>
<time>2009-05-07T09:21:07.004Z</time>
</trkpt>
<trkpt lat="44.8012000" lon="9.1477000">
<ele>636.544312</ele>
<time>2009-05-07T09:21:14.003Z</time>
</trkpt>
<trkpt lat="44.8011200" lon="9.1476400">
<ele>636.056641</ele>
<time>2009-05-07T09:21:21.001Z</time>
</trkpt>
<trkpt lat="44.8010710" lon="9.1476700">
<ele>635.568970</ele>
<time>2009-05-07T09:21:27.009Z</time>
</trkpt>
<trkpt lat="44.8009000" lon="9.1479500">
<ele>638.921753</ele>
<time>2009-05-07T09:24:00.003Z</time>
</trkpt>
<trkpt lat="44.8009200" lon="9.1480700">
<ele>639.897095</ele>
<time>2009-05-07T09:24:09.009Z</time>
</trkpt>
<trkpt lat="44.8009200" lon="9.1481800">
<ele>643.737610</ele>
<time>2009-05-07T09:24:23.006Z</time>
</trkpt>
<trkpt lat="44.8009000" lon="9.1483200">
<ele>647.090393</ele>
<time>2009-05-07T09:24:45.000Z</time>
</trkpt>
<trkpt lat="44.8009200" lon="9.1484600">
<ele>651.418518</ele>
<time>2009-05-07T09:24:58.007Z</time>
</trkpt>
<trkpt lat="44.8009100" lon="9.1485900">
<ele>653.826538</ele>
<time>2009-05-07T09:25:14.008Z</time>
</trkpt>
<trkpt lat="44.8007300" lon="9.1485700">
<ele>657.666931</ele>
<time>2009-05-07T09:25:40.002Z</time>
</trkpt>
<trkpt lat="44.8006200" lon="9.1484500">
<ele>659.587219</ele>
<time>2009-05-07T09:26:07.002Z</time>
</trkpt>
<trkpt lat="44.8005400" lon="9.1484000">
<ele>661.050232</ele>
<time>2009-05-07T09:26:22.001Z</time>
</trkpt>
<trkpt lat="44.8004140" lon="9.1483640">
<ele>663.915344</ele>
<time>2009-05-07T09:26:35.008Z</time>
</trkpt>
<trkpt lat="44.8003300" lon="9.1483210">
<ele>666.810974</ele>
<time>2009-05-07T09:26:50.007Z</time>
</trkpt>
<trkpt lat="44.8002080" lon="9.1483530">
<ele>667.786316</ele>
<time>2009-05-07T09:27:01.006Z</time>
</trkpt>
<trkpt lat="44.8001170" lon="9.1483740">
<ele>669.706543</ele>
<time>2009-05-07T09:27:13.003Z</time>
</trkpt>
<trkpt lat="44.8000100" lon="9.1483630">
<ele>672.083984</ele>
<time>2009-05-07T09:27:24.002Z</time>
</trkpt>
<trkpt lat="44.7999270" lon="9.1483410">
<ele>673.547058</ele>
<time>2009-05-07T09:27:33.008Z</time>
</trkpt>
<trkpt lat="44.7998120" lon="9.1483190">
<ele>675.954956</ele>
<time>2009-05-07T09:27:45.009Z</time>
</trkpt>
<trkpt lat="44.7997280" lon="9.1482660">
<ele>677.387512</ele>
<time>2009-05-07T09:27:56.008Z</time>
</trkpt>
<trkpt lat="44.7996290" lon="9.1482330">
<ele>679.795471</ele>
<time>2009-05-07T09:28:12.009Z</time>
</trkpt>
<trkpt lat="44.7995230" lon="9.1481800">
<ele>681.228027</ele>
<time>2009-05-07T09:28:26.003Z</time>
</trkpt>
<trkpt lat="44.7994470" lon="9.1481470">
<ele>683.148254</ele>
<time>2009-05-07T09:28:37.001Z</time>
</trkpt>
<trkpt lat="44.7993630" lon="9.1480930">
<ele>684.611328</ele>
<time>2009-05-07T09:28:48.000Z</time>
</trkpt>
<trkpt lat="44.7992790" lon="9.1480400">
<ele>686.043884</ele>
<time>2009-05-07T09:29:04.001Z</time>
</trkpt>
<trkpt lat="44.7992100" lon="9.1479700">
<ele>688.451721</ele>
<time>2009-05-07T09:29:54.001Z</time>
</trkpt>
<trkpt lat="44.7991300" lon="9.1478900">
<ele>689.396667</ele>
<time>2009-05-07T09:30:05.000Z</time>
</trkpt>
<trkpt lat="44.7990700" lon="9.1477900">
<ele>689.884277</ele>
<time>2009-05-07T09:30:14.006Z</time>
</trkpt>
<trkpt lat="44.7990100" lon="9.1477000">
<ele>692.779907</ele>
<time>2009-05-07T09:30:26.007Z</time>
</trkpt>
<trkpt lat="44.7989200" lon="9.1476500">
<ele>696.132690</ele>
<time>2009-05-07T09:30:41.003Z</time>
</trkpt>
<trkpt lat="44.7988430" lon="9.1476710">
<ele>697.565308</ele>
<time>2009-05-07T09:31:05.008Z</time>
</trkpt>
<trkpt lat="44.7987520" lon="9.1476920">
<ele>697.565308</ele>
<time>2009-05-07T09:31:13.009Z</time>
</trkpt>
<trkpt lat="44.7986750" lon="9.1476920">
<ele>697.565308</ele>
<time>2009-05-07T09:31:21.009Z</time>
</trkpt>
<trkpt lat="44.7985760" lon="9.1477030">
<ele>698.052917</ele>
<time>2009-05-07T09:31:32.008Z</time>
</trkpt>
<trkpt lat="44.7984770" lon="9.1477560">
<ele>699.485474</ele>
<time>2009-05-07T09:31:53.000Z</time>
</trkpt>
<trkpt lat="44.7984300" lon="9.1477300">
<ele>698.052917</ele>
<time>2009-05-07T09:32:17.002Z</time>
</trkpt>
<trkpt lat="44.7983700" lon="9.1476200">
<ele>697.108093</ele>
<time>2009-05-07T09:32:25.006Z</time>
</trkpt>
<trkpt lat="44.7983200" lon="9.1475100">
<ele>697.108093</ele>
<time>2009-05-07T09:32:33.006Z</time>
</trkpt>
<trkpt lat="44.7982500" lon="9.1474400">
<ele>696.620422</ele>
<time>2009-05-07T09:32:41.004Z</time>
</trkpt>
<trkpt lat="44.7981600" lon="9.1474100">
<ele>694.700134</ele>
<time>2009-05-07T09:32:56.006Z</time>
</trkpt>
<trkpt lat="44.7980600" lon="9.1474500">
<ele>694.212524</ele>
<time>2009-05-07T09:33:05.009Z</time>
</trkpt>
<trkpt lat="44.7979670" lon="9.1474760">
<ele>692.292236</ele>
<time>2009-05-07T09:33:15.002Z</time>
</trkpt>
<trkpt lat="44.7978910" lon="9.1475080">
<ele>690.859680</ele>
<time>2009-05-07T09:33:27.003Z</time>
</trkpt>
<trkpt lat="44.7977910" lon="9.1475290">
<ele>688.451721</ele>
<time>2009-05-07T09:33:36.009Z</time>
</trkpt>
<trkpt lat="44.7977150" lon="9.1474860">
<ele>686.043884</ele>
<time>2009-05-07T09:33:51.008Z</time>
</trkpt>
<trkpt lat="44.7976600" lon="9.1474300">
<ele>684.611328</ele>
<time>2009-05-07T09:34:02.004Z</time>
</trkpt>
<trkpt lat="44.7976200" lon="9.1472900">
<ele>683.635864</ele>
<time>2009-05-07T09:34:13.006Z</time>
</trkpt>
<trkpt lat="44.7975500" lon="9.1471800">
<ele>682.203369</ele>
<time>2009-05-07T09:34:21.006Z</time>
</trkpt>
<trkpt lat="44.7974600" lon="9.1471500">
<ele>682.203369</ele>
<time>2009-05-07T09:34:29.004Z</time>
</trkpt>
<trkpt lat="44.7973700" lon="9.1471800">
<ele>680.740295</ele>
<time>2009-05-07T09:34:36.002Z</time>
</trkpt>
<trkpt lat="44.7972800" lon="9.1472300">
<ele>680.283081</ele>
<time>2009-05-07T09:34:44.003Z</time>
</trkpt>
<trkpt lat="44.7972000" lon="9.1472800">
<ele>679.795471</ele>
<time>2009-05-07T09:34:51.001Z</time>
</trkpt>
<trkpt lat="44.7971100" lon="9.1473300">
<ele>678.332397</ele>
<time>2009-05-07T09:34:57.009Z</time>
</trkpt>
<trkpt lat="44.7970100" lon="9.1473800">
<ele>677.875183</ele>
<time>2009-05-07T09:35:04.008Z</time>
</trkpt>
<trkpt lat="44.7969100" lon="9.1474300">
<ele>677.387512</ele>
<time>2009-05-07T09:35:12.008Z</time>
</trkpt>
<trkpt lat="44.7968200" lon="9.1474700">
<ele>676.412170</ele>
<time>2009-05-07T09:35:19.007Z</time>
</trkpt>
<trkpt lat="44.7967200" lon="9.1475200">
<ele>675.954956</ele>
<time>2009-05-07T09:35:27.004Z</time>
</trkpt>
<trkpt lat="44.7966300" lon="9.1475700">
<ele>674.979614</ele>
<time>2009-05-07T09:35:34.006Z</time>
</trkpt>
<trkpt lat="44.7965400" lon="9.1476200">
<ele>674.034668</ele>
<time>2009-05-07T09:35:42.006Z</time>
</trkpt>
<trkpt lat="44.7964500" lon="9.1476800">
<ele>673.547058</ele>
<time>2009-05-07T09:35:50.007Z</time>
</trkpt>
<trkpt lat="44.7963600" lon="9.1477400">
<ele>672.571716</ele>
<time>2009-05-07T09:36:00.000Z</time>
</trkpt>
<trkpt lat="44.7962670" lon="9.1477930">
<ele>672.571716</ele>
<time>2009-05-07T09:36:12.001Z</time>
</trkpt>
<trkpt lat="44.7962210" lon="9.1478680">
<ele>672.083984</ele>
<time>2009-05-07T09:36:21.007Z</time>
</trkpt>
<trkpt lat="44.7961440" lon="9.1479210">
<ele>672.083984</ele>
<time>2009-05-08T11:22:44.008Z</time>
</trkpt>
<trkpt lat="44.7961060" lon="9.1479750">
<ele>672.083984</ele>
<time>2009-05-08T11:22:46.005Z</time>
</trkpt>
<trkpt lat="44.7960380" lon="9.1480390">
<ele>672.083984</ele>
<time>2009-05-08T11:22:47.006Z</time>
</trkpt>
<trkpt lat="44.7959690" lon="9.1480710">
<ele>672.083984</ele>
<time>2009-05-08T11:22:48.005Z</time>
</trkpt>
<trkpt lat="44.7958930" lon="9.1480920">
<ele>672.083984</ele>
<time>2009-05-08T11:22:49.006Z</time>
</trkpt>
<trkpt lat="44.7957940" lon="9.1480700">
<ele>672.083984</ele>
<time>2009-05-08T11:22:50.004Z</time>
</trkpt>
<trkpt lat="44.7957250" lon="9.1480160">
<ele>672.083984</ele>
<time>2009-05-08T11:22:50.003Z</time>
</trkpt>
<trkpt lat="44.7956640" lon="9.1479730">
<ele>672.083984</ele>
<time>2009-05-08T11:22:51.003Z</time>
</trkpt>
<trkpt lat="44.7955960" lon="9.1479410">
<ele>672.083984</ele>
<time>2009-05-08T11:22:52.005Z</time>
</trkpt>
<trkpt lat="44.7955570" lon="9.1479950">
<ele>672.083984</ele>
<time>2009-05-08T11:22:53.004Z</time>
</trkpt>
<trkpt lat="44.7955730" lon="9.1481440">
<ele>672.083984</ele>
<time>2009-05-08T11:22:54.003Z</time>
</trkpt>
<trkpt lat="44.7955570" lon="9.1482840">
<ele>672.083984</ele>
<time>2009-05-08T11:22:55.000Z</time>
</trkpt>
<trkpt lat="44.7954960" lon="9.1483900">
<ele>672.083984</ele>
<time>2009-05-08T11:22:55.002Z</time>
</trkpt>
<trkpt lat="44.7953890" lon="9.1484650">
<ele>672.083984</ele>
<time>2009-05-08T11:22:56.009Z</time>
</trkpt>
<trkpt lat="44.7952750" lon="9.1486040">
<ele>672.083984</ele>
<time>2009-05-08T11:22:57.008Z</time>
</trkpt>
<trkpt lat="44.7952060" lon="9.1486680">
<ele>672.083984</ele>
<time>2009-05-08T11:23:00.006Z</time>
</trkpt>
<trkpt lat="44.7951450" lon="9.1487430">
<ele>672.083984</ele>
<time>2009-05-08T11:23:01.005Z</time>
</trkpt>
<trkpt lat="44.7950610" lon="9.1488500">
<ele>672.083984</ele>
<time>2009-05-08T11:23:02.000Z</time>
</trkpt>
<trkpt lat="44.7949770" lon="9.1489460">
<ele>672.083984</ele>
<time>2009-05-08T11:23:04.003Z</time>
</trkpt>
<trkpt lat="44.7948700" lon="9.1490420">
<ele>672.083984</ele>
<time>2009-05-08T11:23:04.009Z</time>
</trkpt>
<trkpt lat="44.7947710" lon="9.1491490">
<ele>672.083984</ele>
<time>2009-05-08T11:23:06.001Z</time>
</trkpt>
<trkpt lat="44.7946870" lon="9.1492130">
<ele>672.083984</ele>
<time>2009-05-08T11:23:07.003Z</time>
</trkpt>
<trkpt lat="44.7945800" lon="9.1492440">
<ele>672.083984</ele>
<time>2009-05-08T11:23:07.005Z</time>
</trkpt>
<trkpt lat="44.7944960" lon="9.1492440">
<ele>672.083984</ele>
<time>2009-05-08T11:23:09.006Z</time>
</trkpt>
<trkpt lat="44.7943970" lon="9.1492330">
<ele>672.083984</ele>
<time>2009-05-08T11:23:10.004Z</time>
</trkpt>
<trkpt lat="44.7943210" lon="9.1492650">
<ele>672.083984</ele>
<time>2009-05-08T11:23:11.002Z</time>
</trkpt>
<trkpt lat="44.7942600" lon="9.1492650">
<ele>672.083984</ele>
<time>2009-05-08T11:23:11.008Z</time>
</trkpt>
<trkpt lat="44.7941840" lon="9.1493080">
<ele>672.083984</ele>
<time>2009-05-08T11:23:12.002Z</time>
</trkpt>
<trkpt lat="44.7941230" lon="9.1492970">
<ele>672.083984</ele>
<time>2009-05-08T11:23:14.008Z</time>
</trkpt>
<trkpt lat="44.7940540" lon="9.1492540">
<ele>672.083984</ele>
<time>2009-05-08T11:23:17.004Z</time>
</trkpt>
<trkpt lat="44.7939700" lon="9.1491890">
<ele>672.083984</ele>
<time>2009-05-08T11:23:19.004Z</time>
</trkpt>
<trkpt lat="44.7938870" lon="9.1491460">
<ele>672.083984</ele>
<time>2009-05-08T11:23:20.004Z</time>
</trkpt>
<trkpt lat="44.7937800" lon="9.1491250">
<ele>672.083984</ele>
<time>2009-05-08T11:23:21.008Z</time>
</trkpt>
<trkpt lat="44.7936890" lon="9.1490920">
<ele>672.083984</ele>
<time>2009-05-08T11:23:23.000Z</time>
</trkpt>
<trkpt lat="44.7935890" lon="9.1490810">
<ele>672.083984</ele>
<time>2009-05-08T11:23:24.001Z</time>
</trkpt>
<trkpt lat="44.7935060" lon="9.1491020">
<ele>672.083984</ele>
<time>2009-05-08T11:23:25.005Z</time>
</trkpt>
<trkpt lat="44.7934220" lon="9.1491020">
<ele>672.083984</ele>
<time>2009-05-08T11:23:31.003Z</time>
</trkpt>
<trkpt lat="44.7933300" lon="9.1491020">
<ele>672.083984</ele>
<time>2009-05-08T11:23:33.007Z</time>
</trkpt>
<trkpt lat="44.7932460" lon="9.1491020">
<ele>672.083984</ele>
<time>2009-05-08T11:23:35.003Z</time>
</trkpt>
<trkpt lat="44.7931700" lon="9.1490910">
<ele>672.083984</ele>
<time>2009-05-08T11:23:36.002Z</time>
</trkpt>
<trkpt lat="44.7930640" lon="9.1491010">
<ele>672.083984</ele>
<time>2009-05-08T11:23:37.002Z</time>
</trkpt>
<trkpt lat="44.7929570" lon="9.1490900">
<ele>672.083984</ele>
<time>2009-05-08T11:23:38.001Z</time>
</trkpt>
<trkpt lat="44.7928500" lon="9.1490900">
<ele>672.083984</ele>
<time>2009-05-08T11:23:39.007Z</time>
</trkpt>
<trkpt lat="44.7927590" lon="9.1490790">
<ele>672.083984</ele>
<time>2009-05-08T11:23:39.000Z</time>
</trkpt>
<trkpt lat="44.7926670" lon="9.1491430">
<ele>672.083984</ele>
<time>2009-05-08T11:23:40.008Z</time>
</trkpt>
<trkpt lat="44.7925680" lon="9.1491960">
<ele>672.083984</ele>
<time>2009-05-08T11:23:42.004Z</time>
</trkpt>
<trkpt lat="44.7924380" lon="9.1492710">
<ele>672.083984</ele>
<time>2009-05-08T11:23:43.002Z</time>
</trkpt>
<trkpt lat="44.7923540" lon="9.1493140">
<ele>672.083984</ele>
<time>2009-05-08T11:23:44.007Z</time>
</trkpt>
<trkpt lat="44.7922400" lon="9.1493670">
<ele>672.083984</ele>
<time>2009-05-08T11:23:45.008Z</time>
</trkpt>
<trkpt lat="44.7921410" lon="9.1494520">
<ele>672.083984</ele>
<time>2009-05-08T11:23:47.004Z</time>
</trkpt>
<trkpt lat="44.7920570" lon="9.1494950">
<ele>672.083984</ele>
<time>2009-05-08T11:23:48.007Z</time>
</trkpt>
<trkpt lat="44.7919350" lon="9.1495690">
<ele>672.083984</ele>
<time>2009-05-08T11:23:50.004Z</time>
</trkpt>
<trkpt lat="44.7918280" lon="9.1496330">
<ele>672.083984</ele>
<time>2009-05-08T11:23:50.001Z</time>
</trkpt>
<trkpt lat="44.7917520" lon="9.1497510">
<ele>672.083984</ele>
<time>2009-05-08T11:23:52.003Z</time>
</trkpt>
<trkpt lat="44.7916830" lon="9.1498680">
<ele>672.083984</ele>
<time>2009-05-08T11:23:54.008Z</time>
</trkpt>
<trkpt lat="44.7916070" lon="9.1499650">
<ele>672.083984</ele>
<time>2009-05-08T11:23:55.004Z</time>
</trkpt>
<trkpt lat="44.7915150" lon="9.1500070">
<ele>672.083984</ele>
<time>2009-05-08T11:23:56.006Z</time>
</trkpt>
<trkpt lat="44.7913550" lon="9.1500070">
<ele>672.083984</ele>
<time>2009-05-08T11:23:57.001Z</time>
</trkpt>
<trkpt lat="44.7912560" lon="9.1499740">
<ele>672.083984</ele>
<time>2009-05-08T11:23:58.005Z</time>
</trkpt>
<trkpt lat="44.7911640" lon="9.1499210">
<ele>672.083984</ele>
<time>2009-05-08T11:23:59.009Z</time>
</trkpt>
<trkpt lat="44.7910880" lon="9.1498670">
<ele>672.083984</ele>
<time>2009-05-08T11:24:00.002Z</time>
</trkpt>
<trkpt lat="44.7910050" lon="9.1497810">
<ele>672.083984</ele>
<time>2009-05-08T11:24:01.007Z</time>
</trkpt>
<trkpt lat="44.7909210" lon="9.1497060">
<ele>672.083984</ele>
<time>2009-05-08T11:24:01.001Z</time>
</trkpt>
<trkpt lat="44.7908450" lon="9.1496090">
<ele>672.083984</ele>
<time>2009-05-08T11:24:03.001Z</time>
</trkpt>
<trkpt lat="44.7907840" lon="9.1494910">
<ele>672.083984</ele>
<time>2009-05-08T11:24:04.003Z</time>
</trkpt>
<trkpt lat="44.7907230" lon="9.1494060">
<ele>672.083984</ele>
<time>2009-05-08T11:24:05.006Z</time>
</trkpt>
<trkpt lat="44.7906470" lon="9.1493410">
<ele>672.083984</ele>
<time>2009-05-08T11:24:05.007Z</time>
</trkpt>
<trkpt lat="44.7905630" lon="9.1493090">
<ele>672.083984</ele>
<time>2009-05-08T11:24:06.004Z</time>
</trkpt>
<trkpt lat="44.7904720" lon="9.1492980">
<ele>672.083984</ele>
<time>2009-05-08T11:24:10.006Z</time>
</trkpt>
<trkpt lat="44.7903270" lon="9.1492870">
<ele>672.083984</ele>
<time>2009-05-08T11:24:10.008Z</time>
</trkpt>
<trkpt lat="44.7902130" lon="9.1492870">
<ele>672.083984</ele>
<time>2009-05-08T11:24:12.009Z</time>
</trkpt>
<trkpt lat="44.7901130" lon="9.1492540">
<ele>672.083984</ele>
<time>2009-05-08T11:24:13.006Z</time>
</trkpt>
<trkpt lat="44.7900300" lon="9.1492330">
<ele>672.083984</ele>
<time>2009-05-08T11:24:13.001Z</time>
</trkpt>
<trkpt lat="44.7899460" lon="9.1492220">
<ele>672.083984</ele>
<time>2009-05-08T11:24:14.009Z</time>
</trkpt>
<trkpt lat="44.7898930" lon="9.1491890">
<ele>672.083984</ele>
<time>2009-05-08T11:24:15.009Z</time>
</trkpt>
<trkpt lat="44.7898160" lon="9.1491040">
<ele>672.083984</ele>
<time>2009-05-08T11:24:15.001Z</time>
</trkpt>
<trkpt lat="44.7897400" lon="9.1490390">
<ele>672.083984</ele>
<time>2009-05-08T11:24:16.006Z</time>
</trkpt>
<trkpt lat="44.7896640" lon="9.1489750">
<ele>672.083984</ele>
<time>2009-05-08T11:24:17.003Z</time>
</trkpt>
<trkpt lat="44.7895570" lon="9.1489210">
<ele>672.083984</ele>
<time>2009-05-08T11:24:18.005Z</time>
</trkpt>
<trkpt lat="44.7894580" lon="9.1489100">
<ele>672.083984</ele>
<time>2009-05-08T11:24:19.000Z</time>
</trkpt>
<trkpt lat="44.7893140" lon="9.1489630">
<ele>672.083984</ele>
<time>2009-05-08T11:24:19.009Z</time>
</trkpt>
<trkpt lat="44.7892370" lon="9.1490170">
<ele>672.083984</ele>
<time>2009-05-08T11:24:21.003Z</time>
</trkpt>
<trkpt lat="44.7891380" lon="9.1490270">
<ele>672.083984</ele>
<time>2009-05-08T11:24:21.001Z</time>
</trkpt>
<trkpt lat="44.7890160" lon="9.1490160">
<ele>672.083984</ele>
<time>2009-05-08T11:24:22.008Z</time>
</trkpt>
<trkpt lat="44.7889020" lon="9.1490480">
<ele>672.083984</ele>
<time>2009-05-08T11:24:50.009Z</time>
</trkpt>
<trkpt lat="44.7888030" lon="9.1490690">
<ele>672.083984</ele>
<time>2009-05-08T11:24:50.003Z</time>
</trkpt>
<trkpt lat="44.7887340" lon="9.1491010">
<ele>672.083984</ele>
<time>2009-05-08T11:24:51.003Z</time>
</trkpt>
<trkpt lat="44.7886430" lon="9.1491010">
<ele>672.083984</ele>
<time>2009-05-08T11:24:52.008Z</time>
</trkpt>
<trkpt lat="44.7885360" lon="9.1491220">
<ele>672.083984</ele>
<time>2009-05-08T11:24:53.007Z</time>
</trkpt>
<trkpt lat="44.7884440" lon="9.1490890">
<ele>672.083984</ele>
<time>2009-05-08T11:25:03.006Z</time>
</trkpt>
<trkpt lat="44.7883680" lon="9.1490680">
<ele>672.083984</ele>
<time>2009-05-08T11:25:04.006Z</time>
</trkpt>
<trkpt lat="44.7882690" lon="9.1490680">
<ele>672.083984</ele>
<time>2009-05-08T11:25:05.006Z</time>
</trkpt>
<trkpt lat="44.7882310" lon="9.1490350">
<ele>672.083984</ele>
<time>2009-05-08T11:25:19.004Z</time>
</trkpt>
<trkpt lat="44.7881850" lon="9.1490140">
<ele>672.083984</ele>
<time>2009-05-08T11:25:22.001Z</time>
</trkpt>
<trkpt lat="44.7880940" lon="9.1489280">
<ele>672.083984</ele>
<time>2009-05-08T11:25:51.007Z</time>
</trkpt>
<trkpt lat="44.7879950" lon="9.1488100">
<ele>672.083984</ele>
<time>2009-05-08T11:25:52.008Z</time>
</trkpt>
<trkpt lat="44.7878730" lon="9.1487130">
<ele>672.083984</ele>
<time>2009-05-08T11:25:53.004Z</time>
</trkpt>
<trkpt lat="44.7877510" lon="9.1486700">
<ele>672.083984</ele>
<time>2009-05-08T11:25:54.003Z</time>
</trkpt>
<trkpt lat="44.7876370" lon="9.1486060">
<ele>672.083984</ele>
<time>2009-05-08T11:25:55.003Z</time>
</trkpt>
<trkpt lat="44.7874690" lon="9.1485410">
<ele>672.083984</ele>
<time>2009-05-08T11:25:56.003Z</time>
</trkpt>
<trkpt lat="44.7872940" lon="9.1484550">
<ele>672.083984</ele>
<time>2009-05-08T11:25:57.009Z</time>
</trkpt>
<trkpt lat="44.7871570" lon="9.1483690">
<ele>672.083984</ele>
<time>2009-05-08T11:25:58.005Z</time>
</trkpt>
<trkpt lat="44.7870050" lon="9.1482940">
<ele>672.083984</ele>
<time>2009-05-08T11:25:58.002Z</time>
</trkpt>
<trkpt lat="44.7868600" lon="9.1482190">
<ele>672.083984</ele>
<time>2009-05-08T11:25:59.009Z</time>
</trkpt>
<trkpt lat="44.7867150" lon="9.1481430">
<ele>672.083984</ele>
<time>2009-05-08T11:26:00.009Z</time>
</trkpt>
<trkpt lat="44.7865860" lon="9.1480680">
<ele>672.083984</ele>
<time>2009-05-08T11:26:01.006Z</time>
</trkpt>
<trkpt lat="44.7864790" lon="9.1479610">
<ele>672.083984</ele>
<time>2009-05-08T11:26:02.004Z</time>
</trkpt>
<trkpt lat="44.7863730" lon="9.1478750">
<ele>672.083984</ele>
<time>2009-05-08T11:26:03.008Z</time>
</trkpt>
<trkpt lat="44.7862360" lon="9.1477780">
<ele>672.083984</ele>
<time>2009-05-08T11:26:04.004Z</time>
</trkpt>
<trkpt lat="44.7861600" lon="9.1476710">
<ele>672.083984</ele>
<time>2009-05-08T11:26:05.000Z</time>
</trkpt>
<trkpt lat="44.7860990" lon="9.1475320">
<ele>672.083984</ele>
<time>2009-05-08T11:26:06.009Z</time>
</trkpt>
<trkpt lat="44.7859920" lon="9.1473820">
<ele>672.083984</ele>
<time>2009-05-08T11:26:07.008Z</time>
</trkpt>
<trkpt lat="44.7859390" lon="9.1472640">
<ele>672.083984</ele>
<time>2009-05-08T11:26:07.005Z</time>
</trkpt>
<trkpt lat="44.7858860" lon="9.1470920">
<ele>672.083984</ele>
<time>2009-05-08T11:26:11.003Z</time>
</trkpt>
<trkpt lat="44.7858480" lon="9.1469640">
<ele>672.083984</ele>
<time>2009-05-08T11:26:12.002Z</time>
</trkpt>
<trkpt lat="44.7858020" lon="9.1469100">
<ele>672.083984</ele>
<time>2009-05-08T11:26:13.008Z</time>
</trkpt>
<trkpt lat="44.7857030" lon="9.1469420">
<ele>672.083984</ele>
<time>2009-05-08T11:26:33.004Z</time>
</trkpt>
<trkpt lat="44.7855730" lon="9.1470060">
<ele>672.083984</ele>
<time>2009-05-08T11:26:34.001Z</time>
</trkpt>
<trkpt lat="44.7854740" lon="9.1470700">
<ele>672.083984</ele>
<time>2009-05-08T11:26:35.005Z</time>
</trkpt>
<trkpt lat="44.7853750" lon="9.1471550">
<ele>672.083984</ele>
<time>2009-05-08T11:26:35.006Z</time>
</trkpt>
<trkpt lat="44.7852680" lon="9.1472300">
<ele>672.083984</ele>
<time>2009-05-08T11:26:36.007Z</time>
</trkpt>
<trkpt lat="44.7851460" lon="9.1472620">
<ele>672.083984</ele>
<time>2009-05-08T11:26:37.007Z</time>
</trkpt>
<trkpt lat="44.7850700" lon="9.1473040">
<ele>672.083984</ele>
<time>2009-05-08T11:26:38.001Z</time>
</trkpt>
<trkpt lat="44.7849250" lon="9.1473790">
<ele>672.083984</ele>
<time>2009-05-08T11:26:41.005Z</time>
</trkpt>
<trkpt lat="44.7848110" lon="9.1475180">
<ele>672.083984</ele>
<time>2009-05-08T11:26:42.001Z</time>
</trkpt>
<trkpt lat="44.7846730" lon="9.1476670">
<ele>672.083984</ele>
<time>2009-05-08T11:26:43.009Z</time>
</trkpt>
<trkpt lat="44.7845660" lon="9.1477740">
<ele>672.083984</ele>
<time>2009-05-08T11:26:45.008Z</time>
</trkpt>
<trkpt lat="44.7844440" lon="9.1478590">
<ele>672.083984</ele>
<time>2009-05-08T11:26:46.007Z</time>
</trkpt>
<trkpt lat="44.7843300" lon="9.1479340">
<ele>672.083984</ele>
<time>2009-05-08T11:26:47.008Z</time>
</trkpt>
<trkpt lat="44.7841920" lon="9.1480510">
<ele>672.083984</ele>
<time>2009-05-08T11:26:48.009Z</time>
</trkpt>
<trkpt lat="44.7840400" lon="9.1481360">
<ele>672.083984</ele>
<time>2009-05-08T11:26:49.002Z</time>
</trkpt>
<trkpt lat="44.7838260" lon="9.1482320">
<ele>672.083984</ele>
<time>2009-05-08T11:26:50.009Z</time>
</trkpt>
<trkpt lat="44.7836280" lon="9.1483280">
<ele>672.083984</ele>
<time>2009-05-08T11:26:51.004Z</time>
</trkpt>
<trkpt lat="44.7834600" lon="9.1484450">
<ele>672.083984</ele>
<time>2009-05-08T11:26:52.002Z</time>
</trkpt>
<trkpt lat="44.7833150" lon="9.1485730">
<ele>672.083984</ele>
<time>2009-05-08T11:26:52.001Z</time>
</trkpt>
<trkpt lat="44.7832010" lon="9.1486690">
<ele>672.083984</ele>
<time>2009-05-08T11:26:55.009Z</time>
</trkpt>
<trkpt lat="44.7830330" lon="9.1488290">
<ele>672.083984</ele>
<time>2009-05-08T11:26:56.001Z</time>
</trkpt>
<trkpt lat="44.7829260" lon="9.1489470">
<ele>672.083984</ele>
<time>2009-05-08T11:26:57.006Z</time>
</trkpt>
<trkpt lat="44.7828270" lon="9.1490540">
<ele>672.083984</ele>
<time>2009-05-08T11:26:58.003Z</time>
</trkpt>
<trkpt lat="44.7827120" lon="9.1491500">
<ele>672.083984</ele>
<time>2009-05-08T11:26:58.009Z</time>
</trkpt>
<trkpt lat="44.7826050" lon="9.1492460">
<ele>672.083984</ele>
<time>2009-05-08T11:26:59.000Z</time>
</trkpt>
<trkpt lat="44.7825220" lon="9.1492990">
<ele>672.083984</ele>
<time>2009-05-08T11:27:00.000Z</time>
</trkpt>
<trkpt lat="44.7824680" lon="9.1493950">
<ele>672.083984</ele>
<time>2009-05-08T11:27:01.004Z</time>
</trkpt>
</trkseg>
</trk>
</gpx>
