<?xml version="1.0" encoding="UTF-8" standalone="yes"?>
<gpx
 xmlns="http://www.topografix.com/GPX/1/1"
 creator="OziExplorer Version 3955k - http://www.oziexplorer.com"
 version="1.1"
 xmlns:xsi="http://www.w3.org/2001/XMLSchema-instance"
 xsi:schemaLocation="http://www.topografix.com/GPX/1/1 http://www.topografix.com/GPX/1/1/gpx.xsd">
<metadata>
<name>Tortona One</name>
 <time>2014-03-20T14:18:55Z</time>
 <bounds minlat="44.881196" minlon="8.877180" maxlat="44.905195" maxlon="8.982973"/>
</metadata>
<wpt lat="44.9014300" lon="8.8771800">
 <ele>118.000000</ele>
 <time>2010-03-25T14:04:20.001Z</time>
<name>Tortona One</name> 
<cmt>TORTONA</cmt>
 <desc>TORTONA</desc>
 <sym>Flag, Blue</sym>
</wpt>
<wpt lat="44.9051600" lon="8.9254000">
 <ele>127.000000</ele>
 <time>2010-03-25T14:04:20.001Z</time>
 <name>PIEVE DI VIGUZZOLO</name>
 <sym>Flag, Blue</sym>
</wpt>
<wpt lat="44.8867930" lon="8.9828120">
 <ele>179.000000</ele>
 <time>2010-09-09T15:42:38.098Z</time>
 <name>VOLPEDO</name>
 <sym>Flag, Blue</sym>
</wpt>
<wpt lat="44.8831482" lon="8.9741399">
 <ele>293.000000</ele>
 <time>2010-11-15T09:56:02.075Z</time>
 <name>MONLEALE ALTO</name>
 <sym>Airport</sym>
</wpt>
<trk>
<name>Tortona One</name>
 <desc>SENTIERO 101</desc>
<trkseg>
<trkpt lat="44.9013880" lon="8.8772370">
<ele>117.896637</ele>
<time>2010-03-25T08:14:31.004Z</time>
</trkpt>
<trkpt lat="44.9013600" lon="8.8772900">
<ele>118.872002</ele>
<time>2010-03-25T08:14:58.098Z</time>
</trkpt>
<trkpt lat="44.9012800" lon="8.8774000">
<ele>118.384315</ele>
<time>2010-03-25T08:15:13.097Z</time>
</trkpt>
<trkpt lat="44.9012000" lon="8.8774900">
<ele>117.896637</ele>
<time>2010-03-25T08:15:21.097Z</time>
</trkpt>
<trkpt lat="44.9011300" lon="8.8776600">
<ele>118.872002</ele>
<time>2010-03-25T08:15:32.003Z</time>
</trkpt>
<trkpt lat="44.9010500" lon="8.8777700">
<ele>119.329201</ele>
<time>2010-03-25T08:15:35.001Z</time>
</trkpt>
<trkpt lat="44.9009600" lon="8.8778600">
<ele>118.872002</ele>
<time>2010-03-25T08:15:37.099Z</time>
</trkpt>
<trkpt lat="44.9008700" lon="8.8779700">
<ele>119.329201</ele>
<time>2010-03-25T08:15:40.097Z</time>
</trkpt>
<trkpt lat="44.9008000" lon="8.8780600">
<ele>119.816879</ele>
<time>2010-03-25T08:15:44.004Z</time>
</trkpt>
<trkpt lat="44.9007400" lon="8.8781500">
<ele>119.329201</ele>
<time>2010-03-25T08:15:47.002Z</time>
</trkpt>
<trkpt lat="44.9007100" lon="8.8783100">
<ele>118.872002</ele>
<time>2010-03-25T08:15:51.002Z</time>
</trkpt>
<trkpt lat="44.9007100" lon="8.8784300">
<ele>119.329201</ele>
<time>2010-03-25T08:15:55.096Z</time>
</trkpt>
<trkpt lat="44.9007200" lon="8.8785900">
<ele>119.816879</ele>
<time>2010-03-25T08:16:57.003Z</time>
</trkpt>
<trkpt lat="44.9007420" lon="8.8787400">
<ele>119.816879</ele>
<time>2010-03-25T08:17:01.097Z</time>
</trkpt>
<trkpt lat="44.9007420" lon="8.8789010">
<ele>120.304565</ele>
<time>2010-03-25T08:17:08.002Z</time>
</trkpt>
<trkpt lat="44.9007400" lon="8.8790100">
<ele>120.304565</ele>
<time>2010-03-25T08:17:15.000Z</time>
</trkpt>
<trkpt lat="44.9007350" lon="8.8791690">
<ele>120.792236</ele>
<time>2010-03-25T08:17:20.003Z</time>
</trkpt>
<trkpt lat="44.9007270" lon="8.8792870">
<ele>120.792236</ele>
<time>2010-03-25T08:17:24.003Z</time>
</trkpt>
<trkpt lat="44.9007270" lon="8.8794260">
<ele>122.224800</ele>
<time>2010-03-25T08:17:28.003Z</time>
</trkpt>
<trkpt lat="44.9007050" lon="8.8795550">
<ele>121.737122</ele>
<time>2010-03-25T08:17:32.004Z</time>
</trkpt>
<trkpt lat="44.9006820" lon="8.8797050">
<ele>122.224800</ele>
<time>2010-03-25T08:17:35.002Z</time>
</trkpt>
<trkpt lat="44.9006590" lon="8.8798450">
<ele>123.200165</ele>
<time>2010-03-25T08:17:38.000Z</time>
</trkpt>
<trkpt lat="44.9006400" lon="8.8799800">
<ele>123.200165</ele>
<time>2010-03-25T08:17:40.098Z</time>
</trkpt>
<trkpt lat="44.9006100" lon="8.8801400">
<ele>123.657364</ele>
<time>2010-03-25T08:17:43.096Z</time>
</trkpt>
<trkpt lat="44.9005800" lon="8.8803100">
<ele>124.632721</ele>
<time>2010-03-25T08:17:47.003Z</time>
</trkpt>
<trkpt lat="44.9005400" lon="8.8805000">
<ele>126.065285</ele>
<time>2010-03-25T08:17:50.001Z</time>
</trkpt>
<trkpt lat="44.9004850" lon="8.8806810">
<ele>126.552963</ele>
<time>2010-03-25T08:17:52.099Z</time>
</trkpt>
<trkpt lat="44.9004320" lon="8.8808420">
<ele>127.040634</ele>
<time>2010-03-25T08:17:55.097Z</time>
</trkpt>
<trkpt lat="44.9003860" lon="8.8809930">
<ele>127.497833</ele>
<time>2010-03-25T08:17:59.004Z</time>
</trkpt>
<trkpt lat="44.9003410" lon="8.8811640">
<ele>128.473206</ele>
<time>2010-03-25T08:18:02.002Z</time>
</trkpt>
<trkpt lat="44.9002870" lon="8.8813250">
<ele>128.473206</ele>
<time>2010-03-25T08:18:05.000Z</time>
</trkpt>
<trkpt lat="44.9002420" lon="8.8814860">
<ele>129.905762</ele>
<time>2010-03-25T08:18:07.098Z</time>
</trkpt>
<trkpt lat="44.9001810" lon="8.8816470">
<ele>130.393433</ele>
<time>2010-03-25T08:18:10.096Z</time>
</trkpt>
<trkpt lat="44.9001280" lon="8.8818080">
<ele>131.368805</ele>
<time>2010-03-25T08:18:14.003Z</time>
</trkpt>
<trkpt lat="44.9000900" lon="8.8819500">
<ele>133.289032</ele>
<time>2010-03-25T08:18:17.001Z</time>
</trkpt>
<trkpt lat="44.9000600" lon="8.8821000">
<ele>133.746231</ele>
<time>2010-03-25T08:18:19.099Z</time>
</trkpt>
<trkpt lat="44.9000700" lon="8.8822300">
<ele>134.233917</ele>
<time>2010-03-25T08:18:22.097Z</time>
</trkpt>
<trkpt lat="44.9001290" lon="8.8824190">
<ele>134.721603</ele>
<time>2010-03-25T08:18:26.004Z</time>
</trkpt>
<trkpt lat="44.9001820" lon="8.8825370">
<ele>135.209274</ele>
<time>2010-03-25T08:18:27.099Z</time>
</trkpt>
<trkpt lat="44.9002200" lon="8.8826400">
<ele>135.209274</ele>
<time>2010-03-25T08:18:30.004Z</time>
</trkpt>
<trkpt lat="44.9002800" lon="8.8827900">
<ele>136.154160</ele>
<time>2010-03-25T08:18:33.002Z</time>
</trkpt>
<trkpt lat="44.9003600" lon="8.8829500">
<ele>137.129517</ele>
<time>2010-03-25T08:18:36.000Z</time>
</trkpt>
<trkpt lat="44.9004200" lon="8.8831000">
<ele>136.641830</ele>
<time>2010-03-25T08:18:38.098Z</time>
</trkpt>
<trkpt lat="44.9004270" lon="8.8832230">
<ele>136.154160</ele>
<time>2010-03-25T08:18:42.098Z</time>
</trkpt>
<trkpt lat="44.9004190" lon="8.8833520">
<ele>135.696960</ele>
<time>2010-03-25T08:18:46.099Z</time>
</trkpt>
<trkpt lat="44.9004100" lon="8.8835000">
<ele>134.721603</ele>
<time>2010-03-25T08:18:49.097Z</time>
</trkpt>
<trkpt lat="44.9003810" lon="8.8836420">
<ele>133.289032</ele>
<time>2010-03-25T08:18:53.097Z</time>
</trkpt>
<trkpt lat="44.9003590" lon="8.8838240">
<ele>132.313675</ele>
<time>2010-03-25T08:20:41.004Z</time>
</trkpt>
<trkpt lat="44.9003440" lon="8.8839850">
<ele>131.368805</ele>
<time>2010-03-25T08:20:44.002Z</time>
</trkpt>
<trkpt lat="44.9003360" lon="8.8841350">
<ele>130.881119</ele>
<time>2010-03-25T08:20:45.097Z</time>
</trkpt>
<trkpt lat="44.9003360" lon="8.8842640">
<ele>130.881119</ele>
<time>2010-03-25T08:20:48.002Z</time>
</trkpt>
<trkpt lat="44.9003360" lon="8.8844140">
<ele>129.448563</ele>
<time>2010-03-25T08:20:49.098Z</time>
</trkpt>
<trkpt lat="44.9003440" lon="8.8845530">
<ele>129.905762</ele>
<time>2010-03-25T08:20:52.002Z</time>
</trkpt>
<trkpt lat="44.9003400" lon="8.8846900">
<ele>129.448563</ele>
<time>2010-03-25T08:20:53.098Z</time>
</trkpt>
<trkpt lat="44.9003400" lon="8.8848200">
<ele>128.473206</ele>
<time>2010-03-25T08:20:56.003Z</time>
</trkpt>
<trkpt lat="44.9003500" lon="8.8850300">
<ele>127.497833</ele>
<time>2010-03-25T08:20:59.001Z</time>
</trkpt>
<trkpt lat="44.9003600" lon="8.8851600">
<ele>127.040634</ele>
<time>2010-03-25T08:21:00.096Z</time>
</trkpt>
<trkpt lat="44.9003600" lon="8.8852800">
<ele>126.552963</ele>
<time>2010-03-25T08:21:04.003Z</time>
</trkpt>
<trkpt lat="44.9003400" lon="8.8854400">
<ele>126.065285</ele>
<time>2010-03-25T08:21:11.002Z</time>
</trkpt>
<trkpt lat="44.9003200" lon="8.8855600">
<ele>126.065285</ele>
<time>2010-03-25T08:21:12.097Z</time>
</trkpt>
<trkpt lat="44.9002800" lon="8.8857400">
<ele>127.040634</ele>
<time>2010-03-25T08:21:16.004Z</time>
</trkpt>
<trkpt lat="44.9002600" lon="8.8858700">
<ele>127.040634</ele>
<time>2010-03-25T08:21:18.000Z</time>
</trkpt>
<trkpt lat="44.9002300" lon="8.8860100">
<ele>127.497833</ele>
<time>2010-03-25T08:21:19.096Z</time>
</trkpt>
<trkpt lat="44.9002100" lon="8.8861900">
<ele>127.985519</ele>
<time>2010-03-25T08:21:22.000Z</time>
</trkpt>
<trkpt lat="44.9001900" lon="8.8863800">
<ele>128.473206</ele>
<time>2010-03-25T08:21:23.096Z</time>
</trkpt>
<trkpt lat="44.9001700" lon="8.8865800">
<ele>128.473206</ele>
<time>2010-03-25T08:21:26.001Z</time>
</trkpt>
<trkpt lat="44.9001600" lon="8.8866800">
<ele>128.960876</ele>
<time>2010-03-25T08:21:27.003Z</time>
</trkpt>
<trkpt lat="44.9001400" lon="8.8868900">
<ele>129.448563</ele>
<time>2010-03-25T08:21:28.099Z</time>
</trkpt>
<trkpt lat="44.9001200" lon="8.8871000">
<ele>128.473206</ele>
<time>2010-03-25T08:21:31.003Z</time>
</trkpt>
<trkpt lat="44.9001100" lon="8.8872900">
<ele>129.448563</ele>
<time>2010-03-25T08:21:32.099Z</time>
</trkpt>
<trkpt lat="44.9001000" lon="8.8874600">
<ele>128.960876</ele>
<time>2010-03-25T08:21:35.004Z</time>
</trkpt>
<trkpt lat="44.9000900" lon="8.8876100">
<ele>128.960876</ele>
<time>2010-03-25T08:21:36.099Z</time>
</trkpt>
<trkpt lat="44.9000700" lon="8.8878000">
<ele>128.960876</ele>
<time>2010-03-25T08:21:39.097Z</time>
</trkpt>
<trkpt lat="44.9000500" lon="8.8879800">
<ele>128.960876</ele>
<time>2010-03-25T08:21:43.004Z</time>
</trkpt>
<trkpt lat="44.9000300" lon="8.8881000">
<ele>129.448563</ele>
<time>2010-03-25T08:21:45.000Z</time>
</trkpt>
<trkpt lat="44.9000000" lon="8.8882400">
<ele>129.448563</ele>
<time>2010-03-25T08:21:46.096Z</time>
</trkpt>
<trkpt lat="44.8999500" lon="8.8883800">
<ele>129.905762</ele>
<time>2010-03-25T08:21:49.000Z</time>
</trkpt>
<trkpt lat="44.8999000" lon="8.8885100">
<ele>129.448563</ele>
<time>2010-03-25T08:21:50.096Z</time>
</trkpt>
<trkpt lat="44.8998300" lon="8.8886600">
<ele>129.905762</ele>
<time>2010-03-25T08:21:53.001Z</time>
</trkpt>
<trkpt lat="44.8997500" lon="8.8888100">
<ele>130.393433</ele>
<time>2010-03-25T08:21:54.096Z</time>
</trkpt>
<trkpt lat="44.8996700" lon="8.8889500">
<ele>130.881119</ele>
<time>2010-03-25T08:21:57.001Z</time>
</trkpt>
<trkpt lat="44.8995900" lon="8.8890900">
<ele>130.881119</ele>
<time>2010-03-25T08:21:58.097Z</time>
</trkpt>
<trkpt lat="44.8995200" lon="8.8892300">
<ele>131.368805</ele>
<time>2010-03-25T08:22:01.001Z</time>
</trkpt>
<trkpt lat="44.8994500" lon="8.8893400">
<ele>131.368805</ele>
<time>2010-03-25T08:22:02.097Z</time>
</trkpt>
<trkpt lat="44.8993800" lon="8.8894500">
<ele>131.826004</ele>
<time>2010-03-25T08:22:05.002Z</time>
</trkpt>
<trkpt lat="44.8993100" lon="8.8895700">
<ele>131.368805</ele>
<time>2010-03-25T08:22:06.097Z</time>
</trkpt>
<trkpt lat="44.8992400" lon="8.8897000">
<ele>131.368805</ele>
<time>2010-03-25T08:22:09.002Z</time>
</trkpt>
<trkpt lat="44.8991800" lon="8.8898300">
<ele>130.881119</ele>
<time>2010-03-25T08:22:10.098Z</time>
</trkpt>
<trkpt lat="44.8991300" lon="8.8899500">
<ele>130.881119</ele>
<time>2010-03-25T08:22:13.002Z</time>
</trkpt>
<trkpt lat="44.8990900" lon="8.8900700">
<ele>130.393433</ele>
<time>2010-03-25T08:22:17.096Z</time>
</trkpt>
<trkpt lat="44.8991000" lon="8.8901800">
<ele>130.393433</ele>
<time>2010-03-25T08:22:24.001Z</time>
</trkpt>
<trkpt lat="44.8991500" lon="8.8903400">
<ele>129.905762</ele>
<time>2010-03-25T08:22:47.001Z</time>
</trkpt>
<trkpt lat="44.8992000" lon="8.8904800">
<ele>129.448563</ele>
<time>2010-03-25T08:22:49.099Z</time>
</trkpt>
<trkpt lat="44.8992400" lon="8.8906400">
<ele>127.985519</ele>
<time>2010-03-25T08:22:52.097Z</time>
</trkpt>
<trkpt lat="44.8992700" lon="8.8908200">
<ele>127.985519</ele>
<time>2010-03-25T08:22:56.004Z</time>
</trkpt>
<trkpt lat="44.8992680" lon="8.8909360">
<ele>127.040634</ele>
<time>2010-03-25T08:22:57.099Z</time>
</trkpt>
<trkpt lat="44.8992760" lon="8.8910650">
<ele>127.040634</ele>
<time>2010-03-25T08:23:00.004Z</time>
</trkpt>
<trkpt lat="44.8992760" lon="8.8911940">
<ele>127.497833</ele>
<time>2010-03-25T08:23:02.000Z</time>
</trkpt>
<trkpt lat="44.8992760" lon="8.8913330">
<ele>127.497833</ele>
<time>2010-03-25T08:23:04.004Z</time>
</trkpt>
<trkpt lat="44.8992760" lon="8.8915260">
<ele>127.040634</ele>
<time>2010-03-25T08:23:07.002Z</time>
</trkpt>
<trkpt lat="44.8992840" lon="8.8916870">
<ele>127.497833</ele>
<time>2010-03-25T08:23:08.098Z</time>
</trkpt>
<trkpt lat="44.8992920" lon="8.8918800">
<ele>127.497833</ele>
<time>2010-03-25T08:23:11.096Z</time>
</trkpt>
<trkpt lat="44.8993000" lon="8.8920190">
<ele>127.040634</ele>
<time>2010-03-25T08:23:14.001Z</time>
</trkpt>
<trkpt lat="44.8993000" lon="8.8921370">
<ele>126.552963</ele>
<time>2010-03-25T08:23:16.099Z</time>
</trkpt>
<trkpt lat="44.8993000" lon="8.8922770">
<ele>126.065285</ele>
<time>2010-03-25T08:23:23.004Z</time>
</trkpt>
<trkpt lat="44.8991700" lon="8.8922770">
<ele>127.040634</ele>
<time>2010-03-25T08:23:27.004Z</time>
</trkpt>
<trkpt lat="44.8990210" lon="8.8922700">
<ele>127.040634</ele>
<time>2010-03-25T08:23:31.004Z</time>
</trkpt>
<trkpt lat="44.8989140" lon="8.8923020">
<ele>126.552963</ele>
<time>2010-03-25T08:23:34.002Z</time>
</trkpt>
<trkpt lat="44.8988380" lon="8.8923130">
<ele>126.552963</ele>
<time>2010-03-25T08:23:35.098Z</time>
</trkpt>
<trkpt lat="44.8987320" lon="8.8923450">
<ele>126.552963</ele>
<time>2010-03-25T08:23:38.096Z</time>
</trkpt>
<trkpt lat="44.8986630" lon="8.8923880">
<ele>126.552963</ele>
<time>2010-03-25T08:23:41.001Z</time>
</trkpt>
<trkpt lat="44.8985560" lon="8.8924210">
<ele>127.040634</ele>
<time>2010-03-25T08:23:43.099Z</time>
</trkpt>
<trkpt lat="44.8984570" lon="8.8924530">
<ele>127.497833</ele>
<time>2010-03-25T08:23:46.097Z</time>
</trkpt>
<trkpt lat="44.8983660" lon="8.8924850">
<ele>127.985519</ele>
<time>2010-03-25T08:23:50.004Z</time>
</trkpt>
<trkpt lat="44.8982520" lon="8.8925180">
<ele>127.985519</ele>
<time>2010-03-25T08:23:54.004Z</time>
</trkpt>
<trkpt lat="44.8982100" lon="8.8926700">
<ele>128.960876</ele>
<time>2010-03-25T08:23:58.098Z</time>
</trkpt>
<trkpt lat="44.8981910" lon="8.8928070">
<ele>128.960876</ele>
<time>2010-03-25T08:24:05.003Z</time>
</trkpt>
<trkpt lat="44.8981680" lon="8.8929580">
<ele>129.448563</ele>
<time>2010-03-25T08:24:09.096Z</time>
</trkpt>
<trkpt lat="44.8981300" lon="8.8931510">
<ele>129.905762</ele>
<time>2010-03-25T08:24:13.097Z</time>
</trkpt>
<trkpt lat="44.8981100" lon="8.8932400">
<ele>130.393433</ele>
<time>2010-03-25T08:24:17.004Z</time>
</trkpt>
<trkpt lat="44.8980900" lon="8.8933800">
<ele>130.393433</ele>
<time>2010-03-25T08:24:21.097Z</time>
</trkpt>
<trkpt lat="44.8980700" lon="8.8935300">
<ele>131.368805</ele>
<time>2010-03-25T08:25:17.000Z</time>
</trkpt>
<trkpt lat="44.8980500" lon="8.8936900">
<ele>131.368805</ele>
<time>2010-03-25T08:25:19.098Z</time>
</trkpt>
<trkpt lat="44.8980300" lon="8.8938200">
<ele>131.826004</ele>
<time>2010-03-25T08:25:22.096Z</time>
</trkpt>
<trkpt lat="44.8980100" lon="8.8939800">
<ele>131.826004</ele>
<time>2010-03-25T08:25:26.096Z</time>
</trkpt>
<trkpt lat="44.8979900" lon="8.8941100">
<ele>132.313675</ele>
<time>2010-03-25T08:25:30.003Z</time>
</trkpt>
<trkpt lat="44.8979560" lon="8.8942980">
<ele>132.801361</ele>
<time>2010-03-25T08:25:34.003Z</time>
</trkpt>
<trkpt lat="44.8979400" lon="8.8944800">
<ele>134.721603</ele>
<time>2010-03-25T08:25:38.004Z</time>
</trkpt>
<trkpt lat="44.8979200" lon="8.8946600">
<ele>135.209274</ele>
<time>2010-03-25T08:25:41.002Z</time>
</trkpt>
<trkpt lat="44.8979000" lon="8.8947900">
<ele>136.154160</ele>
<time>2010-03-25T08:25:42.097Z</time>
</trkpt>
<trkpt lat="44.8978900" lon="8.8949300">
<ele>136.641830</ele>
<time>2010-03-25T08:25:45.002Z</time>
</trkpt>
<trkpt lat="44.8978700" lon="8.8950600">
<ele>137.129517</ele>
<time>2010-03-25T08:25:46.098Z</time>
</trkpt>
<trkpt lat="44.8978500" lon="8.8952000">
<ele>137.617203</ele>
<time>2010-03-25T08:25:49.002Z</time>
</trkpt>
<trkpt lat="44.8978300" lon="8.8954100">
<ele>140.482315</ele>
<time>2010-03-25T08:25:52.000Z</time>
</trkpt>
<trkpt lat="44.8978100" lon="8.8955300">
<ele>141.457687</ele>
<time>2010-03-25T08:25:53.096Z</time>
</trkpt>
<trkpt lat="44.8977800" lon="8.8956800">
<ele>142.890244</ele>
<time>2010-03-25T08:25:57.096Z</time>
</trkpt>
<trkpt lat="44.8977800" lon="8.8957600">
<ele>143.377914</ele>
<time>2010-03-25T08:26:36.004Z</time>
</trkpt>
<trkpt lat="44.8977800" lon="8.8958800">
<ele>144.810486</ele>
<time>2010-03-25T08:35:58.001Z</time>
</trkpt>
<trkpt lat="44.8977900" lon="8.8960300">
<ele>145.785843</ele>
<time>2010-03-25T08:36:11.098Z</time>
</trkpt>
<trkpt lat="44.8977820" lon="8.8961650">
<ele>147.706085</ele>
<time>2010-03-25T08:36:22.097Z</time>
</trkpt>
<trkpt lat="44.8977750" lon="8.8963260">
<ele>150.113998</ele>
<time>2010-03-25T08:36:34.098Z</time>
</trkpt>
<trkpt lat="44.8977750" lon="8.8965080">
<ele>152.034241</ele>
<time>2010-03-25T08:36:48.001Z</time>
</trkpt>
<trkpt lat="44.8977800" lon="8.8966500">
<ele>153.466797</ele>
<time>2010-03-25T08:36:57.097Z</time>
</trkpt>
<trkpt lat="44.8977800" lon="8.8968000">
<ele>155.387039</ele>
<time>2010-03-25T08:37:08.003Z</time>
</trkpt>
<trkpt lat="44.8977800" lon="8.8969400">
<ele>156.819595</ele>
<time>2010-03-25T08:37:16.097Z</time>
</trkpt>
<trkpt lat="44.8977700" lon="8.8970700">
<ele>157.794968</ele>
<time>2010-03-25T08:37:26.000Z</time>
</trkpt>
<trkpt lat="44.8977760" lon="8.8972050">
<ele>159.227524</ele>
<time>2010-03-25T08:37:35.003Z</time>
</trkpt>
<trkpt lat="44.8977760" lon="8.8973440">
<ele>159.715195</ele>
<time>2010-03-25T08:37:44.099Z</time>
</trkpt>
<trkpt lat="44.8977990" lon="8.8974300">
<ele>161.147766</ele>
<time>2010-03-25T08:37:57.000Z</time>
</trkpt>
<trkpt lat="44.8978290" lon="8.8974190">
<ele>161.635437</ele>
<time>2010-03-25T08:39:04.097Z</time>
</trkpt>
<trkpt lat="44.8978900" lon="8.8974080">
<ele>162.123123</ele>
<time>2010-03-25T08:39:19.002Z</time>
</trkpt>
<trkpt lat="44.8979660" lon="8.8973870">
<ele>162.610794</ele>
<time>2010-03-25T08:39:27.096Z</time>
</trkpt>
<trkpt lat="44.8980580" lon="8.8973650">
<ele>162.610794</ele>
<time>2010-03-25T08:39:35.097Z</time>
</trkpt>
<trkpt lat="44.8981490" lon="8.8973330">
<ele>162.123123</ele>
<time>2010-03-25T08:39:43.098Z</time>
</trkpt>
<trkpt lat="44.8981950" lon="8.8974510">
<ele>161.635437</ele>
<time>2010-03-25T08:39:51.098Z</time>
</trkpt>
<trkpt lat="44.8982030" lon="8.8975690">
<ele>160.690567</ele>
<time>2010-03-25T08:40:02.097Z</time>
</trkpt>
<trkpt lat="44.8982180" lon="8.8977190">
<ele>158.282639</ele>
<time>2010-03-25T08:40:52.097Z</time>
</trkpt>
<trkpt lat="44.8982300" lon="8.8978500">
<ele>157.794968</ele>
<time>2010-03-25T08:41:02.000Z</time>
</trkpt>
<trkpt lat="44.8982400" lon="8.8979700">
<ele>156.819595</ele>
<time>2010-03-25T08:41:10.000Z</time>
</trkpt>
<trkpt lat="44.8982570" lon="8.8981050">
<ele>155.874725</ele>
<time>2010-03-25T08:41:18.001Z</time>
</trkpt>
<trkpt lat="44.8982800" lon="8.8982440">
<ele>155.387039</ele>
<time>2010-03-25T08:41:26.002Z</time>
</trkpt>
<trkpt lat="44.8983180" lon="8.8983620">
<ele>153.466797</ele>
<time>2010-03-25T08:41:34.002Z</time>
</trkpt>
<trkpt lat="44.8983640" lon="8.8984800">
<ele>151.546570</ele>
<time>2010-03-25T08:41:42.003Z</time>
</trkpt>
<trkpt lat="44.8984100" lon="8.8986190">
<ele>150.113998</ele>
<time>2010-03-25T08:41:50.004Z</time>
</trkpt>
<trkpt lat="44.8984710" lon="8.8987260">
<ele>148.193756</ele>
<time>2010-03-25T08:41:58.004Z</time>
</trkpt>
<trkpt lat="44.8985240" lon="8.8988550">
<ele>147.218399</ele>
<time>2010-03-25T08:42:05.096Z</time>
</trkpt>
<trkpt lat="44.8985620" lon="8.8989730">
<ele>145.785843</ele>
<time>2010-03-25T08:43:50.098Z</time>
</trkpt>
<trkpt lat="44.8986160" lon="8.8990800">
<ele>144.322800</ele>
<time>2010-03-25T08:44:09.097Z</time>
</trkpt>
<trkpt lat="44.8986690" lon="8.8991660">
<ele>143.865601</ele>
<time>2010-03-25T08:44:16.096Z</time>
</trkpt>
<trkpt lat="44.8987070" lon="8.8992940">
<ele>142.890244</ele>
<time>2010-03-25T08:44:24.003Z</time>
</trkpt>
<trkpt lat="44.8987690" lon="8.8994340">
<ele>142.402557</ele>
<time>2010-03-25T08:44:31.001Z</time>
</trkpt>
<trkpt lat="44.8988140" lon="8.8994870">
<ele>141.945358</ele>
<time>2010-03-25T08:44:38.000Z</time>
</trkpt>
<trkpt lat="44.8988520" lon="8.8995730">
<ele>140.482315</ele>
<time>2010-03-25T08:44:44.098Z</time>
</trkpt>
<trkpt lat="44.8989100" lon="8.8996600">
<ele>140.482315</ele>
<time>2010-03-25T08:44:51.096Z</time>
</trkpt>
<trkpt lat="44.8990000" lon="8.8997200">
<ele>139.537430</ele>
<time>2010-03-25T08:44:59.004Z</time>
</trkpt>
<trkpt lat="44.8991010" lon="8.8998160">
<ele>139.049759</ele>
<time>2010-03-25T08:45:06.002Z</time>
</trkpt>
<trkpt lat="44.8991930" lon="8.8998910">
<ele>138.074402</ele>
<time>2010-03-25T08:45:13.000Z</time>
</trkpt>
<trkpt lat="44.8992690" lon="8.8999660">
<ele>137.617203</ele>
<time>2010-03-25T08:45:19.099Z</time>
</trkpt>
<trkpt lat="44.8993530" lon="8.9000410">
<ele>137.129517</ele>
<time>2010-03-25T08:45:26.097Z</time>
</trkpt>
<trkpt lat="44.8994370" lon="8.9001050">
<ele>136.641830</ele>
<time>2010-03-25T08:45:34.004Z</time>
</trkpt>
<trkpt lat="44.8995200" lon="8.9001800">
<ele>136.154160</ele>
<time>2010-03-25T08:45:41.003Z</time>
</trkpt>
<trkpt lat="44.8996120" lon="8.9002550">
<ele>134.721603</ele>
<time>2010-03-25T08:45:48.001Z</time>
</trkpt>
<trkpt lat="44.8996810" lon="8.9003090">
<ele>134.721603</ele>
<time>2010-03-25T08:45:54.099Z</time>
</trkpt>
<trkpt lat="44.8997570" lon="8.9003620">
<ele>134.233917</ele>
<time>2010-03-25T08:46:01.098Z</time>
</trkpt>
<trkpt lat="44.8998480" lon="8.9004260">
<ele>133.289032</ele>
<time>2010-03-25T08:46:08.096Z</time>
</trkpt>
<trkpt lat="44.8999320" lon="8.9005010">
<ele>132.801361</ele>
<time>2010-03-25T08:46:15.001Z</time>
</trkpt>
<trkpt lat="44.9000160" lon="8.9005660">
<ele>132.313675</ele>
<time>2010-03-25T08:46:21.099Z</time>
</trkpt>
<trkpt lat="44.9001000" lon="8.9006080">
<ele>131.826004</ele>
<time>2010-03-25T08:46:30.000Z</time>
</trkpt>
<trkpt lat="44.9001840" lon="8.9006730">
<ele>131.368805</ele>
<time>2010-03-25T08:46:46.001Z</time>
</trkpt>
<trkpt lat="44.9002750" lon="8.9007260">
<ele>129.905762</ele>
<time>2010-03-25T08:46:55.098Z</time>
</trkpt>
<trkpt lat="44.9003670" lon="8.9008010">
<ele>129.448563</ele>
<time>2010-03-25T08:47:02.096Z</time>
</trkpt>
<trkpt lat="44.9004510" lon="8.9008650">
<ele>128.960876</ele>
<time>2010-03-25T08:47:10.003Z</time>
</trkpt>
<trkpt lat="44.9005420" lon="8.9009190">
<ele>128.473206</ele>
<time>2010-03-25T08:47:17.002Z</time>
</trkpt>
<trkpt lat="44.9006340" lon="8.9009830">
<ele>127.497833</ele>
<time>2010-03-25T08:47:24.000Z</time>
</trkpt>
<trkpt lat="44.9006950" lon="8.9010470">
<ele>127.497833</ele>
<time>2010-03-25T08:47:30.098Z</time>
</trkpt>
<trkpt lat="44.9007860" lon="8.9011220">
<ele>126.552963</ele>
<time>2010-03-25T08:47:37.097Z</time>
</trkpt>
<trkpt lat="44.9008700" lon="8.9011860">
<ele>126.552963</ele>
<time>2010-03-25T08:47:45.004Z</time>
</trkpt>
<trkpt lat="44.9009470" lon="8.9012400">
<ele>125.577599</ele>
<time>2010-03-25T08:47:52.002Z</time>
</trkpt>
<trkpt lat="44.9010300" lon="8.9013040">
<ele>125.577599</ele>
<time>2010-03-25T08:47:59.001Z</time>
</trkpt>
<trkpt lat="44.9011140" lon="8.9013680">
<ele>124.632721</ele>
<time>2010-03-25T08:48:05.099Z</time>
</trkpt>
<trkpt lat="44.9011980" lon="8.9014320">
<ele>124.632721</ele>
<time>2010-03-25T08:48:12.097Z</time>
</trkpt>
<trkpt lat="44.9012900" lon="8.9014860">
<ele>124.145035</ele>
<time>2010-03-25T08:48:19.096Z</time>
</trkpt>
<trkpt lat="44.9013660" lon="8.9015500">
<ele>123.657364</ele>
<time>2010-03-25T08:48:27.003Z</time>
</trkpt>
<trkpt lat="44.9014500" lon="8.9016250">
<ele>123.200165</ele>
<time>2010-03-25T08:48:34.001Z</time>
</trkpt>
<trkpt lat="44.9015340" lon="8.9016780">
<ele>122.712479</ele>
<time>2010-03-25T08:48:41.000Z</time>
</trkpt>
<trkpt lat="44.9016180" lon="8.9017430">
<ele>122.712479</ele>
<time>2010-03-25T08:48:47.098Z</time>
</trkpt>
<trkpt lat="44.9017090" lon="8.9018280">
<ele>121.737122</ele>
<time>2010-03-25T08:48:54.096Z</time>
</trkpt>
<trkpt lat="44.9017930" lon="8.9018820">
<ele>121.737122</ele>
<time>2010-03-25T08:49:02.004Z</time>
</trkpt>
<trkpt lat="44.9018770" lon="8.9019350">
<ele>121.249435</ele>
<time>2010-03-25T08:49:10.004Z</time>
</trkpt>
<trkpt lat="44.9019530" lon="8.9020210">
<ele>121.249435</ele>
<time>2010-03-25T08:49:36.002Z</time>
</trkpt>
<trkpt lat="44.9020370" lon="8.9020640">
<ele>120.792236</ele>
<time>2010-03-25T08:49:44.003Z</time>
</trkpt>
<trkpt lat="44.9021210" lon="8.9021280">
<ele>120.304565</ele>
<time>2010-03-25T08:49:52.003Z</time>
</trkpt>
<trkpt lat="44.9022200" lon="8.9022130">
<ele>120.304565</ele>
<time>2010-03-25T08:50:00.004Z</time>
</trkpt>
<trkpt lat="44.9022960" lon="8.9022670">
<ele>120.304565</ele>
<time>2010-03-25T08:50:07.096Z</time>
</trkpt>
<trkpt lat="44.9023800" lon="8.9023310">
<ele>119.816879</ele>
<time>2010-03-25T08:50:16.099Z</time>
</trkpt>
<trkpt lat="44.9024720" lon="8.9023950">
<ele>119.816879</ele>
<time>2010-03-25T08:50:24.099Z</time>
</trkpt>
<trkpt lat="44.9025560" lon="8.9024600">
<ele>119.816879</ele>
<time>2010-03-25T08:50:31.098Z</time>
</trkpt>
<trkpt lat="44.9026470" lon="8.9025130">
<ele>119.816879</ele>
<time>2010-03-25T08:50:39.098Z</time>
</trkpt>
<trkpt lat="44.9027400" lon="8.9025400">
<ele>120.304565</ele>
<time>2010-03-25T08:50:47.099Z</time>
</trkpt>
<trkpt lat="44.9028300" lon="8.9025900">
<ele>119.816879</ele>
<time>2010-03-25T08:50:56.000Z</time>
</trkpt>
<trkpt lat="44.9029300" lon="8.9026300">
<ele>119.329201</ele>
<time>2010-03-25T08:51:04.000Z</time>
</trkpt>
<trkpt lat="44.9030200" lon="8.9026700">
<ele>119.816879</ele>
<time>2010-03-25T08:51:12.001Z</time>
</trkpt>
<trkpt lat="44.9031200" lon="8.9027000">
<ele>120.304565</ele>
<time>2010-03-25T08:51:20.002Z</time>
</trkpt>
<trkpt lat="44.9032200" lon="8.9027100">
<ele>120.304565</ele>
<time>2010-03-25T08:51:28.002Z</time>
</trkpt>
<trkpt lat="44.9033300" lon="8.9027100">
<ele>119.816879</ele>
<time>2010-03-25T08:51:36.003Z</time>
</trkpt>
<trkpt lat="44.9034320" lon="8.9026620">
<ele>119.329201</ele>
<time>2010-03-25T08:51:44.004Z</time>
</trkpt>
<trkpt lat="44.9035310" lon="8.9026190">
<ele>119.329201</ele>
<time>2010-03-25T08:51:52.004Z</time>
</trkpt>
<trkpt lat="44.9036300" lon="8.9025860">
<ele>118.872002</ele>
<time>2010-03-25T08:51:59.096Z</time>
</trkpt>
<trkpt lat="44.9037290" lon="8.9025330">
<ele>118.872002</ele>
<time>2010-03-25T08:52:07.097Z</time>
</trkpt>
<trkpt lat="44.9038000" lon="8.9025300">
<ele>119.329201</ele>
<time>2010-03-25T08:52:17.000Z</time>
</trkpt>
<trkpt lat="44.9037900" lon="8.9025860">
<ele>118.872002</ele>
<time>2010-03-25T08:53:36.097Z</time>
</trkpt>
<trkpt lat="44.9037680" lon="8.9027040">
<ele>115.001038</ele>
<time>2010-03-25T09:24:18.000Z</time>
</trkpt>
<trkpt lat="44.9037220" lon="8.9028110">
<ele>115.001038</ele>
<time>2010-03-25T09:24:19.096Z</time>
</trkpt>
<trkpt lat="44.9036460" lon="8.9030150">
<ele>115.976402</ele>
<time>2010-03-25T09:24:23.003Z</time>
</trkpt>
<trkpt lat="44.9035930" lon="8.9031550">
<ele>116.464081</ele>
<time>2010-03-25T09:24:23.096Z</time>
</trkpt>
<trkpt lat="44.9035090" lon="8.9033370">
<ele>116.464081</ele>
<time>2010-03-25T09:24:26.001Z</time>
</trkpt>
<trkpt lat="44.9034330" lon="8.9035200">
<ele>115.976402</ele>
<time>2010-03-25T09:24:27.096Z</time>
</trkpt>
<trkpt lat="44.9033340" lon="8.9036590">
<ele>115.976402</ele>
<time>2010-03-25T09:24:30.001Z</time>
</trkpt>
<trkpt lat="44.9032200" lon="8.9038310">
<ele>115.976402</ele>
<time>2010-03-25T09:24:31.097Z</time>
</trkpt>
<trkpt lat="44.9031440" lon="8.9039390">
<ele>116.464081</ele>
<time>2010-03-25T09:24:32.099Z</time>
</trkpt>
<trkpt lat="44.9030220" lon="8.9040670">
<ele>116.951767</ele>
<time>2010-03-25T09:24:35.004Z</time>
</trkpt>
<trkpt lat="44.9029460" lon="8.9041530">
<ele>116.951767</ele>
<time>2010-03-25T09:24:35.097Z</time>
</trkpt>
<trkpt lat="44.9028540" lon="8.9042390">
<ele>116.464081</ele>
<time>2010-03-25T09:24:36.099Z</time>
</trkpt>
<trkpt lat="44.9027400" lon="8.9043900">
<ele>117.896637</ele>
<time>2010-03-25T09:24:39.004Z</time>
</trkpt>
<trkpt lat="44.9026600" lon="8.9044600">
<ele>118.384315</ele>
<time>2010-03-25T09:24:39.097Z</time>
</trkpt>
<trkpt lat="44.9025800" lon="8.9045300">
<ele>119.329201</ele>
<time>2010-03-25T09:24:41.000Z</time>
</trkpt>
<trkpt lat="44.9024100" lon="8.9046700">
<ele>119.329201</ele>
<time>2010-03-25T09:24:43.004Z</time>
</trkpt>
<trkpt lat="44.9023300" lon="8.9047400">
<ele>118.872002</ele>
<time>2010-03-25T09:24:43.098Z</time>
</trkpt>
<trkpt lat="44.9022500" lon="8.9048100">
<ele>118.872002</ele>
<time>2010-03-25T09:24:45.000Z</time>
</trkpt>
<trkpt lat="44.9020800" lon="8.9049200">
<ele>118.872002</ele>
<time>2010-03-25T09:24:46.096Z</time>
</trkpt>
<trkpt lat="44.9020000" lon="8.9049700">
<ele>118.384315</ele>
<time>2010-03-25T09:24:47.098Z</time>
</trkpt>
<trkpt lat="44.9019100" lon="8.9050200">
<ele>118.872002</ele>
<time>2010-03-25T09:24:49.000Z</time>
</trkpt>
<trkpt lat="44.9017200" lon="8.9051100">
<ele>118.872002</ele>
<time>2010-03-25T09:24:50.096Z</time>
</trkpt>
<trkpt lat="44.9016360" lon="8.9051740">
<ele>118.384315</ele>
<time>2010-03-25T09:24:51.098Z</time>
</trkpt>
<trkpt lat="44.9015370" lon="8.9052070">
<ele>118.384315</ele>
<time>2010-03-25T09:24:53.001Z</time>
</trkpt>
<trkpt lat="44.9014610" lon="8.9052500">
<ele>118.872002</ele>
<time>2010-03-25T09:24:54.003Z</time>
</trkpt>
<trkpt lat="44.9012700" lon="8.9053360">
<ele>118.872002</ele>
<time>2010-03-25T09:24:55.099Z</time>
</trkpt>
<trkpt lat="44.9011630" lon="8.9053790">
<ele>118.872002</ele>
<time>2010-03-25T09:24:57.001Z</time>
</trkpt>
<trkpt lat="44.9010720" lon="8.9054330">
<ele>118.872002</ele>
<time>2010-03-25T09:24:58.003Z</time>
</trkpt>
<trkpt lat="44.9008890" lon="8.9055080">
<ele>118.872002</ele>
<time>2010-03-25T09:24:59.099Z</time>
</trkpt>
<trkpt lat="44.9007980" lon="8.9055400">
<ele>118.872002</ele>
<time>2010-03-25T09:25:01.001Z</time>
</trkpt>
<trkpt lat="44.9007060" lon="8.9055730">
<ele>118.872002</ele>
<time>2010-03-25T09:25:02.004Z</time>
</trkpt>
<trkpt lat="44.9006230" lon="8.9056050">
<ele>119.329201</ele>
<time>2010-03-25T09:25:02.097Z</time>
</trkpt>
<trkpt lat="44.9004700" lon="8.9056700">
<ele>118.872002</ele>
<time>2010-03-25T09:25:05.002Z</time>
</trkpt>
<trkpt lat="44.9003480" lon="8.9057240">
<ele>119.329201</ele>
<time>2010-03-25T09:25:06.004Z</time>
</trkpt>
<trkpt lat="44.9002420" lon="8.9057670">
<ele>119.816879</ele>
<time>2010-03-25T09:25:06.097Z</time>
</trkpt>
<trkpt lat="44.9000660" lon="8.9058420">
<ele>119.816879</ele>
<time>2010-03-25T09:25:09.002Z</time>
</trkpt>
<trkpt lat="44.8999830" lon="8.9058850">
<ele>119.816879</ele>
<time>2010-03-25T09:25:10.004Z</time>
</trkpt>
<trkpt lat="44.8998760" lon="8.9059070">
<ele>119.816879</ele>
<time>2010-03-25T09:25:10.098Z</time>
</trkpt>
<trkpt lat="44.8996930" lon="8.9059930">
<ele>119.816879</ele>
<time>2010-03-25T09:25:13.002Z</time>
</trkpt>
<trkpt lat="44.8995940" lon="8.9060360">
<ele>120.304565</ele>
<time>2010-03-25T09:25:13.096Z</time>
</trkpt>
<trkpt lat="44.8995030" lon="8.9061000">
<ele>120.304565</ele>
<time>2010-03-25T09:25:14.098Z</time>
</trkpt>
<trkpt lat="44.8994110" lon="8.9061650">
<ele>121.737122</ele>
<time>2010-03-25T09:25:16.000Z</time>
</trkpt>
<trkpt lat="44.8992670" lon="8.9062510">
<ele>120.792236</ele>
<time>2010-03-25T09:25:17.096Z</time>
</trkpt>
<trkpt lat="44.8991980" lon="8.9062940">
<ele>120.792236</ele>
<time>2010-03-25T09:25:18.098Z</time>
</trkpt>
<trkpt lat="44.8990910" lon="8.9063690">
<ele>119.816879</ele>
<time>2010-03-25T09:25:20.001Z</time>
</trkpt>
<trkpt lat="44.8989880" lon="8.9063290">
<ele>119.329201</ele>
<time>2010-03-25T09:25:21.096Z</time>
</trkpt>
<trkpt lat="44.8988580" lon="8.9064470">
<ele>119.329201</ele>
<time>2010-03-25T09:25:24.001Z</time>
</trkpt>
<trkpt lat="44.8987670" lon="8.9065860">
<ele>120.304565</ele>
<time>2010-03-25T09:25:25.097Z</time>
</trkpt>
<trkpt lat="44.8986380" lon="8.9067260">
<ele>120.792236</ele>
<time>2010-03-25T09:25:28.001Z</time>
</trkpt>
<trkpt lat="44.8985310" lon="8.9069510">
<ele>121.737122</ele>
<time>2010-03-25T09:25:29.097Z</time>
</trkpt>
<trkpt lat="44.8984470" lon="8.9071770">
<ele>121.737122</ele>
<time>2010-03-25T09:25:32.002Z</time>
</trkpt>
<trkpt lat="44.8983790" lon="8.9073160">
<ele>121.249435</ele>
<time>2010-03-25T09:25:33.004Z</time>
</trkpt>
<trkpt lat="44.8983030" lon="8.9075630">
<ele>122.712479</ele>
<time>2010-03-25T09:25:35.000Z</time>
</trkpt>
<trkpt lat="44.8982570" lon="8.9076810">
<ele>122.712479</ele>
<time>2010-03-25T09:25:36.002Z</time>
</trkpt>
<trkpt lat="44.8982190" lon="8.9078100">
<ele>123.200165</ele>
<time>2010-03-25T09:25:37.004Z</time>
</trkpt>
<trkpt lat="44.8981280" lon="8.9080670">
<ele>123.657364</ele>
<time>2010-03-25T09:25:39.000Z</time>
</trkpt>
<trkpt lat="44.8980670" lon="8.9082180">
<ele>124.145035</ele>
<time>2010-03-25T09:25:40.002Z</time>
</trkpt>
<trkpt lat="44.8980140" lon="8.9083570">
<ele>124.632721</ele>
<time>2010-03-25T09:25:40.096Z</time>
</trkpt>
<trkpt lat="44.8979760" lon="8.9085070">
<ele>123.657364</ele>
<time>2010-03-25T09:25:41.098Z</time>
</trkpt>
<trkpt lat="44.8979000" lon="8.9087540">
<ele>124.145035</ele>
<time>2010-03-25T09:25:44.003Z</time>
</trkpt>
<trkpt lat="44.8978540" lon="8.9089150">
<ele>124.145035</ele>
<time>2010-03-25T09:25:44.096Z</time>
</trkpt>
<trkpt lat="44.8978160" lon="8.9090650">
<ele>122.712479</ele>
<time>2010-03-25T09:25:45.098Z</time>
</trkpt>
<trkpt lat="44.8977700" lon="8.9093300">
<ele>124.145035</ele>
<time>2010-03-25T09:25:48.003Z</time>
</trkpt>
<trkpt lat="44.8977400" lon="8.9094800">
<ele>124.632721</ele>
<time>2010-03-25T09:25:48.096Z</time>
</trkpt>
<trkpt lat="44.8977200" lon="8.9096200">
<ele>124.632721</ele>
<time>2010-03-25T09:25:49.099Z</time>
</trkpt>
<trkpt lat="44.8976800" lon="8.9099000">
<ele>123.200165</ele>
<time>2010-03-25T09:25:52.003Z</time>
</trkpt>
<trkpt lat="44.8976600" lon="8.9100400">
<ele>123.657364</ele>
<time>2010-03-25T09:25:52.097Z</time>
</trkpt>
<trkpt lat="44.8976400" lon="8.9101800">
<ele>123.657364</ele>
<time>2010-03-25T09:25:53.099Z</time>
</trkpt>
<trkpt lat="44.8976200" lon="8.9103200">
<ele>123.657364</ele>
<time>2010-03-25T09:25:55.001Z</time>
</trkpt>
<trkpt lat="44.8975900" lon="8.9106100">
<ele>124.145035</ele>
<time>2010-03-25T09:25:56.097Z</time>
</trkpt>
<trkpt lat="44.8975700" lon="8.9107500">
<ele>125.120399</ele>
<time>2010-03-25T09:25:57.099Z</time>
</trkpt>
<trkpt lat="44.8975600" lon="8.9109000">
<ele>125.577599</ele>
<time>2010-03-25T09:25:59.002Z</time>
</trkpt>
<trkpt lat="44.8975400" lon="8.9110500">
<ele>125.120399</ele>
<time>2010-03-25T09:26:00.004Z</time>
</trkpt>
<trkpt lat="44.8975000" lon="8.9113400">
<ele>124.145035</ele>
<time>2010-03-25T09:26:02.000Z</time>
</trkpt>
<trkpt lat="44.8974900" lon="8.9115000">
<ele>125.120399</ele>
<time>2010-03-25T09:26:03.002Z</time>
</trkpt>
<trkpt lat="44.8974700" lon="8.9116500">
<ele>124.145035</ele>
<time>2010-03-25T09:26:04.004Z</time>
</trkpt>
<trkpt lat="44.8974500" lon="8.9118000">
<ele>125.120399</ele>
<time>2010-03-25T09:26:04.098Z</time>
</trkpt>
<trkpt lat="44.8974100" lon="8.9121100">
<ele>124.632721</ele>
<time>2010-03-25T09:26:07.002Z</time>
</trkpt>
<trkpt lat="44.8973900" lon="8.9122700">
<ele>123.200165</ele>
<time>2010-03-25T09:26:07.096Z</time>
</trkpt>
<trkpt lat="44.8973700" lon="8.9124200">
<ele>123.200165</ele>
<time>2010-03-25T09:26:08.098Z</time>
</trkpt>
<trkpt lat="44.8973600" lon="8.9125800">
<ele>124.145035</ele>
<time>2010-03-25T09:26:10.000Z</time>
</trkpt>
<trkpt lat="44.8973200" lon="8.9128800">
<ele>125.120399</ele>
<time>2010-03-25T09:26:11.096Z</time>
</trkpt>
<trkpt lat="44.8973000" lon="8.9130200">
<ele>124.632721</ele>
<time>2010-03-25T09:26:12.098Z</time>
</trkpt>
<trkpt lat="44.8972800" lon="8.9131300">
<ele>124.632721</ele>
<time>2010-03-25T09:26:14.001Z</time>
</trkpt>
<trkpt lat="44.8972600" lon="8.9132400">
<ele>122.224800</ele>
<time>2010-03-25T09:26:15.003Z</time>
</trkpt>
<trkpt lat="44.8972200" lon="8.9134000">
<ele>120.792236</ele>
<time>2010-03-25T09:26:16.099Z</time>
</trkpt>
<trkpt lat="44.8972480" lon="8.9134950">
<ele>120.792236</ele>
<time>2010-03-25T09:26:19.003Z</time>
</trkpt>
<trkpt lat="44.8973170" lon="8.9135480">
<ele>120.792236</ele>
<time>2010-03-25T09:26:26.002Z</time>
</trkpt>
<trkpt lat="44.8974010" lon="8.9136130">
<ele>120.792236</ele>
<time>2010-03-25T09:26:30.002Z</time>
</trkpt>
<trkpt lat="44.8974920" lon="8.9136770">
<ele>120.792236</ele>
<time>2010-03-25T09:26:33.000Z</time>
</trkpt>
<trkpt lat="44.8975610" lon="8.9137200">
<ele>121.249435</ele>
<time>2010-03-25T09:26:34.096Z</time>
</trkpt>
<trkpt lat="44.8976520" lon="8.9137730">
<ele>121.737122</ele>
<time>2010-03-25T09:26:37.000Z</time>
</trkpt>
<trkpt lat="44.8977590" lon="8.9138480">
<ele>121.737122</ele>
<time>2010-03-25T09:26:39.098Z</time>
</trkpt>
<trkpt lat="44.8978350" lon="8.9139010">
<ele>120.304565</ele>
<time>2010-03-25T09:26:42.096Z</time>
</trkpt>
<trkpt lat="44.8979270" lon="8.9139660">
<ele>121.737122</ele>
<time>2010-03-25T09:29:15.000Z</time>
</trkpt>
<trkpt lat="44.8980260" lon="8.9140190">
<ele>121.737122</ele>
<time>2010-03-25T09:29:17.098Z</time>
</trkpt>
<trkpt lat="44.8981250" lon="8.9140830">
<ele>122.224800</ele>
<time>2010-03-25T09:29:20.003Z</time>
</trkpt>
<trkpt lat="44.8982240" lon="8.9141480">
<ele>121.737122</ele>
<time>2010-03-25T09:29:23.001Z</time>
</trkpt>
<trkpt lat="44.8983460" lon="8.9142120">
<ele>122.712479</ele>
<time>2010-03-25T09:29:24.096Z</time>
</trkpt>
<trkpt lat="44.8984610" lon="8.9142970">
<ele>122.712479</ele>
<time>2010-03-25T09:29:27.001Z</time>
</trkpt>
<trkpt lat="44.8985670" lon="8.9143720">
<ele>123.200165</ele>
<time>2010-03-25T09:29:28.097Z</time>
</trkpt>
<trkpt lat="44.8986970" lon="8.9144360">
<ele>123.657364</ele>
<time>2010-03-25T09:29:31.001Z</time>
</trkpt>
<trkpt lat="44.8988340" lon="8.9145220">
<ele>122.224800</ele>
<time>2010-03-25T09:29:32.097Z</time>
</trkpt>
<trkpt lat="44.8989490" lon="8.9146080">
<ele>121.737122</ele>
<time>2010-03-25T09:29:35.002Z</time>
</trkpt>
<trkpt lat="44.8990670" lon="8.9148200">
<ele>122.224800</ele>
<time>2010-03-25T09:29:36.097Z</time>
</trkpt>
<trkpt lat="44.8991600" lon="8.9148900">
<ele>121.737122</ele>
<time>2010-03-25T09:29:39.002Z</time>
</trkpt>
<trkpt lat="44.8992300" lon="8.9149400">
<ele>122.224800</ele>
<time>2010-03-25T09:29:40.004Z</time>
</trkpt>
<trkpt lat="44.8993720" lon="8.9150550">
<ele>122.224800</ele>
<time>2010-03-25T09:29:42.000Z</time>
</trkpt>
<trkpt lat="44.8994940" lon="8.9151410">
<ele>122.712479</ele>
<time>2010-03-25T09:29:43.096Z</time>
</trkpt>
<trkpt lat="44.8996160" lon="8.9152160">
<ele>120.792236</ele>
<time>2010-03-25T09:29:46.000Z</time>
</trkpt>
<trkpt lat="44.8997160" lon="8.9152800">
<ele>120.792236</ele>
<time>2010-03-25T09:29:47.096Z</time>
</trkpt>
<trkpt lat="44.8998300" lon="8.9153660">
<ele>120.304565</ele>
<time>2010-03-25T09:29:50.001Z</time>
</trkpt>
<trkpt lat="44.8999290" lon="8.9154300">
<ele>120.792236</ele>
<time>2010-03-25T09:29:51.096Z</time>
</trkpt>
<trkpt lat="44.9000280" lon="8.9154940">
<ele>121.249435</ele>
<time>2010-03-25T09:29:54.001Z</time>
</trkpt>
<trkpt lat="44.9001270" lon="8.9155690">
<ele>120.792236</ele>
<time>2010-03-25T09:29:55.097Z</time>
</trkpt>
<trkpt lat="44.9002400" lon="8.9156000">
<ele>120.792236</ele>
<time>2010-03-25T09:29:58.001Z</time>
</trkpt>
<trkpt lat="44.9003400" lon="8.9156700">
<ele>120.792236</ele>
<time>2010-03-25T09:29:59.097Z</time>
</trkpt>
<trkpt lat="44.9004500" lon="8.9157400">
<ele>120.792236</ele>
<time>2010-03-25T09:30:02.002Z</time>
</trkpt>
<trkpt lat="44.9005600" lon="8.9158100">
<ele>120.792236</ele>
<time>2010-03-25T09:30:03.097Z</time>
</trkpt>
<trkpt lat="44.9006700" lon="8.9158800">
<ele>121.249435</ele>
<time>2010-03-25T09:30:06.002Z</time>
</trkpt>
<trkpt lat="44.9007800" lon="8.9159600">
<ele>119.329201</ele>
<time>2010-03-25T09:30:07.098Z</time>
</trkpt>
<trkpt lat="44.9008900" lon="8.9160300">
<ele>120.304565</ele>
<time>2010-03-25T09:30:10.002Z</time>
</trkpt>
<trkpt lat="44.9010000" lon="8.9161100">
<ele>119.816879</ele>
<time>2010-03-25T09:30:11.098Z</time>
</trkpt>
<trkpt lat="44.9011200" lon="8.9161800">
<ele>120.304565</ele>
<time>2010-03-25T09:30:14.003Z</time>
</trkpt>
<trkpt lat="44.9012300" lon="8.9162700">
<ele>120.792236</ele>
<time>2010-03-25T09:30:15.098Z</time>
</trkpt>
<trkpt lat="44.9013600" lon="8.9163500">
<ele>120.792236</ele>
<time>2010-03-25T09:30:18.003Z</time>
</trkpt>
<trkpt lat="44.9014900" lon="8.9164400">
<ele>120.304565</ele>
<time>2010-03-25T09:30:19.099Z</time>
</trkpt>
<trkpt lat="44.9016300" lon="8.9165300">
<ele>120.304565</ele>
<time>2010-03-25T09:30:22.003Z</time>
</trkpt>
<trkpt lat="44.9017700" lon="8.9166200">
<ele>121.249435</ele>
<time>2010-03-25T09:30:23.099Z</time>
</trkpt>
<trkpt lat="44.9019100" lon="8.9167100">
<ele>120.792236</ele>
<time>2010-03-25T09:30:26.004Z</time>
</trkpt>
<trkpt lat="44.9020400" lon="8.9168000">
<ele>120.304565</ele>
<time>2010-03-25T09:30:27.099Z</time>
</trkpt>
<trkpt lat="44.9021700" lon="8.9168800">
<ele>120.304565</ele>
<time>2010-03-25T09:30:30.004Z</time>
</trkpt>
<trkpt lat="44.9023100" lon="8.9169700">
<ele>119.329201</ele>
<time>2010-03-25T09:30:32.000Z</time>
</trkpt>
<trkpt lat="44.9024400" lon="8.9170600">
<ele>119.816879</ele>
<time>2010-03-25T09:30:34.004Z</time>
</trkpt>
<trkpt lat="44.9025700" lon="8.9171400">
<ele>119.816879</ele>
<time>2010-03-25T09:30:36.000Z</time>
</trkpt>
<trkpt lat="44.9027000" lon="8.9172200">
<ele>118.872002</ele>
<time>2010-03-25T09:30:37.096Z</time>
</trkpt>
<trkpt lat="44.9028200" lon="8.9173000">
<ele>118.872002</ele>
<time>2010-03-25T09:30:40.000Z</time>
</trkpt>
<trkpt lat="44.9029400" lon="8.9173800">
<ele>118.872002</ele>
<time>2010-03-25T09:30:41.096Z</time>
</trkpt>
<trkpt lat="44.9030600" lon="8.9174600">
<ele>119.329201</ele>
<time>2010-03-25T09:30:44.001Z</time>
</trkpt>
<trkpt lat="44.9031800" lon="8.9175400">
<ele>118.872002</ele>
<time>2010-03-25T09:30:45.096Z</time>
</trkpt>
<trkpt lat="44.9032900" lon="8.9176200">
<ele>118.872002</ele>
<time>2010-03-25T09:30:48.001Z</time>
</trkpt>
<trkpt lat="44.9034000" lon="8.9176900">
<ele>118.384315</ele>
<time>2010-03-25T09:30:49.097Z</time>
</trkpt>
<trkpt lat="44.9035000" lon="8.9177500">
<ele>117.896637</ele>
<time>2010-03-25T09:30:52.001Z</time>
</trkpt>
<trkpt lat="44.9035900" lon="8.9178100">
<ele>117.896637</ele>
<time>2010-03-25T09:30:53.097Z</time>
</trkpt>
<trkpt lat="44.9037100" lon="8.9178700">
<ele>116.951767</ele>
<time>2010-03-25T09:30:57.004Z</time>
</trkpt>
<trkpt lat="44.9037900" lon="8.9179300">
<ele>116.464081</ele>
<time>2010-03-25T09:31:00.002Z</time>
</trkpt>
<trkpt lat="44.9037650" lon="8.9180410">
<ele>117.408966</ele>
<time>2010-03-25T09:31:28.098Z</time>
</trkpt>
<trkpt lat="44.9037120" lon="8.9181700">
<ele>117.896637</ele>
<time>2010-03-25T09:31:32.098Z</time>
</trkpt>
<trkpt lat="44.9036430" lon="8.9182660">
<ele>118.384315</ele>
<time>2010-03-25T09:31:36.098Z</time>
</trkpt>
<trkpt lat="44.9035820" lon="8.9183840">
<ele>118.872002</ele>
<time>2010-03-25T09:31:39.096Z</time>
</trkpt>
<trkpt lat="44.9035290" lon="8.9185350">
<ele>119.329201</ele>
<time>2010-03-25T09:31:42.001Z</time>
</trkpt>
<trkpt lat="44.9034910" lon="8.9186740">
<ele>119.329201</ele>
<time>2010-03-25T09:31:44.099Z</time>
</trkpt>
<trkpt lat="44.9034380" lon="8.9188240">
<ele>119.329201</ele>
<time>2010-03-25T09:31:47.004Z</time>
</trkpt>
<trkpt lat="44.9034070" lon="8.9189640">
<ele>119.329201</ele>
<time>2010-03-25T09:31:48.099Z</time>
</trkpt>
<trkpt lat="44.9033540" lon="8.9191350">
<ele>120.304565</ele>
<time>2010-03-25T09:31:51.004Z</time>
</trkpt>
<trkpt lat="44.9033160" lon="8.9192640">
<ele>119.816879</ele>
<time>2010-03-25T09:31:53.000Z</time>
</trkpt>
<trkpt lat="44.9033010" lon="8.9194250">
<ele>120.304565</ele>
<time>2010-03-25T09:31:55.004Z</time>
</trkpt>
<trkpt lat="44.9033010" lon="8.9195750">
<ele>120.304565</ele>
<time>2010-03-25T09:31:57.000Z</time>
</trkpt>
<trkpt lat="44.9033160" lon="8.9197360">
<ele>120.304565</ele>
<time>2010-03-25T09:31:58.096Z</time>
</trkpt>
<trkpt lat="44.9033550" lon="8.9199080">
<ele>120.792236</ele>
<time>2010-03-25T09:32:01.000Z</time>
</trkpt>
<trkpt lat="44.9033850" lon="8.9200360">
<ele>120.792236</ele>
<time>2010-03-25T09:32:02.096Z</time>
</trkpt>
<trkpt lat="44.9034390" lon="8.9201760">
<ele>121.249435</ele>
<time>2010-03-25T09:32:06.003Z</time>
</trkpt>
<trkpt lat="44.9035070" lon="8.9203040">
<ele>121.249435</ele>
<time>2010-03-25T09:32:07.099Z</time>
</trkpt>
<trkpt lat="44.9035760" lon="8.9204430">
<ele>121.737122</ele>
<time>2010-03-25T09:32:10.097Z</time>
</trkpt>
<trkpt lat="44.9036600" lon="8.9205720">
<ele>121.249435</ele>
<time>2010-03-25T09:32:13.001Z</time>
</trkpt>
<trkpt lat="44.9037590" lon="8.9206150">
<ele>121.737122</ele>
<time>2010-03-25T09:32:17.002Z</time>
</trkpt>
<trkpt lat="44.9038430" lon="8.9206040">
<ele>121.249435</ele>
<time>2010-03-25T09:33:00.003Z</time>
</trkpt>
<trkpt lat="44.9039650" lon="8.9206790">
<ele>121.737122</ele>
<time>2010-03-25T09:33:05.099Z</time>
</trkpt>
<trkpt lat="44.9040790" lon="8.9207320">
<ele>122.712479</ele>
<time>2010-03-25T09:33:08.097Z</time>
</trkpt>
<trkpt lat="44.9041780" lon="8.9208070">
<ele>122.224800</ele>
<time>2010-03-25T09:33:11.002Z</time>
</trkpt>
<trkpt lat="44.9043160" lon="8.9208930">
<ele>124.632721</ele>
<time>2010-03-25T09:33:14.000Z</time>
</trkpt>
<trkpt lat="44.9044220" lon="8.9209680">
<ele>123.657364</ele>
<time>2010-03-25T09:33:16.004Z</time>
</trkpt>
<trkpt lat="44.9045220" lon="8.9210430">
<ele>124.632721</ele>
<time>2010-03-25T09:33:18.000Z</time>
</trkpt>
<trkpt lat="44.9046130" lon="8.9211070">
<ele>125.577599</ele>
<time>2010-03-25T09:33:19.096Z</time>
</trkpt>
<trkpt lat="44.9046890" lon="8.9211600">
<ele>126.065285</ele>
<time>2010-03-25T09:33:22.000Z</time>
</trkpt>
<trkpt lat="44.9047810" lon="8.9212030">
<ele>125.120399</ele>
<time>2010-03-25T09:33:24.098Z</time>
</trkpt>
<trkpt lat="44.9048720" lon="8.9212780">
<ele>125.120399</ele>
<time>2010-03-25T09:33:42.002Z</time>
</trkpt>
<trkpt lat="44.9048570" lon="8.9214070">
<ele>124.632721</ele>
<time>2010-03-25T09:33:50.003Z</time>
</trkpt>
<trkpt lat="44.9048190" lon="8.9215680">
<ele>124.145035</ele>
<time>2010-03-25T09:33:54.003Z</time>
</trkpt>
<trkpt lat="44.9047740" lon="8.9217400">
<ele>125.120399</ele>
<time>2010-03-25T09:33:57.001Z</time>
</trkpt>
<trkpt lat="44.9047360" lon="8.9219220">
<ele>124.632721</ele>
<time>2010-03-25T09:33:59.099Z</time>
</trkpt>
<trkpt lat="44.9047050" lon="8.9221040">
<ele>125.120399</ele>
<time>2010-03-25T09:34:02.097Z</time>
</trkpt>
<trkpt lat="44.9046670" lon="8.9222870">
<ele>125.120399</ele>
<time>2010-03-25T09:34:06.004Z</time>
</trkpt>
<trkpt lat="44.9046600" lon="8.9224580">
<ele>124.632721</ele>
<time>2010-03-25T09:34:09.002Z</time>
</trkpt>
<trkpt lat="44.9046900" lon="8.9226200">
<ele>125.577599</ele>
<time>2010-03-25T09:34:12.000Z</time>
</trkpt>
<trkpt lat="44.9047670" lon="8.9227480">
<ele>125.577599</ele>
<time>2010-03-25T09:34:14.098Z</time>
</trkpt>
<trkpt lat="44.9048580" lon="8.9228980">
<ele>125.120399</ele>
<time>2010-03-25T09:34:17.096Z</time>
</trkpt>
<trkpt lat="44.9049350" lon="8.9230480">
<ele>124.632721</ele>
<time>2010-03-25T09:34:20.001Z</time>
</trkpt>
<trkpt lat="44.9050110" lon="8.9231980">
<ele>125.120399</ele>
<time>2010-03-25T09:34:21.096Z</time>
</trkpt>
<trkpt lat="44.9050800" lon="8.9233370">
<ele>125.120399</ele>
<time>2010-03-25T09:34:24.001Z</time>
</trkpt>
<trkpt lat="44.9051180" lon="8.9235190">
<ele>125.120399</ele>
<time>2010-03-25T09:34:25.097Z</time>
</trkpt>
<trkpt lat="44.9051490" lon="8.9236910">
<ele>125.577599</ele>
<time>2010-03-25T09:34:28.001Z</time>
</trkpt>
<trkpt lat="44.9051710" lon="8.9238520">
<ele>125.120399</ele>
<time>2010-03-25T09:34:29.097Z</time>
</trkpt>
<trkpt lat="44.9051870" lon="8.9240230">
<ele>125.120399</ele>
<time>2010-03-25T09:34:32.002Z</time>
</trkpt>
<trkpt lat="44.9051950" lon="8.9241950">
<ele>125.577599</ele>
<time>2010-03-25T09:34:33.097Z</time>
</trkpt>
<trkpt lat="44.9051720" lon="8.9243880">
<ele>126.065285</ele>
<time>2010-03-25T09:34:36.002Z</time>
</trkpt>
<trkpt lat="44.9051720" lon="8.9245060">
<ele>126.065285</ele>
<time>2010-03-25T09:34:37.098Z</time>
</trkpt>
<trkpt lat="44.9051490" lon="8.9246560">
<ele>126.065285</ele>
<time>2010-03-25T09:34:40.002Z</time>
</trkpt>
<trkpt lat="44.9051420" lon="8.9247420">
<ele>125.120399</ele>
<time>2010-03-25T09:34:43.000Z</time>
</trkpt>
<trkpt lat="44.9051200" lon="8.9248500">
<ele>125.120399</ele>
<time>2010-03-25T09:35:34.002Z</time>
</trkpt>
<trkpt lat="44.9051200" lon="8.9249000">
<ele>125.120399</ele>
<time>2010-03-25T09:37:03.096Z</time>
</trkpt>
<trkpt lat="44.9051100" lon="8.9249800">
<ele>127.497833</ele>
<time>2010-09-09T08:00:05.000Z</time>
</trkpt>
<trkpt lat="44.9050900" lon="8.9251500">
<ele>127.040634</ele>
<time>2010-09-09T08:00:07.098Z</time>
</trkpt>
<trkpt lat="44.9050700" lon="8.9253200">
<ele>127.497833</ele>
<time>2010-09-09T08:00:10.096Z</time>
</trkpt>
<trkpt lat="44.9050500" lon="8.9255100">
<ele>127.497833</ele>
<time>2010-09-09T08:00:14.003Z</time>
</trkpt>
<trkpt lat="44.9050500" lon="8.9256400">
<ele>127.497833</ele>
<time>2010-09-09T08:00:15.098Z</time>
</trkpt>
<trkpt lat="44.9050600" lon="8.9257700">
<ele>127.040634</ele>
<time>2010-09-09T08:00:18.003Z</time>
</trkpt>
<trkpt lat="44.9050600" lon="8.9259200">
<ele>127.040634</ele>
<time>2010-09-09T08:00:19.099Z</time>
</trkpt>
<trkpt lat="44.9050800" lon="8.9260700">
<ele>127.040634</ele>
<time>2010-09-09T08:00:22.003Z</time>
</trkpt>
<trkpt lat="44.9050900" lon="8.9262300">
<ele>127.040634</ele>
<time>2010-09-09T08:00:23.099Z</time>
</trkpt>
<trkpt lat="44.9051100" lon="8.9264000">
<ele>127.040634</ele>
<time>2010-09-09T08:00:26.004Z</time>
</trkpt>
<trkpt lat="44.9051300" lon="8.9265800">
<ele>127.040634</ele>
<time>2010-09-09T08:00:27.099Z</time>
</trkpt>
<trkpt lat="44.9051400" lon="8.9267600">
<ele>126.552963</ele>
<time>2010-09-09T08:00:30.004Z</time>
</trkpt>
<trkpt lat="44.9051500" lon="8.9269400">
<ele>126.552963</ele>
<time>2010-09-09T08:00:32.000Z</time>
</trkpt>
<trkpt lat="44.9051400" lon="8.9271200">
<ele>126.552963</ele>
<time>2010-09-09T08:00:34.004Z</time>
</trkpt>
<trkpt lat="44.9051300" lon="8.9273000">
<ele>126.065285</ele>
<time>2010-09-09T08:00:36.000Z</time>
</trkpt>
<trkpt lat="44.9051100" lon="8.9274800">
<ele>126.065285</ele>
<time>2010-09-09T08:00:37.096Z</time>
</trkpt>
<trkpt lat="44.9051000" lon="8.9276600">
<ele>125.577599</ele>
<time>2010-09-09T08:00:40.000Z</time>
</trkpt>
<trkpt lat="44.9050800" lon="8.9278300">
<ele>126.552963</ele>
<time>2010-09-09T08:00:41.096Z</time>
</trkpt>
<trkpt lat="44.9050600" lon="8.9280100">
<ele>126.552963</ele>
<time>2010-09-09T08:00:44.001Z</time>
</trkpt>
<trkpt lat="44.9050400" lon="8.9281900">
<ele>127.040634</ele>
<time>2010-09-09T08:00:45.096Z</time>
</trkpt>
<trkpt lat="44.9050200" lon="8.9283800">
<ele>127.985519</ele>
<time>2010-09-09T08:00:48.001Z</time>
</trkpt>
<trkpt lat="44.9050100" lon="8.9285600">
<ele>128.473206</ele>
<time>2010-09-09T08:00:49.097Z</time>
</trkpt>
<trkpt lat="44.9049900" lon="8.9287400">
<ele>127.497833</ele>
<time>2010-09-09T08:00:52.001Z</time>
</trkpt>
<trkpt lat="44.9049800" lon="8.9289100">
<ele>127.985519</ele>
<time>2010-09-09T08:00:53.097Z</time>
</trkpt>
<trkpt lat="44.9049600" lon="8.9290700">
<ele>127.985519</ele>
<time>2010-09-09T08:00:56.002Z</time>
</trkpt>
<trkpt lat="44.9049400" lon="8.9292300">
<ele>128.473206</ele>
<time>2010-09-09T08:00:57.097Z</time>
</trkpt>
<trkpt lat="44.9049400" lon="8.9293800">
<ele>129.448563</ele>
<time>2010-09-09T08:01:00.002Z</time>
</trkpt>
<trkpt lat="44.9049300" lon="8.9295200">
<ele>129.905762</ele>
<time>2010-09-09T08:01:01.098Z</time>
</trkpt>
<trkpt lat="44.9049300" lon="8.9296400">
<ele>129.905762</ele>
<time>2010-09-09T08:01:04.002Z</time>
</trkpt>
<trkpt lat="44.9049300" lon="8.9297900">
<ele>129.448563</ele>
<time>2010-09-09T08:01:07.000Z</time>
</trkpt>
<trkpt lat="44.9049200" lon="8.9299200">
<ele>129.905762</ele>
<time>2010-09-09T08:01:09.098Z</time>
</trkpt>
<trkpt lat="44.9048800" lon="8.9300600">
<ele>129.448563</ele>
<time>2010-09-09T08:01:13.099Z</time>
</trkpt>
<trkpt lat="44.9048500" lon="8.9301800">
<ele>128.960876</ele>
<time>2010-09-09T08:01:16.097Z</time>
</trkpt>
<trkpt lat="44.9048100" lon="8.9303100">
<ele>129.448563</ele>
<time>2010-09-09T08:01:20.004Z</time>
</trkpt>
<trkpt lat="44.9047500" lon="8.9304300">
<ele>129.448563</ele>
<time>2010-09-09T08:01:23.002Z</time>
</trkpt>
<trkpt lat="44.9046800" lon="8.9305600">
<ele>129.448563</ele>
<time>2010-09-09T08:01:26.000Z</time>
</trkpt>
<trkpt lat="44.9045800" lon="8.9307000">
<ele>129.905762</ele>
<time>2010-09-09T08:01:28.098Z</time>
</trkpt>
<trkpt lat="44.9044800" lon="8.9308200">
<ele>129.905762</ele>
<time>2010-09-09T08:01:31.096Z</time>
</trkpt>
<trkpt lat="44.9044100" lon="8.9309000">
<ele>129.905762</ele>
<time>2010-09-09T08:01:34.000Z</time>
</trkpt>
<trkpt lat="44.9043100" lon="8.9310300">
<ele>130.393433</ele>
<time>2010-09-09T08:01:36.098Z</time>
</trkpt>
<trkpt lat="44.9042500" lon="8.9311200">
<ele>130.881119</ele>
<time>2010-09-09T08:01:39.003Z</time>
</trkpt>
<trkpt lat="44.9041900" lon="8.9312200">
<ele>130.393433</ele>
<time>2010-09-09T08:01:40.099Z</time>
</trkpt>
<trkpt lat="44.9041200" lon="8.9313300">
<ele>130.393433</ele>
<time>2010-09-09T08:01:43.003Z</time>
</trkpt>
<trkpt lat="44.9040600" lon="8.9314400">
<ele>130.393433</ele>
<time>2010-09-09T08:01:44.099Z</time>
</trkpt>
<trkpt lat="44.9040000" lon="8.9315500">
<ele>130.881119</ele>
<time>2010-09-09T08:01:47.004Z</time>
</trkpt>
<trkpt lat="44.9039400" lon="8.9316400">
<ele>130.881119</ele>
<time>2010-09-09T08:01:48.099Z</time>
</trkpt>
<trkpt lat="44.9038600" lon="8.9317700">
<ele>129.905762</ele>
<time>2010-09-09T08:01:51.097Z</time>
</trkpt>
<trkpt lat="44.9037900" lon="8.9318700">
<ele>129.905762</ele>
<time>2010-09-09T08:01:55.098Z</time>
</trkpt>
<trkpt lat="44.9037100" lon="8.9319700">
<ele>129.905762</ele>
<time>2010-09-09T08:01:59.098Z</time>
</trkpt>
<trkpt lat="44.9036400" lon="8.9320800">
<ele>129.905762</ele>
<time>2010-09-09T08:02:03.098Z</time>
</trkpt>
<trkpt lat="44.9035900" lon="8.9322000">
<ele>129.905762</ele>
<time>2010-09-09T08:02:06.096Z</time>
</trkpt>
<trkpt lat="44.9035500" lon="8.9323000">
<ele>129.905762</ele>
<time>2010-09-09T08:02:44.002Z</time>
</trkpt>
<trkpt lat="44.9035100" lon="8.9324700">
<ele>129.905762</ele>
<time>2010-09-09T08:02:48.002Z</time>
</trkpt>
<trkpt lat="44.9034800" lon="8.9326400">
<ele>130.881119</ele>
<time>2010-09-09T08:02:51.000Z</time>
</trkpt>
<trkpt lat="44.9034600" lon="8.9327700">
<ele>130.393433</ele>
<time>2010-09-09T08:02:52.096Z</time>
</trkpt>
<trkpt lat="44.9034400" lon="8.9329200">
<ele>130.881119</ele>
<time>2010-09-09T08:02:55.000Z</time>
</trkpt>
<trkpt lat="44.9034100" lon="8.9330700">
<ele>130.393433</ele>
<time>2010-09-09T08:02:56.096Z</time>
</trkpt>
<trkpt lat="44.9033600" lon="8.9332300">
<ele>131.368805</ele>
<time>2010-09-09T08:02:59.001Z</time>
</trkpt>
<trkpt lat="44.9033100" lon="8.9333800">
<ele>131.368805</ele>
<time>2010-09-09T08:03:00.096Z</time>
</trkpt>
<trkpt lat="44.9032500" lon="8.9335300">
<ele>131.368805</ele>
<time>2010-09-09T08:03:03.001Z</time>
</trkpt>
<trkpt lat="44.9031900" lon="8.9336600">
<ele>131.368805</ele>
<time>2010-09-09T08:03:04.097Z</time>
</trkpt>
<trkpt lat="44.9031400" lon="8.9337900">
<ele>131.368805</ele>
<time>2010-09-09T08:03:07.001Z</time>
</trkpt>
<trkpt lat="44.9030900" lon="8.9339000">
<ele>130.881119</ele>
<time>2010-09-09T08:03:08.097Z</time>
</trkpt>
<trkpt lat="44.9030400" lon="8.9340100">
<ele>131.368805</ele>
<time>2010-09-09T08:03:12.004Z</time>
</trkpt>
<trkpt lat="44.9029800" lon="8.9341500">
<ele>131.368805</ele>
<time>2010-09-09T08:03:39.004Z</time>
</trkpt>
<trkpt lat="44.9029300" lon="8.9342600">
<ele>131.826004</ele>
<time>2010-09-09T08:04:16.000Z</time>
</trkpt>
<trkpt lat="44.9028700" lon="8.9344000">
<ele>131.826004</ele>
<time>2010-09-09T08:04:20.001Z</time>
</trkpt>
<trkpt lat="44.9028200" lon="8.9345400">
<ele>131.826004</ele>
<time>2010-09-09T08:04:22.099Z</time>
</trkpt>
<trkpt lat="44.9027500" lon="8.9346900">
<ele>132.313675</ele>
<time>2010-09-09T08:04:25.097Z</time>
</trkpt>
<trkpt lat="44.9026900" lon="8.9348400">
<ele>132.801361</ele>
<time>2010-09-09T08:04:29.004Z</time>
</trkpt>
<trkpt lat="44.9026300" lon="8.9349900">
<ele>133.289032</ele>
<time>2010-09-09T08:04:32.002Z</time>
</trkpt>
<trkpt lat="44.9025700" lon="8.9351300">
<ele>132.801361</ele>
<time>2010-09-09T08:04:35.000Z</time>
</trkpt>
<trkpt lat="44.9025100" lon="8.9352700">
<ele>133.289032</ele>
<time>2010-09-09T08:04:37.098Z</time>
</trkpt>
<trkpt lat="44.9024500" lon="8.9354000">
<ele>133.746231</ele>
<time>2010-09-09T08:04:40.096Z</time>
</trkpt>
<trkpt lat="44.9023800" lon="8.9355400">
<ele>134.233917</ele>
<time>2010-09-09T08:04:44.003Z</time>
</trkpt>
<trkpt lat="44.9023100" lon="8.9357000">
<ele>134.233917</ele>
<time>2010-09-09T08:04:47.001Z</time>
</trkpt>
<trkpt lat="44.9022500" lon="8.9358700">
<ele>134.721603</ele>
<time>2010-09-09T08:04:49.099Z</time>
</trkpt>
<trkpt lat="44.9022200" lon="8.9359900">
<ele>134.721603</ele>
<time>2010-09-09T08:04:52.003Z</time>
</trkpt>
<trkpt lat="44.9021800" lon="8.9361700">
<ele>134.721603</ele>
<time>2010-09-09T08:04:55.001Z</time>
</trkpt>
<trkpt lat="44.9021400" lon="8.9363400">
<ele>134.721603</ele>
<time>2010-09-09T08:04:57.099Z</time>
</trkpt>
<trkpt lat="44.9021100" lon="8.9364700">
<ele>135.209274</ele>
<time>2010-09-09T08:05:00.004Z</time>
</trkpt>
<trkpt lat="44.9020800" lon="8.9366100">
<ele>135.209274</ele>
<time>2010-09-09T08:05:02.000Z</time>
</trkpt>
<trkpt lat="44.9020500" lon="8.9367600">
<ele>135.209274</ele>
<time>2010-09-09T08:05:04.004Z</time>
</trkpt>
<trkpt lat="44.9020200" lon="8.9369000">
<ele>135.209274</ele>
<time>2010-09-09T08:05:06.000Z</time>
</trkpt>
<trkpt lat="44.9019900" lon="8.9370500">
<ele>135.696960</ele>
<time>2010-09-09T08:05:07.096Z</time>
</trkpt>
<trkpt lat="44.9019700" lon="8.9372000">
<ele>135.696960</ele>
<time>2010-09-09T08:05:10.000Z</time>
</trkpt>
<trkpt lat="44.9019400" lon="8.9373500">
<ele>136.154160</ele>
<time>2010-09-09T08:05:11.096Z</time>
</trkpt>
<trkpt lat="44.9019200" lon="8.9374900">
<ele>136.641830</ele>
<time>2010-09-09T08:05:14.001Z</time>
</trkpt>
<trkpt lat="44.9019000" lon="8.9376300">
<ele>137.617203</ele>
<time>2010-09-09T08:05:15.096Z</time>
</trkpt>
<trkpt lat="44.9018800" lon="8.9377600">
<ele>137.129517</ele>
<time>2010-09-09T08:05:18.001Z</time>
</trkpt>
<trkpt lat="44.9018600" lon="8.9378900">
<ele>137.617203</ele>
<time>2010-09-09T08:05:19.097Z</time>
</trkpt>
<trkpt lat="44.9018500" lon="8.9380200">
<ele>137.617203</ele>
<time>2010-09-09T08:05:22.001Z</time>
</trkpt>
<trkpt lat="44.9018300" lon="8.9381500">
<ele>138.074402</ele>
<time>2010-09-09T08:05:23.097Z</time>
</trkpt>
<trkpt lat="44.9018100" lon="8.9382800">
<ele>138.074402</ele>
<time>2010-09-09T08:05:26.002Z</time>
</trkpt>
<trkpt lat="44.9018000" lon="8.9384200">
<ele>137.617203</ele>
<time>2010-09-09T08:05:27.097Z</time>
</trkpt>
<trkpt lat="44.9017800" lon="8.9385500">
<ele>139.049759</ele>
<time>2010-09-09T08:05:30.002Z</time>
</trkpt>
<trkpt lat="44.9017600" lon="8.9386800">
<ele>139.049759</ele>
<time>2010-09-09T08:05:31.098Z</time>
</trkpt>
<trkpt lat="44.9017400" lon="8.9388000">
<ele>139.049759</ele>
<time>2010-09-09T08:05:34.002Z</time>
</trkpt>
<trkpt lat="44.9017200" lon="8.9389300">
<ele>139.049759</ele>
<time>2010-09-09T08:05:35.098Z</time>
</trkpt>
<trkpt lat="44.9017000" lon="8.9390600">
<ele>139.049759</ele>
<time>2010-09-09T08:05:38.003Z</time>
</trkpt>
<trkpt lat="44.9016600" lon="8.9392400">
<ele>139.049759</ele>
<time>2010-09-09T08:05:41.001Z</time>
</trkpt>
<trkpt lat="44.9016300" lon="8.9394000">
<ele>139.537430</ele>
<time>2010-09-09T08:05:43.099Z</time>
</trkpt>
<trkpt lat="44.9016100" lon="8.9395500">
<ele>139.537430</ele>
<time>2010-09-09T08:05:46.097Z</time>
</trkpt>
<trkpt lat="44.9015900" lon="8.9397000">
<ele>139.994629</ele>
<time>2010-09-09T08:05:50.004Z</time>
</trkpt>
<trkpt lat="44.9015700" lon="8.9398400">
<ele>140.482315</ele>
<time>2010-09-09T08:05:53.002Z</time>
</trkpt>
<trkpt lat="44.9015600" lon="8.9399800">
<ele>139.994629</ele>
<time>2010-09-09T08:05:56.000Z</time>
</trkpt>
<trkpt lat="44.9015400" lon="8.9401200">
<ele>140.482315</ele>
<time>2010-09-09T08:05:58.098Z</time>
</trkpt>
<trkpt lat="44.9015200" lon="8.9402700">
<ele>140.970001</ele>
<time>2010-09-09T08:06:01.096Z</time>
</trkpt>
<trkpt lat="44.9015000" lon="8.9404300">
<ele>140.970001</ele>
<time>2010-09-09T08:06:05.003Z</time>
</trkpt>
<trkpt lat="44.9014800" lon="8.9406100">
<ele>140.970001</ele>
<time>2010-09-09T08:06:08.001Z</time>
</trkpt>
<trkpt lat="44.9014600" lon="8.9407800">
<ele>141.457687</ele>
<time>2010-09-09T08:06:10.099Z</time>
</trkpt>
<trkpt lat="44.9014400" lon="8.9409500">
<ele>142.402557</ele>
<time>2010-09-09T08:06:13.097Z</time>
</trkpt>
<trkpt lat="44.9014200" lon="8.9411100">
<ele>142.890244</ele>
<time>2010-09-09T08:06:17.004Z</time>
</trkpt>
<trkpt lat="44.9014000" lon="8.9412900">
<ele>143.377914</ele>
<time>2010-09-09T08:06:20.002Z</time>
</trkpt>
<trkpt lat="44.9013900" lon="8.9414700">
<ele>142.890244</ele>
<time>2010-09-09T08:06:23.000Z</time>
</trkpt>
<trkpt lat="44.9013700" lon="8.9416400">
<ele>143.377914</ele>
<time>2010-09-09T08:06:25.098Z</time>
</trkpt>
<trkpt lat="44.9013500" lon="8.9418000">
<ele>142.890244</ele>
<time>2010-09-09T08:06:28.096Z</time>
</trkpt>
<trkpt lat="44.9013250" lon="8.9419600">
<ele>144.322800</ele>
<time>2010-09-09T08:06:32.003Z</time>
</trkpt>
<trkpt lat="44.9013100" lon="8.9420780">
<ele>143.865601</ele>
<time>2010-09-09T08:06:35.001Z</time>
</trkpt>
<trkpt lat="44.9012870" lon="8.9422280">
<ele>144.322800</ele>
<time>2010-09-09T08:06:37.099Z</time>
</trkpt>
<trkpt lat="44.9012720" lon="8.9423990">
<ele>143.377914</ele>
<time>2010-09-09T08:06:40.097Z</time>
</trkpt>
<trkpt lat="44.9012640" lon="8.9425710">
<ele>143.865601</ele>
<time>2010-09-09T08:06:44.004Z</time>
</trkpt>
<trkpt lat="44.9012490" lon="8.9427320">
<ele>143.865601</ele>
<time>2010-09-09T08:06:47.002Z</time>
</trkpt>
<trkpt lat="44.9012340" lon="8.9429140">
<ele>143.865601</ele>
<time>2010-09-09T08:06:50.000Z</time>
</trkpt>
<trkpt lat="44.9012200" lon="8.9430500">
<ele>143.377914</ele>
<time>2010-09-09T08:06:52.098Z</time>
</trkpt>
<trkpt lat="44.9012400" lon="8.9432300">
<ele>143.865601</ele>
<time>2010-09-09T08:06:55.096Z</time>
</trkpt>
<trkpt lat="44.9012500" lon="8.9433800">
<ele>144.322800</ele>
<time>2010-09-09T08:06:59.003Z</time>
</trkpt>
<trkpt lat="44.9012400" lon="8.9435100">
<ele>144.322800</ele>
<time>2010-09-09T08:07:04.099Z</time>
</trkpt>
<trkpt lat="44.9011700" lon="8.9436400">
<ele>143.865601</ele>
<time>2010-09-09T08:07:11.004Z</time>
</trkpt>
<trkpt lat="44.9011000" lon="8.9437500">
<ele>144.810486</ele>
<time>2010-09-09T08:07:15.004Z</time>
</trkpt>
<trkpt lat="44.9010200" lon="8.9438600">
<ele>145.298157</ele>
<time>2010-09-09T08:07:19.004Z</time>
</trkpt>
<trkpt lat="44.9009500" lon="8.9439500">
<ele>145.298157</ele>
<time>2010-09-09T08:07:22.002Z</time>
</trkpt>
<trkpt lat="44.9008900" lon="8.9440300">
<ele>145.785843</ele>
<time>2010-09-09T08:07:49.002Z</time>
</trkpt>
<trkpt lat="44.9008200" lon="8.9441200">
<ele>145.785843</ele>
<time>2010-09-09T08:07:56.001Z</time>
</trkpt>
<trkpt lat="44.9007400" lon="8.9442200">
<ele>146.243042</ele>
<time>2010-09-09T08:08:21.098Z</time>
</trkpt>
<trkpt lat="44.9006800" lon="8.9443400">
<ele>146.243042</ele>
<time>2010-09-09T08:08:25.099Z</time>
</trkpt>
<trkpt lat="44.9006300" lon="8.9444400">
<ele>146.730713</ele>
<time>2010-09-09T08:08:29.099Z</time>
</trkpt>
<trkpt lat="44.9005700" lon="8.9445400">
<ele>146.730713</ele>
<time>2010-09-09T08:08:33.099Z</time>
</trkpt>
<trkpt lat="44.9004900" lon="8.9446100">
<ele>147.218399</ele>
<time>2010-09-09T08:08:38.000Z</time>
</trkpt>
<trkpt lat="44.9004000" lon="8.9446500">
<ele>147.218399</ele>
<time>2010-09-09T08:08:42.000Z</time>
</trkpt>
<trkpt lat="44.9002970" lon="8.9447270">
<ele>147.218399</ele>
<time>2010-09-09T08:08:46.000Z</time>
</trkpt>
<trkpt lat="44.9002440" lon="8.9447920">
<ele>147.706085</ele>
<time>2010-09-09T08:08:50.001Z</time>
</trkpt>
<trkpt lat="44.9002060" lon="8.9449100">
<ele>148.193756</ele>
<time>2010-09-09T08:08:54.001Z</time>
</trkpt>
<trkpt lat="44.9001830" lon="8.9450490">
<ele>149.626312</ele>
<time>2010-09-09T08:08:56.099Z</time>
</trkpt>
<trkpt lat="44.9001450" lon="8.9452210">
<ele>150.113998</ele>
<time>2010-09-09T08:08:59.097Z</time>
</trkpt>
<trkpt lat="44.9001300" lon="8.9453600">
<ele>152.034241</ele>
<time>2010-09-09T08:09:03.004Z</time>
</trkpt>
<trkpt lat="44.9000990" lon="8.9455320">
<ele>153.466797</ele>
<time>2010-09-09T08:09:06.002Z</time>
</trkpt>
<trkpt lat="44.9000840" lon="8.9456610">
<ele>153.466797</ele>
<time>2010-09-09T08:09:09.000Z</time>
</trkpt>
<trkpt lat="44.9000690" lon="8.9458110">
<ele>153.466797</ele>
<time>2010-09-09T08:09:11.098Z</time>
</trkpt>
<trkpt lat="44.9000460" lon="8.9459500">
<ele>154.899368</ele>
<time>2010-09-09T08:09:14.096Z</time>
</trkpt>
<trkpt lat="44.9000240" lon="8.9461220">
<ele>154.899368</ele>
<time>2010-09-09T08:09:18.003Z</time>
</trkpt>
<trkpt lat="44.8999850" lon="8.9462930">
<ele>155.387039</ele>
<time>2010-09-09T08:09:21.001Z</time>
</trkpt>
<trkpt lat="44.8999550" lon="8.9464540">
<ele>155.874725</ele>
<time>2010-09-09T08:09:23.099Z</time>
</trkpt>
<trkpt lat="44.8999170" lon="8.9465830">
<ele>155.874725</ele>
<time>2010-09-09T08:09:27.099Z</time>
</trkpt>
<trkpt lat="44.8998870" lon="8.9466900">
<ele>156.819595</ele>
<time>2010-09-09T08:10:09.098Z</time>
</trkpt>
<trkpt lat="44.8998790" lon="8.9468190">
<ele>156.819595</ele>
<time>2010-09-09T08:12:20.098Z</time>
</trkpt>
<trkpt lat="44.8998940" lon="8.9469370">
<ele>156.819595</ele>
<time>2010-09-09T08:12:24.098Z</time>
</trkpt>
<trkpt lat="44.8998790" lon="8.9470550">
<ele>156.819595</ele>
<time>2010-09-09T08:12:28.099Z</time>
</trkpt>
<trkpt lat="44.8998640" lon="8.9472050">
<ele>156.819595</ele>
<time>2010-09-09T08:12:39.004Z</time>
</trkpt>
<trkpt lat="44.8998260" lon="8.9473450">
<ele>156.819595</ele>
<time>2010-09-09T08:13:09.002Z</time>
</trkpt>
<trkpt lat="44.8997730" lon="8.9474950">
<ele>156.819595</ele>
<time>2010-09-09T08:13:12.000Z</time>
</trkpt>
<trkpt lat="44.8997350" lon="8.9476230">
<ele>156.819595</ele>
<time>2010-09-09T08:13:16.000Z</time>
</trkpt>
<trkpt lat="44.8996960" lon="8.9477200">
<ele>157.307266</ele>
<time>2010-09-09T08:13:20.001Z</time>
</trkpt>
<trkpt lat="44.8996660" lon="8.9478060">
<ele>157.794968</ele>
<time>2010-09-09T08:13:24.001Z</time>
</trkpt>
<trkpt lat="44.8996280" lon="8.9479130">
<ele>157.307266</ele>
<time>2010-09-09T08:13:56.097Z</time>
</trkpt>
<trkpt lat="44.8996600" lon="8.9480100">
<ele>156.819595</ele>
<time>2010-09-09T08:14:14.001Z</time>
</trkpt>
<trkpt lat="44.8997700" lon="8.9480700">
<ele>156.362396</ele>
<time>2010-09-09T08:14:18.001Z</time>
</trkpt>
<trkpt lat="44.8998600" lon="8.9481300">
<ele>155.874725</ele>
<time>2010-09-09T08:14:20.099Z</time>
</trkpt>
<trkpt lat="44.8999400" lon="8.9481800">
<ele>155.874725</ele>
<time>2010-09-09T08:14:23.097Z</time>
</trkpt>
<trkpt lat="44.9000320" lon="8.9482560">
<ele>155.387039</ele>
<time>2010-09-09T08:14:27.097Z</time>
</trkpt>
<trkpt lat="44.9000630" lon="8.9483850">
<ele>153.466797</ele>
<time>2010-09-09T08:14:34.002Z</time>
</trkpt>
<trkpt lat="44.9000470" lon="8.9485350">
<ele>153.954483</ele>
<time>2010-09-09T08:14:38.003Z</time>
</trkpt>
<trkpt lat="44.9000250" lon="8.9486850">
<ele>153.954483</ele>
<time>2010-09-09T08:14:42.003Z</time>
</trkpt>
<trkpt lat="44.8999870" lon="8.9488670">
<ele>154.442169</ele>
<time>2010-09-09T08:14:46.003Z</time>
</trkpt>
<trkpt lat="44.8999640" lon="8.9489960">
<ele>154.899368</ele>
<time>2010-09-09T08:14:50.004Z</time>
</trkpt>
<trkpt lat="44.8999330" lon="8.9491250">
<ele>155.874725</ele>
<time>2010-09-09T08:14:54.004Z</time>
</trkpt>
<trkpt lat="44.8998800" lon="8.9492640">
<ele>156.362396</ele>
<time>2010-09-09T08:14:58.004Z</time>
</trkpt>
<trkpt lat="44.8998340" lon="8.9493930">
<ele>155.874725</ele>
<time>2010-09-09T08:15:01.002Z</time>
</trkpt>
<trkpt lat="44.8997730" lon="8.9494790">
<ele>155.874725</ele>
<time>2010-09-09T08:15:04.000Z</time>
</trkpt>
<trkpt lat="44.8997200" lon="8.9495600">
<ele>156.362396</ele>
<time>2010-09-09T08:15:08.001Z</time>
</trkpt>
<trkpt lat="44.8996360" lon="8.9496830">
<ele>156.819595</ele>
<time>2010-09-09T08:15:12.001Z</time>
</trkpt>
<trkpt lat="44.8995600" lon="8.9498010">
<ele>156.362396</ele>
<time>2010-09-09T08:15:16.001Z</time>
</trkpt>
<trkpt lat="44.8994840" lon="8.9499190">
<ele>156.819595</ele>
<time>2010-09-09T08:15:20.002Z</time>
</trkpt>
<trkpt lat="44.8993930" lon="8.9500260">
<ele>157.307266</ele>
<time>2010-09-09T08:15:24.002Z</time>
</trkpt>
<trkpt lat="44.8993320" lon="8.9501220">
<ele>157.794968</ele>
<time>2010-09-09T08:15:28.002Z</time>
</trkpt>
<trkpt lat="44.8992630" lon="8.9501870">
<ele>158.282639</ele>
<time>2010-09-09T08:15:32.003Z</time>
</trkpt>
<trkpt lat="44.8991950" lon="8.9502730">
<ele>158.282639</ele>
<time>2010-09-09T08:15:36.003Z</time>
</trkpt>
<trkpt lat="44.8991300" lon="8.9503600">
<ele>158.282639</ele>
<time>2010-09-09T08:15:40.003Z</time>
</trkpt>
<trkpt lat="44.8990700" lon="8.9504900">
<ele>158.739838</ele>
<time>2010-09-09T08:15:44.004Z</time>
</trkpt>
<trkpt lat="44.8990300" lon="8.9506100">
<ele>158.739838</ele>
<time>2010-09-09T08:15:48.097Z</time>
</trkpt>
<trkpt lat="44.8989900" lon="8.9507300">
<ele>158.739838</ele>
<time>2010-09-09T08:15:52.098Z</time>
</trkpt>
<trkpt lat="44.8989620" lon="8.9508840">
<ele>159.227524</ele>
<time>2010-09-09T08:17:01.003Z</time>
</trkpt>
<trkpt lat="44.8989160" lon="8.9510240">
<ele>159.715195</ele>
<time>2010-09-09T08:17:04.001Z</time>
</trkpt>
<trkpt lat="44.8988780" lon="8.9511950">
<ele>160.202866</ele>
<time>2010-09-09T08:17:06.099Z</time>
</trkpt>
<trkpt lat="44.8988550" lon="8.9512920">
<ele>160.202866</ele>
<time>2010-09-09T08:17:09.097Z</time>
</trkpt>
<trkpt lat="44.8988250" lon="8.9514310">
<ele>160.202866</ele>
<time>2010-09-09T08:17:13.098Z</time>
</trkpt>
<trkpt lat="44.8988100" lon="8.9515500">
<ele>160.690567</ele>
<time>2010-09-09T08:17:17.098Z</time>
</trkpt>
<trkpt lat="44.8988000" lon="8.9516800">
<ele>161.635437</ele>
<time>2010-09-09T08:17:21.098Z</time>
</trkpt>
<trkpt lat="44.8987800" lon="8.9518100">
<ele>161.635437</ele>
<time>2010-09-09T08:17:28.003Z</time>
</trkpt>
<trkpt lat="44.8987490" lon="8.9519140">
<ele>162.610794</ele>
<time>2010-09-09T08:17:35.002Z</time>
</trkpt>
<trkpt lat="44.8985810" lon="8.9519250">
<ele>163.067993</ele>
<time>2010-09-09T08:17:42.000Z</time>
</trkpt>
<trkpt lat="44.8984970" lon="8.9519890">
<ele>163.555679</ele>
<time>2010-09-09T08:17:50.001Z</time>
</trkpt>
<trkpt lat="44.8984360" lon="8.9520540">
<ele>164.043365</ele>
<time>2010-09-09T08:18:57.097Z</time>
</trkpt>
<trkpt lat="44.8983450" lon="8.9521400">
<ele>164.531036</ele>
<time>2010-09-09T08:19:01.098Z</time>
</trkpt>
<trkpt lat="44.8982690" lon="8.9522360">
<ele>164.988235</ele>
<time>2010-09-09T08:19:04.096Z</time>
</trkpt>
<trkpt lat="44.8982080" lon="8.9523110">
<ele>165.475922</ele>
<time>2010-09-09T08:19:08.003Z</time>
</trkpt>
<trkpt lat="44.8981310" lon="8.9524290">
<ele>165.963593</ele>
<time>2010-09-09T08:19:11.001Z</time>
</trkpt>
<trkpt lat="44.8980860" lon="8.9525150">
<ele>165.963593</ele>
<time>2010-09-09T08:19:13.099Z</time>
</trkpt>
<trkpt lat="44.8980020" lon="8.9526440">
<ele>165.963593</ele>
<time>2010-09-09T08:19:17.099Z</time>
</trkpt>
<trkpt lat="44.8979340" lon="8.9527830">
<ele>166.938965</ele>
<time>2010-09-09T08:19:21.099Z</time>
</trkpt>
<trkpt lat="44.8978730" lon="8.9529120">
<ele>167.396164</ele>
<time>2010-09-09T08:19:24.097Z</time>
</trkpt>
<trkpt lat="44.8978350" lon="8.9530090">
<ele>168.371521</ele>
<time>2010-09-09T08:19:28.004Z</time>
</trkpt>
<trkpt lat="44.8977810" lon="8.9531370">
<ele>169.316406</ele>
<time>2010-09-09T08:19:31.002Z</time>
</trkpt>
<trkpt lat="44.8977400" lon="8.9532000">
<ele>169.804077</ele>
<time>2010-09-09T08:19:35.003Z</time>
</trkpt>
<trkpt lat="44.8977100" lon="8.9533300">
<ele>171.267120</ele>
<time>2010-09-09T08:19:39.003Z</time>
</trkpt>
<trkpt lat="44.8976800" lon="8.9534700">
<ele>171.724335</ele>
<time>2010-09-09T08:19:43.003Z</time>
</trkpt>
<trkpt lat="44.8976600" lon="8.9536000">
<ele>171.267120</ele>
<time>2010-09-09T08:19:47.004Z</time>
</trkpt>
<trkpt lat="44.8976060" lon="8.9537490">
<ele>170.779434</ele>
<time>2010-09-09T08:19:51.097Z</time>
</trkpt>
<trkpt lat="44.8975910" lon="8.9538670">
<ele>170.291763</ele>
<time>2010-09-09T08:19:57.000Z</time>
</trkpt>
<trkpt lat="44.8975380" lon="8.9539950">
<ele>168.859207</ele>
<time>2010-09-09T08:20:02.003Z</time>
</trkpt>
<trkpt lat="44.8975000" lon="8.9541450">
<ele>167.883835</ele>
<time>2010-09-09T08:20:06.096Z</time>
</trkpt>
<trkpt lat="44.8974690" lon="8.9542850">
<ele>166.451279</ele>
<time>2010-09-09T08:20:13.001Z</time>
</trkpt>
<trkpt lat="44.8974240" lon="8.9544240">
<ele>165.475922</ele>
<time>2010-09-09T08:20:18.004Z</time>
</trkpt>
<trkpt lat="44.8974160" lon="8.9545640">
<ele>164.531036</ele>
<time>2010-09-09T08:20:22.004Z</time>
</trkpt>
<trkpt lat="44.8973700" lon="8.9546920">
<ele>164.043365</ele>
<time>2010-09-09T08:20:25.096Z</time>
</trkpt>
<trkpt lat="44.8973780" lon="8.9548210">
<ele>162.610794</ele>
<time>2010-09-09T08:20:29.096Z</time>
</trkpt>
<trkpt lat="44.8973600" lon="8.9549400">
<ele>161.635437</ele>
<time>2010-09-09T08:20:34.099Z</time>
</trkpt>
<trkpt lat="44.8972900" lon="8.9550500">
<ele>160.690567</ele>
<time>2010-09-09T08:20:51.000Z</time>
</trkpt>
<trkpt lat="44.8972000" lon="8.9551100">
<ele>160.690567</ele>
<time>2010-09-09T08:20:56.003Z</time>
</trkpt>
<trkpt lat="44.8971110" lon="8.9552180">
<ele>160.690567</ele>
<time>2010-09-09T08:21:00.096Z</time>
</trkpt>
<trkpt lat="44.8970200" lon="8.9553150">
<ele>161.147766</ele>
<time>2010-09-09T08:21:04.097Z</time>
</trkpt>
<trkpt lat="44.8969360" lon="8.9554330">
<ele>161.635437</ele>
<time>2010-09-09T08:21:08.097Z</time>
</trkpt>
<trkpt lat="44.8968830" lon="8.9555290">
<ele>162.123123</ele>
<time>2010-09-09T08:21:12.097Z</time>
</trkpt>
<trkpt lat="44.8968140" lon="8.9556790">
<ele>162.123123</ele>
<time>2010-09-09T08:21:16.098Z</time>
</trkpt>
<trkpt lat="44.8967700" lon="8.9557700">
<ele>163.555679</ele>
<time>2010-09-09T08:21:19.096Z</time>
</trkpt>
<trkpt lat="44.8967300" lon="8.9559200">
<ele>164.043365</ele>
<time>2010-09-09T08:21:23.003Z</time>
</trkpt>
<trkpt lat="44.8966770" lon="8.9560760">
<ele>165.475922</ele>
<time>2010-09-09T08:21:26.001Z</time>
</trkpt>
<trkpt lat="44.8966240" lon="8.9562370">
<ele>165.963593</ele>
<time>2010-09-09T08:21:28.099Z</time>
</trkpt>
<trkpt lat="44.8965780" lon="8.9563980">
<ele>166.938965</ele>
<time>2010-09-09T08:21:31.097Z</time>
</trkpt>
<trkpt lat="44.8965300" lon="8.9565400">
<ele>166.938965</ele>
<time>2010-09-09T08:21:35.004Z</time>
</trkpt>
<trkpt lat="44.8964800" lon="8.9566400">
<ele>168.371521</ele>
<time>2010-09-09T08:21:38.002Z</time>
</trkpt>
<trkpt lat="44.8964300" lon="8.9567700">
<ele>169.316406</ele>
<time>2010-09-09T08:21:42.002Z</time>
</trkpt>
<trkpt lat="44.8963960" lon="8.9569240">
<ele>169.804077</ele>
<time>2010-09-09T08:21:45.000Z</time>
</trkpt>
<trkpt lat="44.8963580" lon="8.9570520">
<ele>169.804077</ele>
<time>2010-09-09T08:21:47.098Z</time>
</trkpt>
<trkpt lat="44.8963120" lon="8.9571810">
<ele>170.291763</ele>
<time>2010-09-09T08:21:51.098Z</time>
</trkpt>
<trkpt lat="44.8962740" lon="8.9572990">
<ele>171.267120</ele>
<time>2010-09-09T08:23:47.099Z</time>
</trkpt>
<trkpt lat="44.8962210" lon="8.9574280">
<ele>171.724335</ele>
<time>2010-09-09T08:23:50.097Z</time>
</trkpt>
<trkpt lat="44.8961500" lon="8.9575600">
<ele>172.699677</ele>
<time>2010-09-09T08:23:54.004Z</time>
</trkpt>
<trkpt lat="44.8960840" lon="8.9577500">
<ele>173.187363</ele>
<time>2010-09-09T08:23:57.002Z</time>
</trkpt>
<trkpt lat="44.8960150" lon="8.9579000">
<ele>173.644562</ele>
<time>2010-09-09T08:24:00.000Z</time>
</trkpt>
<trkpt lat="44.8959620" lon="8.9580070">
<ele>174.132233</ele>
<time>2010-09-09T08:24:01.096Z</time>
</trkpt>
<trkpt lat="44.8959100" lon="8.9581200">
<ele>175.107605</ele>
<time>2010-09-09T08:24:04.000Z</time>
</trkpt>
<trkpt lat="44.8958400" lon="8.9582750">
<ele>175.564804</ele>
<time>2010-09-09T08:24:05.096Z</time>
</trkpt>
<trkpt lat="44.8957710" lon="8.9584150">
<ele>176.052475</ele>
<time>2010-09-09T08:24:08.001Z</time>
</trkpt>
<trkpt lat="44.8957560" lon="8.9585540">
<ele>177.027832</ele>
<time>2010-09-09T08:24:09.096Z</time>
</trkpt>
<trkpt lat="44.8957500" lon="8.9586600">
<ele>177.972733</ele>
<time>2010-09-09T08:24:12.001Z</time>
</trkpt>
<trkpt lat="44.8957600" lon="8.9588100">
<ele>179.435760</ele>
<time>2010-09-09T08:24:14.099Z</time>
</trkpt>
<trkpt lat="44.8957700" lon="8.9589600">
<ele>179.435760</ele>
<time>2010-09-09T08:24:36.003Z</time>
</trkpt>
<trkpt lat="44.8958400" lon="8.9590600">
<ele>179.435760</ele>
<time>2010-09-09T08:24:40.003Z</time>
</trkpt>
<trkpt lat="44.8959010" lon="8.9591650">
<ele>179.435760</ele>
<time>2010-09-09T08:24:43.001Z</time>
</trkpt>
<trkpt lat="44.8959620" lon="8.9593150">
<ele>179.435760</ele>
<time>2010-09-09T08:24:45.099Z</time>
</trkpt>
<trkpt lat="44.8960080" lon="8.9594650">
<ele>179.435760</ele>
<time>2010-09-09T08:24:48.097Z</time>
</trkpt>
<trkpt lat="44.8960460" lon="8.9596050">
<ele>179.435760</ele>
<time>2010-09-09T08:24:52.004Z</time>
</trkpt>
<trkpt lat="44.8960840" lon="8.9597550">
<ele>178.948074</ele>
<time>2010-09-09T08:24:55.002Z</time>
</trkpt>
<trkpt lat="44.8961070" lon="8.9598940">
<ele>178.460403</ele>
<time>2010-09-09T08:24:58.000Z</time>
</trkpt>
<trkpt lat="44.8961070" lon="8.9601190">
<ele>178.460403</ele>
<time>2010-09-09T08:25:00.098Z</time>
</trkpt>
<trkpt lat="44.8960900" lon="8.9602700">
<ele>177.972733</ele>
<time>2010-09-09T08:25:03.003Z</time>
</trkpt>
<trkpt lat="44.8960800" lon="8.9604400">
<ele>175.564804</ele>
<time>2010-09-09T08:25:04.099Z</time>
</trkpt>
<trkpt lat="44.8960700" lon="8.9606100">
<ele>174.619934</ele>
<time>2010-09-09T08:25:07.003Z</time>
</trkpt>
<trkpt lat="44.8960600" lon="8.9607800">
<ele>173.644562</ele>
<time>2010-09-09T08:25:08.099Z</time>
</trkpt>
<trkpt lat="44.8960600" lon="8.9609500">
<ele>173.187363</ele>
<time>2010-09-09T08:25:11.004Z</time>
</trkpt>
<trkpt lat="44.8960700" lon="8.9611100">
<ele>172.699677</ele>
<time>2010-09-09T08:25:12.099Z</time>
</trkpt>
<trkpt lat="44.8960800" lon="8.9612700">
<ele>172.212006</ele>
<time>2010-09-09T08:25:15.004Z</time>
</trkpt>
<trkpt lat="44.8960900" lon="8.9614300">
<ele>171.724335</ele>
<time>2010-09-09T08:25:17.000Z</time>
</trkpt>
<trkpt lat="44.8961000" lon="8.9615800">
<ele>171.724335</ele>
<time>2010-09-09T08:25:19.004Z</time>
</trkpt>
<trkpt lat="44.8961100" lon="8.9617400">
<ele>171.267120</ele>
<time>2010-09-09T08:25:21.000Z</time>
</trkpt>
<trkpt lat="44.8961000" lon="8.9618800">
<ele>171.267120</ele>
<time>2010-09-09T08:25:22.096Z</time>
</trkpt>
<trkpt lat="44.8960900" lon="8.9620200">
<ele>171.267120</ele>
<time>2010-09-09T08:25:25.000Z</time>
</trkpt>
<trkpt lat="44.8960850" lon="8.9621570">
<ele>171.267120</ele>
<time>2010-09-09T08:25:26.096Z</time>
</trkpt>
<trkpt lat="44.8960470" lon="8.9623390">
<ele>171.267120</ele>
<time>2010-09-09T08:25:29.001Z</time>
</trkpt>
<trkpt lat="44.8960090" lon="8.9624680">
<ele>171.267120</ele>
<time>2010-09-09T08:25:30.096Z</time>
</trkpt>
<trkpt lat="44.8959560" lon="8.9626070">
<ele>170.779434</ele>
<time>2010-09-09T08:25:33.001Z</time>
</trkpt>
<trkpt lat="44.8959180" lon="8.9627250">
<ele>170.291763</ele>
<time>2010-09-09T08:25:34.097Z</time>
</trkpt>
<trkpt lat="44.8958800" lon="8.9628220">
<ele>170.291763</ele>
<time>2010-09-09T08:25:37.001Z</time>
</trkpt>
<trkpt lat="44.8958340" lon="8.9629500">
<ele>169.804077</ele>
<time>2010-09-09T08:25:38.097Z</time>
</trkpt>
<trkpt lat="44.8957880" lon="8.9630790">
<ele>169.316406</ele>
<time>2010-09-09T08:25:42.004Z</time>
</trkpt>
<trkpt lat="44.8957500" lon="8.9631540">
<ele>169.804077</ele>
<time>2010-09-09T08:25:49.002Z</time>
</trkpt>
<trkpt lat="44.8956660" lon="8.9630360">
<ele>170.779434</ele>
<time>2010-09-09T08:25:53.003Z</time>
</trkpt>
<trkpt lat="44.8955370" lon="8.9629610">
<ele>171.267120</ele>
<time>2010-09-09T08:25:56.001Z</time>
</trkpt>
<trkpt lat="44.8954300" lon="8.9629500">
<ele>171.267120</ele>
<time>2010-09-09T08:25:58.099Z</time>
</trkpt>
<trkpt lat="44.8953390" lon="8.9630580">
<ele>171.724335</ele>
<time>2010-09-09T08:26:01.097Z</time>
</trkpt>
<trkpt lat="44.8952700" lon="8.9631220">
<ele>171.724335</ele>
<time>2010-09-09T08:26:05.097Z</time>
</trkpt>
<trkpt lat="44.8952090" lon="8.9631650">
<ele>171.724335</ele>
<time>2010-09-09T08:26:11.000Z</time>
</trkpt>
<trkpt lat="44.8951600" lon="8.9632400">
<ele>171.724335</ele>
<time>2010-09-09T08:26:20.003Z</time>
</trkpt>
<trkpt lat="44.8950950" lon="8.9633050">
<ele>171.724335</ele>
<time>2010-09-09T08:26:24.096Z</time>
</trkpt>
<trkpt lat="44.8950030" lon="8.9634010">
<ele>171.267120</ele>
<time>2010-09-09T08:26:31.001Z</time>
</trkpt>
<trkpt lat="44.8949100" lon="8.9635000">
<ele>171.267120</ele>
<time>2010-09-09T08:26:35.002Z</time>
</trkpt>
<trkpt lat="44.8948300" lon="8.9635500">
<ele>171.267120</ele>
<time>2010-09-09T08:26:38.000Z</time>
</trkpt>
<trkpt lat="44.8947200" lon="8.9636100">
<ele>170.779434</ele>
<time>2010-09-09T08:26:42.000Z</time>
</trkpt>
<trkpt lat="44.8946100" lon="8.9636700">
<ele>170.291763</ele>
<time>2010-09-09T08:26:46.000Z</time>
</trkpt>
<trkpt lat="44.8945100" lon="8.9637100">
<ele>171.724335</ele>
<time>2010-09-09T08:26:50.001Z</time>
</trkpt>
<trkpt lat="44.8944000" lon="8.9637600">
<ele>171.267120</ele>
<time>2010-09-09T08:26:54.001Z</time>
</trkpt>
<trkpt lat="44.8942800" lon="8.9638100">
<ele>171.724335</ele>
<time>2010-09-09T08:26:58.001Z</time>
</trkpt>
<trkpt lat="44.8941900" lon="8.9638400">
<ele>172.212006</ele>
<time>2010-09-09T08:27:00.099Z</time>
</trkpt>
<trkpt lat="44.8940900" lon="8.9638700">
<ele>171.724335</ele>
<time>2010-09-09T08:27:03.097Z</time>
</trkpt>
<trkpt lat="44.8939900" lon="8.9639000">
<ele>172.212006</ele>
<time>2010-09-09T08:27:07.004Z</time>
</trkpt>
<trkpt lat="44.8938910" lon="8.9639380">
<ele>172.212006</ele>
<time>2010-09-09T08:27:10.002Z</time>
</trkpt>
<trkpt lat="44.8937920" lon="8.9639700">
<ele>172.212006</ele>
<time>2010-09-09T08:27:13.000Z</time>
</trkpt>
<trkpt lat="44.8936900" lon="8.9639500">
<ele>173.187363</ele>
<time>2010-09-09T08:27:15.098Z</time>
</trkpt>
<trkpt lat="44.8935900" lon="8.9639600">
<ele>173.187363</ele>
<time>2010-09-09T08:27:18.096Z</time>
</trkpt>
<trkpt lat="44.8934900" lon="8.9639500">
<ele>174.132233</ele>
<time>2010-09-09T08:27:22.003Z</time>
</trkpt>
<trkpt lat="44.8934000" lon="8.9639400">
<ele>174.619934</ele>
<time>2010-09-09T08:27:25.001Z</time>
</trkpt>
<trkpt lat="44.8933100" lon="8.9639300">
<ele>175.107605</ele>
<time>2010-09-09T08:27:27.099Z</time>
</trkpt>
<trkpt lat="44.8932200" lon="8.9639300">
<ele>175.107605</ele>
<time>2010-09-09T08:27:32.000Z</time>
</trkpt>
<trkpt lat="44.8931290" lon="8.9639380">
<ele>174.619934</ele>
<time>2010-09-09T08:27:37.002Z</time>
</trkpt>
<trkpt lat="44.8930980" lon="8.9641420">
<ele>173.187363</ele>
<time>2010-09-09T08:27:41.003Z</time>
</trkpt>
<trkpt lat="44.8930800" lon="8.9642600">
<ele>172.212006</ele>
<time>2010-09-09T08:27:45.096Z</time>
</trkpt>
<trkpt lat="44.8930760" lon="8.9644320">
<ele>171.267120</ele>
<time>2010-09-09T08:29:02.003Z</time>
</trkpt>
<trkpt lat="44.8930700" lon="8.9645800">
<ele>170.779434</ele>
<time>2010-09-09T08:29:06.003Z</time>
</trkpt>
<trkpt lat="44.8930800" lon="8.9647300">
<ele>169.316406</ele>
<time>2010-09-09T08:29:09.001Z</time>
</trkpt>
<trkpt lat="44.8931100" lon="8.9649000">
<ele>168.859207</ele>
<time>2010-09-09T08:29:11.099Z</time>
</trkpt>
<trkpt lat="44.8931400" lon="8.9650600">
<ele>168.859207</ele>
<time>2010-09-09T08:29:14.097Z</time>
</trkpt>
<trkpt lat="44.8931750" lon="8.9652140">
<ele>168.371521</ele>
<time>2010-09-09T08:29:18.004Z</time>
</trkpt>
<trkpt lat="44.8932590" lon="8.9653430">
<ele>169.804077</ele>
<time>2010-09-09T08:29:21.002Z</time>
</trkpt>
<trkpt lat="44.8933430" lon="8.9654390">
<ele>170.291763</ele>
<time>2010-09-09T08:29:24.000Z</time>
</trkpt>
<trkpt lat="44.8934110" lon="8.9655250">
<ele>171.724335</ele>
<time>2010-09-09T08:29:25.096Z</time>
</trkpt>
<trkpt lat="44.8934950" lon="8.9656110">
<ele>172.212006</ele>
<time>2010-09-09T08:29:28.000Z</time>
</trkpt>
<trkpt lat="44.8935480" lon="8.9656750">
<ele>172.212006</ele>
<time>2010-09-09T08:29:29.096Z</time>
</trkpt>
<trkpt lat="44.8936400" lon="8.9657700">
<ele>172.699677</ele>
<time>2010-09-09T08:29:32.001Z</time>
</trkpt>
<trkpt lat="44.8937160" lon="8.9658680">
<ele>173.187363</ele>
<time>2010-09-09T08:29:33.096Z</time>
</trkpt>
<trkpt lat="44.8938230" lon="8.9659540">
<ele>173.644562</ele>
<time>2010-09-09T08:29:37.003Z</time>
</trkpt>
<trkpt lat="44.8939000" lon="8.9660100">
<ele>175.564804</ele>
<time>2010-09-09T08:29:40.001Z</time>
</trkpt>
<trkpt lat="44.8939800" lon="8.9661300">
<ele>176.052475</ele>
<time>2010-09-09T08:29:44.002Z</time>
</trkpt>
<trkpt lat="44.8940400" lon="8.9662400">
<ele>176.052475</ele>
<time>2010-09-09T08:29:47.000Z</time>
</trkpt>
<trkpt lat="44.8940900" lon="8.9663600">
<ele>177.027832</ele>
<time>2010-09-09T08:29:51.000Z</time>
</trkpt>
<trkpt lat="44.8941000" lon="8.9663200">
<ele>177.972733</ele>
<time>2010-09-09T08:40:25.003Z</time>
</trkpt>
<trkpt lat="44.8940820" lon="8.9664260">
<ele>180.380630</ele>
<time>2010-09-09T08:41:04.004Z</time>
</trkpt>
<trkpt lat="44.8940590" lon="8.9665760">
<ele>181.813202</ele>
<time>2010-09-09T08:41:12.098Z</time>
</trkpt>
<trkpt lat="44.8940370" lon="8.9666940">
<ele>183.276230</ele>
<time>2010-09-09T08:41:23.004Z</time>
</trkpt>
<trkpt lat="44.8940000" lon="8.9667800">
<ele>185.196472</ele>
<time>2010-09-09T08:41:34.002Z</time>
</trkpt>
<trkpt lat="44.8939300" lon="8.9668700">
<ele>187.604401</ele>
<time>2010-09-09T08:41:46.003Z</time>
</trkpt>
<trkpt lat="44.8938500" lon="8.9669400">
<ele>190.469528</ele>
<time>2010-09-09T08:41:58.004Z</time>
</trkpt>
<trkpt lat="44.8937600" lon="8.9669900">
<ele>192.389771</ele>
<time>2010-09-09T08:42:09.096Z</time>
</trkpt>
<trkpt lat="44.8936700" lon="8.9670100">
<ele>192.877441</ele>
<time>2010-09-09T08:42:20.002Z</time>
</trkpt>
<trkpt lat="44.8935700" lon="8.9670300">
<ele>193.365128</ele>
<time>2010-09-09T08:42:29.098Z</time>
</trkpt>
<trkpt lat="44.8934800" lon="8.9670500">
<ele>195.285370</ele>
<time>2010-09-09T08:42:40.003Z</time>
</trkpt>
<trkpt lat="44.8933900" lon="8.9670700">
<ele>195.773041</ele>
<time>2010-09-09T08:42:50.000Z</time>
</trkpt>
<trkpt lat="44.8933130" lon="8.9670910">
<ele>197.205597</ele>
<time>2010-09-09T08:42:59.003Z</time>
</trkpt>
<trkpt lat="44.8932210" lon="8.9671440">
<ele>198.180969</ele>
<time>2010-09-09T08:43:08.099Z</time>
</trkpt>
<trkpt lat="44.8931450" lon="8.9673480">
<ele>198.180969</ele>
<time>2010-09-09T08:43:19.004Z</time>
</trkpt>
<trkpt lat="44.8930990" lon="8.9674550">
<ele>199.125839</ele>
<time>2010-09-09T08:43:29.001Z</time>
</trkpt>
<trkpt lat="44.8930540" lon="8.9675630">
<ele>201.533768</ele>
<time>2010-09-09T08:43:38.097Z</time>
</trkpt>
<trkpt lat="44.8929930" lon="8.9676810">
<ele>202.509125</ele>
<time>2010-09-09T08:43:49.002Z</time>
</trkpt>
<trkpt lat="44.8929500" lon="8.9677700">
<ele>203.453995</ele>
<time>2010-09-09T08:43:58.099Z</time>
</trkpt>
<trkpt lat="44.8929000" lon="8.9678700">
<ele>203.941666</ele>
<time>2010-09-09T08:44:24.003Z</time>
</trkpt>
<trkpt lat="44.8928480" lon="8.9680020">
<ele>203.941666</ele>
<time>2010-09-09T08:44:32.097Z</time>
</trkpt>
<trkpt lat="44.8928020" lon="8.9681100">
<ele>204.886566</ele>
<time>2010-09-09T08:44:43.002Z</time>
</trkpt>
<trkpt lat="44.8927640" lon="8.9682280">
<ele>205.861923</ele>
<time>2010-09-09T08:44:54.001Z</time>
</trkpt>
<trkpt lat="44.8927260" lon="8.9683460">
<ele>207.294479</ele>
<time>2010-09-09T08:45:05.000Z</time>
</trkpt>
<trkpt lat="44.8926880" lon="8.9684640">
<ele>208.269836</ele>
<time>2010-09-09T08:45:17.001Z</time>
</trkpt>
<trkpt lat="44.8926400" lon="8.9685600">
<ele>208.269836</ele>
<time>2010-09-09T08:45:27.099Z</time>
</trkpt>
<trkpt lat="44.8926200" lon="8.9687000">
<ele>210.190079</ele>
<time>2010-09-09T08:45:41.003Z</time>
</trkpt>
<trkpt lat="44.8926040" lon="8.9687640">
<ele>209.702393</ele>
<time>2010-09-09T08:46:12.003Z</time>
</trkpt>
<trkpt lat="44.8925130" lon="8.9687960">
<ele>211.134964</ele>
<time>2010-09-09T08:47:56.003Z</time>
</trkpt>
<trkpt lat="44.8924210" lon="8.9687750">
<ele>212.110321</ele>
<time>2010-09-09T08:48:07.001Z</time>
</trkpt>
<trkpt lat="44.8923300" lon="8.9687600">
<ele>213.055206</ele>
<time>2010-09-09T08:48:28.099Z</time>
</trkpt>
<trkpt lat="44.8922400" lon="8.9687400">
<ele>214.518234</ele>
<time>2010-09-09T08:48:38.002Z</time>
</trkpt>
<trkpt lat="44.8921400" lon="8.9687100">
<ele>215.950806</ele>
<time>2010-09-09T08:48:55.099Z</time>
</trkpt>
<trkpt lat="44.8920500" lon="8.9687000">
<ele>217.383362</ele>
<time>2010-09-09T08:49:08.000Z</time>
</trkpt>
<trkpt lat="44.8919600" lon="8.9686800">
<ele>219.303604</ele>
<time>2010-09-09T08:49:18.098Z</time>
</trkpt>
<trkpt lat="44.8918700" lon="8.9686700">
<ele>220.278961</ele>
<time>2010-09-09T08:49:29.097Z</time>
</trkpt>
<trkpt lat="44.8917800" lon="8.9686600">
<ele>222.199203</ele>
<time>2010-09-09T08:49:40.096Z</time>
</trkpt>
<trkpt lat="44.8916750" lon="8.9686140">
<ele>224.607132</ele>
<time>2010-09-09T08:49:52.097Z</time>
</trkpt>
<trkpt lat="44.8915760" lon="8.9686040">
<ele>226.527359</ele>
<time>2010-09-09T08:50:04.004Z</time>
</trkpt>
<trkpt lat="44.8914990" lon="8.9685710">
<ele>227.502731</ele>
<time>2010-09-09T08:50:15.003Z</time>
</trkpt>
<trkpt lat="44.8914380" lon="8.9685390">
<ele>230.367844</ele>
<time>2010-09-09T08:50:27.004Z</time>
</trkpt>
<trkpt lat="44.8913390" lon="8.9685290">
<ele>231.800400</ele>
<time>2010-09-09T08:50:38.096Z</time>
</trkpt>
<trkpt lat="44.8912170" lon="8.9684860">
<ele>233.751129</ele>
<time>2010-09-09T08:50:50.097Z</time>
</trkpt>
<trkpt lat="44.8911260" lon="8.9684970">
<ele>235.671356</ele>
<time>2010-09-09T08:51:02.098Z</time>
</trkpt>
<trkpt lat="44.8910420" lon="8.9684860">
<ele>237.591599</ele>
<time>2010-09-09T08:51:14.099Z</time>
</trkpt>
<trkpt lat="44.8909430" lon="8.9684970">
<ele>238.536469</ele>
<time>2010-09-09T08:51:28.002Z</time>
</trkpt>
<trkpt lat="44.8908520" lon="8.9684970">
<ele>239.511841</ele>
<time>2010-09-09T08:51:40.003Z</time>
</trkpt>
<trkpt lat="44.8907980" lon="8.9684970">
<ele>241.432068</ele>
<time>2010-09-09T08:52:53.096Z</time>
</trkpt>
<trkpt lat="44.8906990" lon="8.9685080">
<ele>242.376968</ele>
<time>2010-09-09T08:53:05.004Z</time>
</trkpt>
<trkpt lat="44.8906000" lon="8.9685300">
<ele>244.784866</ele>
<time>2010-09-09T08:53:16.002Z</time>
</trkpt>
<trkpt lat="44.8905010" lon="8.9685180">
<ele>245.760239</ele>
<time>2010-09-09T08:53:25.099Z</time>
</trkpt>
<trkpt lat="44.8904170" lon="8.9685290">
<ele>247.192795</ele>
<time>2010-09-09T08:53:55.097Z</time>
</trkpt>
<trkpt lat="44.8903330" lon="8.9685400">
<ele>248.625366</ele>
<time>2010-09-09T08:54:07.004Z</time>
</trkpt>
<trkpt lat="44.8902490" lon="8.9685510">
<ele>249.600723</ele>
<time>2010-09-09T08:54:21.001Z</time>
</trkpt>
<trkpt lat="44.8901500" lon="8.9685700">
<ele>249.113037</ele>
<time>2010-09-09T08:54:29.002Z</time>
</trkpt>
<trkpt lat="44.8900500" lon="8.9685700">
<ele>250.088394</ele>
<time>2010-09-09T08:54:37.002Z</time>
</trkpt>
<trkpt lat="44.8899600" lon="8.9685830">
<ele>250.088394</ele>
<time>2010-09-09T08:54:45.003Z</time>
</trkpt>
<trkpt lat="44.8898680" lon="8.9686040">
<ele>250.545593</ele>
<time>2010-09-09T08:54:53.097Z</time>
</trkpt>
<trkpt lat="44.8897770" lon="8.9686050">
<ele>251.520966</ele>
<time>2010-09-09T08:55:01.098Z</time>
</trkpt>
<trkpt lat="44.8896780" lon="8.9686150">
<ele>252.496323</ele>
<time>2010-09-09T08:55:09.098Z</time>
</trkpt>
<trkpt lat="44.8895790" lon="8.9686150">
<ele>252.008636</ele>
<time>2010-09-09T08:55:19.001Z</time>
</trkpt>
<trkpt lat="44.8894800" lon="8.9686050">
<ele>252.496323</ele>
<time>2010-09-09T08:55:28.004Z</time>
</trkpt>
<trkpt lat="44.8893810" lon="8.9686150">
<ele>252.953522</ele>
<time>2010-09-09T08:55:36.098Z</time>
</trkpt>
<trkpt lat="44.8892820" lon="8.9685940">
<ele>253.928879</ele>
<time>2010-09-09T08:55:44.099Z</time>
</trkpt>
<trkpt lat="44.8891980" lon="8.9685940">
<ele>254.873764</ele>
<time>2010-09-09T08:55:53.000Z</time>
</trkpt>
<trkpt lat="44.8891060" lon="8.9686050">
<ele>255.849121</ele>
<time>2010-09-09T08:56:02.003Z</time>
</trkpt>
<trkpt lat="44.8890070" lon="8.9685940">
<ele>255.849121</ele>
<time>2010-09-09T08:56:10.097Z</time>
</trkpt>
<trkpt lat="44.8889230" lon="8.9685940">
<ele>255.361435</ele>
<time>2010-09-09T08:56:20.000Z</time>
</trkpt>
<trkpt lat="44.8888170" lon="8.9685620">
<ele>256.824463</ele>
<time>2010-09-09T08:56:29.096Z</time>
</trkpt>
<trkpt lat="44.8887250" lon="8.9685190">
<ele>258.257050</ele>
<time>2010-09-09T08:56:38.099Z</time>
</trkpt>
<trkpt lat="44.8886260" lon="8.9684870">
<ele>259.689606</ele>
<time>2010-09-09T08:56:48.002Z</time>
</trkpt>
<trkpt lat="44.8885500" lon="8.9684870">
<ele>261.122162</ele>
<time>2010-09-09T08:56:59.001Z</time>
</trkpt>
<trkpt lat="44.8884740" lon="8.9685300">
<ele>263.072876</ele>
<time>2010-09-09T08:57:11.002Z</time>
</trkpt>
<trkpt lat="44.8883700" lon="8.9685400">
<ele>264.017761</ele>
<time>2010-09-09T08:57:22.000Z</time>
</trkpt>
<trkpt lat="44.8882800" lon="8.9686200">
<ele>265.937988</ele>
<time>2010-09-09T08:57:32.099Z</time>
</trkpt>
<trkpt lat="44.8881900" lon="8.9686600">
<ele>268.345917</ele>
<time>2010-09-09T08:57:43.098Z</time>
</trkpt>
<trkpt lat="44.8880900" lon="8.9686500">
<ele>270.266174</ele>
<time>2010-09-09T08:57:54.096Z</time>
</trkpt>
<trkpt lat="44.8880000" lon="8.9685900">
<ele>270.753845</ele>
<time>2010-09-09T08:58:03.099Z</time>
</trkpt>
<trkpt lat="44.8879200" lon="8.9685300">
<ele>270.266174</ele>
<time>2010-09-09T08:58:12.000Z</time>
</trkpt>
<trkpt lat="44.8878300" lon="8.9684800">
<ele>270.753845</ele>
<time>2010-09-09T08:58:20.001Z</time>
</trkpt>
<trkpt lat="44.8877400" lon="8.9684400">
<ele>271.698730</ele>
<time>2010-09-09T08:58:28.001Z</time>
</trkpt>
<trkpt lat="44.8876430" lon="8.9684020">
<ele>271.241516</ele>
<time>2010-09-09T08:58:36.002Z</time>
</trkpt>
<trkpt lat="44.8875520" lon="8.9683910">
<ele>272.186401</ele>
<time>2010-09-09T08:58:44.003Z</time>
</trkpt>
<trkpt lat="44.8874530" lon="8.9683810">
<ele>273.161774</ele>
<time>2010-09-09T08:58:52.003Z</time>
</trkpt>
<trkpt lat="44.8873610" lon="8.9683810">
<ele>273.161774</ele>
<time>2010-09-09T08:59:00.004Z</time>
</trkpt>
<trkpt lat="44.8872700" lon="8.9683700">
<ele>273.161774</ele>
<time>2010-09-09T08:59:07.096Z</time>
</trkpt>
<trkpt lat="44.8871710" lon="8.9683700">
<ele>273.161774</ele>
<time>2010-09-09T08:59:15.096Z</time>
</trkpt>
<trkpt lat="44.8870640" lon="8.9683700">
<ele>274.106628</ele>
<time>2010-09-09T08:59:23.097Z</time>
</trkpt>
<trkpt lat="44.8869800" lon="8.9683500">
<ele>274.594330</ele>
<time>2010-09-09T08:59:33.000Z</time>
</trkpt>
<trkpt lat="44.8868900" lon="8.9683500">
<ele>275.082001</ele>
<time>2010-09-09T08:59:41.001Z</time>
</trkpt>
<trkpt lat="44.8868000" lon="8.9683600">
<ele>275.569672</ele>
<time>2010-09-09T08:59:49.001Z</time>
</trkpt>
<trkpt lat="44.8867100" lon="8.9683800">
<ele>275.569672</ele>
<time>2010-09-09T08:59:58.004Z</time>
</trkpt>
<trkpt lat="44.8866100" lon="8.9684000">
<ele>276.514557</ele>
<time>2010-09-09T09:00:06.098Z</time>
</trkpt>
<trkpt lat="44.8865200" lon="8.9684200">
<ele>277.002228</ele>
<time>2010-09-09T09:00:14.099Z</time>
</trkpt>
<trkpt lat="44.8864240" lon="8.9684130">
<ele>277.489929</ele>
<time>2010-09-09T09:00:24.002Z</time>
</trkpt>
<trkpt lat="44.8863090" lon="8.9684130">
<ele>277.947113</ele>
<time>2010-09-09T09:00:32.096Z</time>
</trkpt>
<trkpt lat="44.8862260" lon="8.9683920">
<ele>277.947113</ele>
<time>2010-09-09T09:00:40.097Z</time>
</trkpt>
<trkpt lat="44.8861490" lon="8.9683600">
<ele>278.434814</ele>
<time>2010-09-09T09:00:48.097Z</time>
</trkpt>
<trkpt lat="44.8860600" lon="8.9683300">
<ele>279.410156</ele>
<time>2010-09-09T09:00:56.098Z</time>
</trkpt>
<trkpt lat="44.8859820" lon="8.9683060">
<ele>279.867371</ele>
<time>2010-09-09T09:01:04.099Z</time>
</trkpt>
<trkpt lat="44.8859280" lon="8.9682740">
<ele>280.355042</ele>
<time>2010-09-09T09:01:29.001Z</time>
</trkpt>
<trkpt lat="44.8858450" lon="8.9682310">
<ele>281.818085</ele>
<time>2010-09-09T09:01:38.004Z</time>
</trkpt>
<trkpt lat="44.8857230" lon="8.9681780">
<ele>282.275269</ele>
<time>2010-09-09T09:01:46.004Z</time>
</trkpt>
<trkpt lat="44.8856300" lon="8.9681200">
<ele>282.762970</ele>
<time>2010-09-09T09:01:53.096Z</time>
</trkpt>
<trkpt lat="44.8855400" lon="8.9680900">
<ele>282.762970</ele>
<time>2010-09-09T09:02:01.097Z</time>
</trkpt>
<trkpt lat="44.8854560" lon="8.9680490">
<ele>283.738342</ele>
<time>2010-09-09T09:02:09.097Z</time>
</trkpt>
<trkpt lat="44.8853600" lon="8.9680200">
<ele>283.250641</ele>
<time>2010-09-09T09:02:19.000Z</time>
</trkpt>
<trkpt lat="44.8852600" lon="8.9679900">
<ele>283.738342</ele>
<time>2010-09-09T09:02:28.003Z</time>
</trkpt>
<trkpt lat="44.8851590" lon="8.9679750">
<ele>284.195526</ele>
<time>2010-09-09T09:02:36.097Z</time>
</trkpt>
<trkpt lat="44.8850670" lon="8.9679420">
<ele>284.683197</ele>
<time>2010-09-09T09:02:44.098Z</time>
</trkpt>
<trkpt lat="44.8849760" lon="8.9679420">
<ele>285.658569</ele>
<time>2010-09-09T09:02:52.099Z</time>
</trkpt>
<trkpt lat="44.8848690" lon="8.9679530">
<ele>286.115753</ele>
<time>2010-09-09T09:03:02.002Z</time>
</trkpt>
<trkpt lat="44.8848000" lon="8.9679430">
<ele>287.578796</ele>
<time>2010-09-09T09:03:10.002Z</time>
</trkpt>
<trkpt lat="44.8847010" lon="8.9679430">
<ele>289.011353</ele>
<time>2010-09-09T09:03:18.096Z</time>
</trkpt>
<trkpt lat="44.8845870" lon="8.9679320">
<ele>289.011353</ele>
<time>2010-09-09T09:03:27.099Z</time>
</trkpt>
<trkpt lat="44.8844880" lon="8.9679320">
<ele>289.986725</ele>
<time>2010-09-09T09:03:37.002Z</time>
</trkpt>
<trkpt lat="44.8843960" lon="8.9679430">
<ele>290.443939</ele>
<time>2010-09-09T09:03:45.096Z</time>
</trkpt>
<trkpt lat="44.8842970" lon="8.9679320">
<ele>291.419281</ele>
<time>2010-09-09T09:03:56.002Z</time>
</trkpt>
<trkpt lat="44.8842300" lon="8.9679100">
<ele>292.364166</ele>
<time>2010-09-09T09:04:07.000Z</time>
</trkpt>
<trkpt lat="44.8841300" lon="8.9678700">
<ele>293.827209</ele>
<time>2010-09-09T09:04:16.097Z</time>
</trkpt>
<trkpt lat="44.8840400" lon="8.9678300">
<ele>294.772064</ele>
<time>2010-09-09T09:04:31.096Z</time>
</trkpt>
<trkpt lat="44.8839600" lon="8.9677600">
<ele>294.314880</ele>
<time>2010-09-09T09:04:51.097Z</time>
</trkpt>
<trkpt lat="44.8838700" lon="8.9676800">
<ele>293.827209</ele>
<time>2010-09-09T09:05:01.000Z</time>
</trkpt>
<trkpt lat="44.8837900" lon="8.9676000">
<ele>293.339539</ele>
<time>2010-09-09T09:05:09.001Z</time>
</trkpt>
<trkpt lat="44.8837200" lon="8.9675300">
<ele>292.851837</ele>
<time>2010-09-09T09:05:17.002Z</time>
</trkpt>
<trkpt lat="44.8836400" lon="8.9674600">
<ele>292.851837</ele>
<time>2010-09-09T09:05:25.002Z</time>
</trkpt>
<trkpt lat="44.8835500" lon="8.9674100">
<ele>292.851837</ele>
<time>2010-09-09T09:05:33.003Z</time>
</trkpt>
<trkpt lat="44.8834500" lon="8.9673900">
<ele>291.906952</ele>
<time>2010-09-09T09:05:41.004Z</time>
</trkpt>
<trkpt lat="44.8833600" lon="8.9674000">
<ele>291.419281</ele>
<time>2010-09-09T09:05:49.004Z</time>
</trkpt>
<trkpt lat="44.8832700" lon="8.9674300">
<ele>291.419281</ele>
<time>2010-09-09T09:05:56.096Z</time>
</trkpt>
<trkpt lat="44.8831920" lon="8.9674610">
<ele>290.931610</ele>
<time>2010-09-09T09:06:04.097Z</time>
</trkpt>
<trkpt lat="44.8830930" lon="8.9675150">
<ele>290.443939</ele>
<time>2010-09-09T09:06:31.003Z</time>
</trkpt>
<trkpt lat="44.8830090" lon="8.9675680">
<ele>290.931610</ele>
<time>2010-09-09T09:06:39.004Z</time>
</trkpt>
<trkpt lat="44.8829030" lon="8.9676430">
<ele>290.443939</ele>
<time>2010-09-09T09:06:46.096Z</time>
</trkpt>
<trkpt lat="44.8828300" lon="8.9677000">
<ele>290.443939</ele>
<time>2010-09-09T09:06:54.096Z</time>
</trkpt>
<trkpt lat="44.8827430" lon="8.9677510">
<ele>289.986725</ele>
<time>2010-09-09T09:07:02.097Z</time>
</trkpt>
<trkpt lat="44.8826440" lon="8.9677940">
<ele>290.443939</ele>
<time>2010-09-09T09:07:10.098Z</time>
</trkpt>
<trkpt lat="44.8825600" lon="8.9678900">
<ele>289.986725</ele>
<time>2010-09-09T09:07:18.098Z</time>
</trkpt>
<trkpt lat="44.8824760" lon="8.9679440">
<ele>289.499023</ele>
<time>2010-09-09T09:07:26.099Z</time>
</trkpt>
<trkpt lat="44.8824000" lon="8.9680400">
<ele>290.931610</ele>
<time>2010-09-09T09:07:35.000Z</time>
</trkpt>
<trkpt lat="44.8823300" lon="8.9681200">
<ele>290.443939</ele>
<time>2010-09-09T09:07:43.000Z</time>
</trkpt>
<trkpt lat="44.8822600" lon="8.9682100">
<ele>291.906952</ele>
<time>2010-09-09T09:07:51.001Z</time>
</trkpt>
<trkpt lat="44.8822100" lon="8.9683200">
<ele>291.419281</ele>
<time>2010-09-09T09:07:59.002Z</time>
</trkpt>
<trkpt lat="44.8821600" lon="8.9684400">
<ele>291.906952</ele>
<time>2010-09-09T09:08:07.002Z</time>
</trkpt>
<trkpt lat="44.8821200" lon="8.9685700">
<ele>291.906952</ele>
<time>2010-09-09T09:08:15.003Z</time>
</trkpt>
<trkpt lat="44.8820570" lon="8.9686950">
<ele>291.906952</ele>
<time>2010-09-09T09:08:23.004Z</time>
</trkpt>
<trkpt lat="44.8819960" lon="8.9688020">
<ele>291.906952</ele>
<time>2010-09-09T09:08:31.004Z</time>
</trkpt>
<trkpt lat="44.8819280" lon="8.9689300">
<ele>292.364166</ele>
<time>2010-09-09T09:08:38.096Z</time>
</trkpt>
<trkpt lat="44.8818670" lon="8.9690160">
<ele>292.851837</ele>
<time>2010-09-09T09:08:46.097Z</time>
</trkpt>
<trkpt lat="44.8818060" lon="8.9691020">
<ele>292.364166</ele>
<time>2010-09-09T09:08:54.097Z</time>
</trkpt>
<trkpt lat="44.8817600" lon="8.9691900">
<ele>293.339539</ele>
<time>2010-09-09T09:09:02.098Z</time>
</trkpt>
<trkpt lat="44.8816900" lon="8.9692800">
<ele>293.827209</ele>
<time>2010-09-09T09:09:10.099Z</time>
</trkpt>
<trkpt lat="44.8816200" lon="8.9693700">
<ele>294.314880</ele>
<time>2010-09-09T09:09:17.097Z</time>
</trkpt>
<trkpt lat="44.8815500" lon="8.9694600">
<ele>294.314880</ele>
<time>2010-09-09T09:09:25.098Z</time>
</trkpt>
<trkpt lat="44.8814700" lon="8.9695400">
<ele>294.772064</ele>
<time>2010-09-09T09:09:33.098Z</time>
</trkpt>
<trkpt lat="44.8813870" lon="8.9696280">
<ele>295.747437</ele>
<time>2010-09-09T09:09:41.099Z</time>
</trkpt>
<trkpt lat="44.8813180" lon="8.9697350">
<ele>295.259766</ele>
<time>2010-09-09T09:09:50.000Z</time>
</trkpt>
<trkpt lat="44.8812720" lon="8.9698530">
<ele>295.259766</ele>
<time>2010-09-09T09:10:02.001Z</time>
</trkpt>
<trkpt lat="44.8812340" lon="8.9699920">
<ele>295.259766</ele>
<time>2010-09-09T09:10:10.001Z</time>
</trkpt>
<trkpt lat="44.8811960" lon="8.9701640">
<ele>295.259766</ele>
<time>2010-09-09T09:10:18.002Z</time>
</trkpt>
<trkpt lat="44.8812120" lon="8.9703030">
<ele>296.235138</ele>
<time>2010-09-09T09:10:26.003Z</time>
</trkpt>
<trkpt lat="44.8812300" lon="8.9704400">
<ele>296.235138</ele>
<time>2010-09-09T09:10:34.003Z</time>
</trkpt>
<trkpt lat="44.8812650" lon="8.9705710">
<ele>297.179993</ele>
<time>2010-09-09T09:10:42.004Z</time>
</trkpt>
<trkpt lat="44.8813110" lon="8.9707100">
<ele>297.179993</ele>
<time>2010-09-09T09:10:49.096Z</time>
</trkpt>
<trkpt lat="44.8813300" lon="8.9708100">
<ele>297.179993</ele>
<time>2010-09-09T09:10:57.096Z</time>
</trkpt>
<trkpt lat="44.8813720" lon="8.9709350">
<ele>297.179993</ele>
<time>2010-09-09T09:11:05.097Z</time>
</trkpt>
<trkpt lat="44.8814100" lon="8.9710600">
<ele>296.692322</ele>
<time>2010-09-09T09:11:13.098Z</time>
</trkpt>
<trkpt lat="44.8814480" lon="8.9711820">
<ele>296.692322</ele>
<time>2010-09-09T09:11:21.098Z</time>
</trkpt>
<trkpt lat="44.8814940" lon="8.9713110">
<ele>296.692322</ele>
<time>2010-09-09T09:11:28.097Z</time>
</trkpt>
<trkpt lat="44.8815240" lon="8.9714280">
<ele>296.235138</ele>
<time>2010-09-09T09:11:36.004Z</time>
</trkpt>
<trkpt lat="44.8815620" lon="8.9715360">
<ele>295.259766</ele>
<time>2010-09-09T09:11:43.002Z</time>
</trkpt>
<trkpt lat="44.8816010" lon="8.9716540">
<ele>295.259766</ele>
<time>2010-09-09T09:11:50.001Z</time>
</trkpt>
<trkpt lat="44.8816390" lon="8.9717930">
<ele>294.772064</ele>
<time>2010-09-09T09:11:58.001Z</time>
</trkpt>
<trkpt lat="44.8816600" lon="8.9719100">
<ele>293.339539</ele>
<time>2010-09-09T09:12:07.004Z</time>
</trkpt>
<trkpt lat="44.8816900" lon="8.9720700">
<ele>293.339539</ele>
<time>2010-09-09T09:12:37.096Z</time>
</trkpt>
<trkpt lat="44.8817100" lon="8.9722000">
<ele>293.827209</ele>
<time>2010-09-09T09:12:45.096Z</time>
</trkpt>
<trkpt lat="44.8817300" lon="8.9723400">
<ele>292.851837</ele>
<time>2010-09-09T09:12:53.097Z</time>
</trkpt>
<trkpt lat="44.8817600" lon="8.9724500">
<ele>292.851837</ele>
<time>2010-09-09T09:13:01.004Z</time>
</trkpt>
<trkpt lat="44.8817840" lon="8.9725970">
<ele>292.364166</ele>
<time>2010-09-09T09:13:08.096Z</time>
</trkpt>
<trkpt lat="44.8818000" lon="8.9727100">
<ele>292.851837</ele>
<time>2010-09-09T09:13:16.097Z</time>
</trkpt>
<trkpt lat="44.8818370" lon="8.9728540">
<ele>291.906952</ele>
<time>2010-09-09T09:13:24.097Z</time>
</trkpt>
<trkpt lat="44.8818700" lon="8.9729800">
<ele>291.906952</ele>
<time>2010-09-09T09:13:32.098Z</time>
</trkpt>
<trkpt lat="44.8819060" lon="8.9731010">
<ele>291.419281</ele>
<time>2010-09-09T09:13:40.099Z</time>
</trkpt>
<trkpt lat="44.8819440" lon="8.9732080">
<ele>291.419281</ele>
<time>2010-09-09T09:13:48.099Z</time>
</trkpt>
<trkpt lat="44.8819820" lon="8.9733580">
<ele>291.419281</ele>
<time>2010-09-09T09:13:57.000Z</time>
</trkpt>
<trkpt lat="44.8820350" lon="8.9734970">
<ele>291.419281</ele>
<time>2010-09-09T09:14:05.001Z</time>
</trkpt>
<trkpt lat="44.8820960" lon="8.9736370">
<ele>290.931610</ele>
<time>2010-09-09T09:15:08.097Z</time>
</trkpt>
<trkpt lat="44.8821500" lon="8.9737010">
<ele>290.931610</ele>
<time>2010-09-09T09:15:55.099Z</time>
</trkpt>
<trkpt lat="44.8822030" lon="8.9737870">
<ele>290.931610</ele>
<time>2010-09-09T09:16:03.099Z</time>
</trkpt>
<trkpt lat="44.8822640" lon="8.9738400">
<ele>290.931610</ele>
<time>2010-09-09T09:16:13.002Z</time>
</trkpt>
<trkpt lat="44.8823400" lon="8.9739040">
<ele>290.931610</ele>
<time>2010-09-09T09:16:21.003Z</time>
</trkpt>
<trkpt lat="44.8824320" lon="8.9739470">
<ele>289.986725</ele>
<time>2010-09-09T09:16:29.004Z</time>
</trkpt>
<trkpt lat="44.8825230" lon="8.9740010">
<ele>289.499023</ele>
<time>2010-09-09T09:16:37.098Z</time>
</trkpt>
<trkpt lat="44.8826220" lon="8.9740120">
<ele>289.011353</ele>
<time>2010-09-09T09:16:56.004Z</time>
</trkpt>
<trkpt lat="44.8827140" lon="8.9740220">
<ele>289.011353</ele>
<time>2010-09-09T09:17:04.004Z</time>
</trkpt>
<trkpt lat="44.8828050" lon="8.9740440">
<ele>289.499023</ele>
<time>2010-09-09T09:17:11.096Z</time>
</trkpt>
<trkpt lat="44.8828970" lon="8.9740440">
<ele>289.011353</ele>
<time>2010-09-09T09:17:19.097Z</time>
</trkpt>
<trkpt lat="44.8829880" lon="8.9740540">
<ele>289.011353</ele>
<time>2010-09-09T09:17:38.003Z</time>
</trkpt>
<trkpt lat="44.8830870" lon="8.9740650">
<ele>289.011353</ele>
<time>2010-09-09T09:17:49.001Z</time>
</trkpt>
<trkpt lat="44.8831330" lon="8.9741510">
<ele>287.578796</ele>
<time>2010-09-09T09:17:58.004Z</time>
</trkpt>
<trkpt lat="44.8830700" lon="8.9742500">
<ele>286.603424</ele>
<time>2010-09-09T09:18:32.003Z</time>
</trkpt>
<trkpt lat="44.8830000" lon="8.9743200">
<ele>286.603424</ele>
<time>2010-09-09T09:18:40.003Z</time>
</trkpt>
<trkpt lat="44.8829200" lon="8.9743800">
<ele>285.658569</ele>
<time>2010-09-09T09:18:48.004Z</time>
</trkpt>
<trkpt lat="44.8828400" lon="8.9744500">
<ele>285.658569</ele>
<time>2010-09-09T09:18:55.096Z</time>
</trkpt>
<trkpt lat="44.8827600" lon="8.9745200">
<ele>285.170868</ele>
<time>2010-09-09T09:19:03.096Z</time>
</trkpt>
<trkpt lat="44.8826700" lon="8.9745900">
<ele>284.195526</ele>
<time>2010-09-09T09:19:11.097Z</time>
</trkpt>
<trkpt lat="44.8826000" lon="8.9746700">
<ele>284.195526</ele>
<time>2010-09-09T09:19:19.098Z</time>
</trkpt>
<trkpt lat="44.8825100" lon="8.9747400">
<ele>283.250641</ele>
<time>2010-09-09T09:19:27.098Z</time>
</trkpt>
<trkpt lat="44.8824300" lon="8.9748000">
<ele>282.275269</ele>
<time>2010-09-09T09:19:35.099Z</time>
</trkpt>
<trkpt lat="44.8823500" lon="8.9748700">
<ele>280.842712</ele>
<time>2010-09-09T09:19:44.000Z</time>
</trkpt>
<trkpt lat="44.8822570" lon="8.9749660">
<ele>280.355042</ele>
<time>2010-09-09T09:19:52.000Z</time>
</trkpt>
<trkpt lat="44.8821880" lon="8.9750520">
<ele>279.867371</ele>
<time>2010-09-09T09:20:00.001Z</time>
</trkpt>
<trkpt lat="44.8821300" lon="8.9751300">
<ele>278.922485</ele>
<time>2010-09-09T09:20:08.002Z</time>
</trkpt>
<trkpt lat="44.8821100" lon="8.9752800">
<ele>277.947113</ele>
<time>2010-09-09T09:20:16.002Z</time>
</trkpt>
<trkpt lat="44.8821300" lon="8.9754100">
<ele>277.002228</ele>
<time>2010-09-09T09:20:23.001Z</time>
</trkpt>
<trkpt lat="44.8822190" lon="8.9754910">
<ele>276.026886</ele>
<time>2010-09-09T09:20:31.001Z</time>
</trkpt>
<trkpt lat="44.8823100" lon="8.9755230">
<ele>275.569672</ele>
<time>2010-09-09T09:20:38.000Z</time>
</trkpt>
<trkpt lat="44.8824020" lon="8.9755660">
<ele>275.082001</ele>
<time>2010-09-09T09:20:44.098Z</time>
</trkpt>
<trkpt lat="44.8824930" lon="8.9756090">
<ele>274.106628</ele>
<time>2010-09-09T09:20:54.001Z</time>
</trkpt>
<trkpt lat="44.8825770" lon="8.9757050">
<ele>273.618958</ele>
<time>2010-09-09T09:21:00.099Z</time>
</trkpt>
<trkpt lat="44.8826200" lon="8.9758500">
<ele>273.161774</ele>
<time>2010-09-09T09:21:09.000Z</time>
</trkpt>
<trkpt lat="44.8826800" lon="8.9759300">
<ele>272.674072</ele>
<time>2010-09-09T09:21:18.096Z</time>
</trkpt>
<trkpt lat="44.8827300" lon="8.9761000">
<ele>270.753845</ele>
<time>2010-09-09T09:21:57.097Z</time>
</trkpt>
<trkpt lat="44.8827500" lon="8.9762200">
<ele>268.345917</ele>
<time>2010-09-09T09:22:05.098Z</time>
</trkpt>
<trkpt lat="44.8827700" lon="8.9763500">
<ele>266.913361</ele>
<time>2010-09-09T09:22:13.099Z</time>
</trkpt>
<trkpt lat="44.8827910" lon="8.9764770">
<ele>264.993134</ele>
<time>2010-09-09T09:22:21.099Z</time>
</trkpt>
<trkpt lat="44.8828000" lon="8.9766000">
<ele>264.505432</ele>
<time>2010-09-09T09:22:31.002Z</time>
</trkpt>
<trkpt lat="44.8828210" lon="8.9767130">
<ele>262.585205</ele>
<time>2010-09-09T09:23:14.097Z</time>
</trkpt>
<trkpt lat="44.8828290" lon="8.9768740">
<ele>261.609833</ele>
<time>2010-09-09T09:23:25.096Z</time>
</trkpt>
<trkpt lat="44.8828700" lon="8.9769800">
<ele>260.664978</ele>
<time>2010-09-09T09:23:34.099Z</time>
</trkpt>
<trkpt lat="44.8828800" lon="8.9771000">
<ele>259.201935</ele>
<time>2010-09-09T09:23:42.099Z</time>
</trkpt>
<trkpt lat="44.8829100" lon="8.9772300">
<ele>257.281677</ele>
<time>2010-09-09T09:23:52.002Z</time>
</trkpt>
<trkpt lat="44.8829660" lon="8.9773670">
<ele>255.849121</ele>
<time>2010-09-09T09:24:00.003Z</time>
</trkpt>
<trkpt lat="44.8830040" lon="8.9774850">
<ele>254.873764</ele>
<time>2010-09-09T09:24:08.004Z</time>
</trkpt>
<trkpt lat="44.8830400" lon="8.9775900">
<ele>252.496323</ele>
<time>2010-09-09T09:24:16.098Z</time>
</trkpt>
<trkpt lat="44.8830900" lon="8.9777300">
<ele>251.033279</ele>
<time>2010-09-09T09:24:34.001Z</time>
</trkpt>
<trkpt lat="44.8831200" lon="8.9778500">
<ele>250.088394</ele>
<time>2010-09-09T09:24:42.002Z</time>
</trkpt>
<trkpt lat="44.8831490" lon="8.9779780">
<ele>249.113037</ele>
<time>2010-09-09T09:24:50.003Z</time>
</trkpt>
<trkpt lat="44.8831950" lon="8.9781070">
<ele>247.680466</ele>
<time>2010-09-09T09:24:58.003Z</time>
</trkpt>
<trkpt lat="44.8832250" lon="8.9782240">
<ele>246.247925</ele>
<time>2010-09-09T09:25:06.004Z</time>
</trkpt>
<trkpt lat="44.8832700" lon="8.9783400">
<ele>244.784866</ele>
<time>2010-09-09T09:25:13.002Z</time>
</trkpt>
<trkpt lat="44.8833000" lon="8.9784600">
<ele>242.864639</ele>
<time>2010-09-09T09:25:21.003Z</time>
</trkpt>
<trkpt lat="44.8833300" lon="8.9785900">
<ele>241.432068</ele>
<time>2010-09-09T09:25:29.004Z</time>
</trkpt>
<trkpt lat="44.8833600" lon="8.9787100">
<ele>240.944397</ele>
<time>2010-09-09T09:25:37.004Z</time>
</trkpt>
<trkpt lat="44.8834000" lon="8.9788300">
<ele>239.511841</ele>
<time>2010-09-09T09:25:52.097Z</time>
</trkpt>
<trkpt lat="44.8834400" lon="8.9789500">
<ele>238.536469</ele>
<time>2010-09-09T09:26:07.096Z</time>
</trkpt>
<trkpt lat="44.8834800" lon="8.9790800">
<ele>237.103928</ele>
<time>2010-09-09T09:26:15.096Z</time>
</trkpt>
<trkpt lat="44.8835100" lon="8.9792100">
<ele>236.616241</ele>
<time>2010-09-09T09:26:23.097Z</time>
</trkpt>
<trkpt lat="44.8835300" lon="8.9793400">
<ele>234.208328</ele>
<time>2010-09-09T09:26:31.098Z</time>
</trkpt>
<trkpt lat="44.8835500" lon="8.9794600">
<ele>232.775757</ele>
<time>2010-09-09T09:26:43.099Z</time>
</trkpt>
<trkpt lat="44.8836000" lon="8.9795800">
<ele>231.343201</ele>
<time>2010-09-09T09:26:57.002Z</time>
</trkpt>
<trkpt lat="44.8835910" lon="8.9796610">
<ele>231.343201</ele>
<time>2010-09-09T09:27:18.099Z</time>
</trkpt>
<trkpt lat="44.8836400" lon="8.9797600">
<ele>229.880157</ele>
<time>2010-09-09T09:27:29.098Z</time>
</trkpt>
<trkpt lat="44.8836700" lon="8.9798800">
<ele>228.935272</ele>
<time>2010-09-09T09:27:37.099Z</time>
</trkpt>
<trkpt lat="44.8837000" lon="8.9800100">
<ele>227.502731</ele>
<time>2010-09-09T09:27:45.099Z</time>
</trkpt>
<trkpt lat="44.8837400" lon="8.9801400">
<ele>225.552002</ele>
<time>2010-09-09T09:27:54.000Z</time>
</trkpt>
<trkpt lat="44.8837800" lon="8.9802600">
<ele>224.119431</ele>
<time>2010-09-09T09:28:00.098Z</time>
</trkpt>
<trkpt lat="44.8838100" lon="8.9803800">
<ele>223.174561</ele>
<time>2010-09-09T09:28:08.099Z</time>
</trkpt>
<trkpt lat="44.8838500" lon="8.9804900">
<ele>221.711533</ele>
<time>2010-09-09T09:28:15.097Z</time>
</trkpt>
<trkpt lat="44.8838800" lon="8.9806200">
<ele>218.846405</ele>
<time>2010-09-09T09:28:23.098Z</time>
</trkpt>
<trkpt lat="44.8839200" lon="8.9807400">
<ele>217.871033</ele>
<time>2010-09-09T09:28:31.099Z</time>
</trkpt>
<trkpt lat="44.8839500" lon="8.9808600">
<ele>216.438477</ele>
<time>2010-09-09T09:28:39.099Z</time>
</trkpt>
<trkpt lat="44.8839950" lon="8.9809900">
<ele>214.518234</ele>
<time>2010-09-09T09:28:48.000Z</time>
</trkpt>
<trkpt lat="44.8840340" lon="8.9810970">
<ele>212.598007</ele>
<time>2010-09-09T09:28:56.001Z</time>
</trkpt>
<trkpt lat="44.8840720" lon="8.9812150">
<ele>211.622635</ele>
<time>2010-09-09T09:29:04.001Z</time>
</trkpt>
<trkpt lat="44.8841170" lon="8.9813440">
<ele>209.702393</ele>
<time>2010-09-09T09:29:12.002Z</time>
</trkpt>
<trkpt lat="44.8841500" lon="8.9814500">
<ele>208.269836</ele>
<time>2010-09-09T09:29:20.096Z</time>
</trkpt>
<trkpt lat="44.8841780" lon="8.9815370">
<ele>206.349594</ele>
<time>2010-09-09T09:29:51.003Z</time>
</trkpt>
<trkpt lat="44.8842550" lon="8.9816980">
<ele>206.349594</ele>
<time>2010-09-09T09:29:59.004Z</time>
</trkpt>
<trkpt lat="44.8843310" lon="8.9817940">
<ele>206.349594</ele>
<time>2010-09-09T09:30:07.004Z</time>
</trkpt>
<trkpt lat="44.8844000" lon="8.9819230">
<ele>204.886566</ele>
<time>2010-09-09T09:30:15.098Z</time>
</trkpt>
<trkpt lat="44.8844830" lon="8.9819980">
<ele>203.453995</ele>
<time>2010-09-09T09:30:32.000Z</time>
</trkpt>
<trkpt lat="44.8845670" lon="8.9820410">
<ele>202.021439</ele>
<time>2010-09-09T09:30:49.097Z</time>
</trkpt>
<trkpt lat="44.8846660" lon="8.9820940">
<ele>201.046066</ele>
<time>2010-09-09T09:31:04.002Z</time>
</trkpt>
<trkpt lat="44.8847580" lon="8.9821480">
<ele>199.125839</ele>
<time>2010-09-09T09:31:12.003Z</time>
</trkpt>
<trkpt lat="44.8848640" lon="8.9822120">
<ele>197.693268</ele>
<time>2010-09-09T09:31:20.004Z</time>
</trkpt>
<trkpt lat="44.8849480" lon="8.9822760">
<ele>196.717926</ele>
<time>2010-09-09T09:31:28.004Z</time>
</trkpt>
<trkpt lat="44.8850320" lon="8.9823190">
<ele>195.285370</ele>
<time>2010-09-09T09:31:36.098Z</time>
</trkpt>
<trkpt lat="44.8851010" lon="8.9823620">
<ele>191.932556</ele>
<time>2010-09-09T09:31:47.004Z</time>
</trkpt>
<trkpt lat="44.8851850" lon="8.9824160">
<ele>190.957199</ele>
<time>2010-09-09T09:32:03.098Z</time>
</trkpt>
<trkpt lat="44.8852680" lon="8.9824800">
<ele>190.469528</ele>
<time>2010-09-09T09:32:14.097Z</time>
</trkpt>
<trkpt lat="44.8853670" lon="8.9825330">
<ele>189.524643</ele>
<time>2010-09-09T09:32:24.000Z</time>
</trkpt>
<trkpt lat="44.8854670" lon="8.9825760">
<ele>189.036957</ele>
<time>2010-09-09T09:32:32.001Z</time>
</trkpt>
<trkpt lat="44.8855500" lon="8.9826410">
<ele>186.629044</ele>
<time>2010-09-09T09:32:40.001Z</time>
</trkpt>
<trkpt lat="44.8856490" lon="8.9827050">
<ele>185.196472</ele>
<time>2010-09-09T09:32:48.002Z</time>
</trkpt>
<trkpt lat="44.8857180" lon="8.9827580">
<ele>183.763931</ele>
<time>2010-09-09T09:32:56.003Z</time>
</trkpt>
<trkpt lat="44.8857870" lon="8.9828120">
<ele>182.788559</ele>
<time>2010-09-09T09:33:04.097Z</time>
</trkpt>
<trkpt lat="44.8858250" lon="8.9828760">
<ele>181.356003</ele>
<time>2010-09-09T09:33:14.000Z</time>
</trkpt>
<trkpt lat="44.8858710" lon="8.9829410">
<ele>179.892960</ele>
<time>2010-09-09T09:33:24.098Z</time>
</trkpt>
<trkpt lat="44.8859770" lon="8.9829730">
<ele>178.460403</ele>
<time>2010-09-09T09:34:17.096Z</time>
</trkpt>
<trkpt lat="44.8860380" lon="8.9829410">
<ele>177.972733</ele>
<time>2010-09-09T09:34:29.097Z</time>
</trkpt>
<trkpt lat="44.8860760" lon="8.9828870">
<ele>178.460403</ele>
<time>2010-09-09T09:34:37.004Z</time>
</trkpt>
<trkpt lat="44.8861370" lon="8.9828120">
<ele>178.460403</ele>
<time>2010-09-09T09:34:48.096Z</time>
</trkpt>
<trkpt lat="44.8861830" lon="8.9827260">
<ele>177.972733</ele>
<time>2010-09-09T09:34:57.099Z</time>
</trkpt>
<trkpt lat="44.8862290" lon="8.9826300">
<ele>177.972733</ele>
<time>2010-09-09T09:35:11.003Z</time>
</trkpt>
<trkpt lat="44.8862970" lon="8.9825330">
<ele>177.972733</ele>
<time>2010-09-09T09:35:26.002Z</time>
</trkpt>
<trkpt lat="44.8863730" lon="8.9824150">
<ele>179.435760</ele>
<time>2010-09-09T09:35:35.098Z</time>
</trkpt>
<trkpt lat="44.8864500" lon="8.9824040">
<ele>178.948074</ele>
<time>2010-09-09T09:35:46.097Z</time>
</trkpt>
<trkpt lat="44.8865560" lon="8.9825010">
<ele>178.460403</ele>
<time>2010-09-09T09:35:57.002Z</time>
</trkpt>
<trkpt lat="44.8866400" lon="8.9826190">
<ele>177.972733</ele>
<time>2010-09-09T09:36:08.001Z</time>
</trkpt>
<trkpt lat="44.8867090" lon="8.9826940">
<ele>178.460403</ele>
<time>2010-09-09T09:36:17.097Z</time>
</trkpt>
<trkpt lat="44.8867770" lon="8.9828010">
<ele>177.972733</ele>
<time>2010-09-09T09:36:40.003Z</time>
</trkpt>
</trkseg>
</trk>
</gpx>
